(21:29:51) INFO:    [Legendary]:        Legendary location: /opt/Heroic/resources/app.asar.unpacked/build/bin/x64/linux/legendary
(21:29:51) INFO:    [Gog]:              GOGDL location: /opt/Heroic/resources/app.asar.unpacked/build/bin/x64/linux/gogdl
(21:29:51) INFO:    [Connection]:       Connectivity: check-online
(21:29:51) INFO:    [Connection]:       Pinging external endpoints
(21:29:51) INFO:    [Gog]:              Checking for existing gog manifests
(21:29:51) WARNING: [Backend]:          Protocol already registered.
(21:29:52) INFO:    [Connection]:       Connectivity: online
(21:29:52) INFO:    [Backend]:          User Not Found, removing it from Store
(21:29:52) ERROR:   [Gog]:              Unable to syncQueued playtime, userData not present
(21:29:52) INFO:    [Gog]:              Running command: GOGDL_CONFIG_PATH=/home/strobelt/.config/heroic/gogdlConfig /opt/Heroic/resources/app.asar.unpacked/build/bin/x64/linux/gogdl --auth-config-path /home/strobelt/.config/heroic/gog_store/auth.json auth
(21:29:52) INFO:    [Backend]:          Frontend Ready
(21:29:52) INFO:    [Backend]:          AreWeAntiCheatYet data downloaded
(21:29:52) INFO:    [Backend]:          Checking for new Heroic Updates
(21:29:52) INFO:    [Backend]:          Checking for current version changelog
(21:29:52) INFO:    [Frontend]:         Updated to a new version, cleaaning up the cache.
(21:29:52) INFO:    [Legendary]:        Running command: LEGENDARY_CONFIG_PATH=/home/strobelt/.config/heroic/legendaryConfig/legendary /opt/Heroic/resources/app.asar.unpacked/build/bin/x64/linux/legendary cleanup
(21:29:52) INFO:    [Frontend]:         Refreshing undefined Library
(21:29:52) WARNING: [Backend]:          refresh not implemented on Sideload Library Manager
(21:29:52) INFO:    [Legendary]:        Refreshing library...
(21:29:52) INFO:    [Legendary]:        Running command: LEGENDARY_CONFIG_PATH=/home/strobelt/.config/heroic/legendaryConfig/legendary /opt/Heroic/resources/app.asar.unpacked/build/bin/x64/linux/legendary --version
(21:29:52) INFO:    [Gog]:              Running command: GOGDL_CONFIG_PATH=/home/strobelt/.config/heroic/gogdlConfig /opt/Heroic/resources/app.asar.unpacked/build/bin/x64/linux/gogdl --auth-config-path /home/strobelt/.config/heroic/gog_store/auth.json --version
(21:29:52) INFO:    [Nile]:             Running command: NILE_CONFIG_PATH=/home/strobelt/.config/heroic/nile_config /opt/Heroic/resources/app.asar.unpacked/build/bin/x64/linux/nile --version
(21:29:53) INFO:    [Backend]:          
System Information:
CPU: 8x Intel(R) Core(TM) i7-6700K CPU @ 4.00GHz
Memory: 16.68 GB (used: 5.35 GB)
GPUs:
  GPU 0:
    Name: NVIDIA Corporation TU104 [GeForce RTX 2060]
    IDs: D=1e89 V=10de SD=3fc1 SV=1458
    Driver: nvidia
OS: Arch Linux 6.10.2-arch1-1 (linux)

The current system is not a Steam Deck
We are not running inside a Flatpak container

Software Versions:
  Heroic: 2.15.1 Emeth
  Legendary: 0.20.35 Lowlife (Heroic)
  gogdl: 1.1.1
  comet: comet 0.1.2

  Nile: 1.1.1 Will A. Zeppeli

(21:29:54) INFO:    [Winetricks]:       Downloading Winetricks
(21:29:54) INFO:    [DXVKInstaller]:    Updating vkd3d to: vkd3d-proton-2.13
(21:29:54) INFO:    [DXVKInstaller]:    Updating dxvk to: dxvk-2.4
(21:29:54) INFO:    [DXVKInstaller]:    Updating dxvk-nvapi to: dxvk-nvapi-v0.7.1
(21:29:56) INFO:    [WineDownloader]:   Updating wine versions info
(21:29:56) INFO:    [WineDownloader]:   Fetching upstream information...
(21:29:57) INFO:    [Backend]:          Starting the Download Queue
(21:29:58) INFO:    [DownloadManager]:  Downloader: Finished downloading https://github.com/Heroic-Games-Launcher/vkd3d-proton/releases/download/v2.13/vkd3d-proton-2.13.tar.xz
(21:29:58) INFO:    [DXVKInstaller]:    Downloaded vkd3d, extracting...
(21:29:58) INFO:    [WineDownloader]:   wine versions updated
(21:29:58) INFO:    [DXVKInstaller]:    vkd3d updated!
(21:29:58) INFO:    [DownloadManager]:  Downloader: Finished downloading https://github.com/doitsujin/dxvk/releases/download/v2.4/dxvk-2.4.tar.gz
(21:29:58) INFO:    [DXVKInstaller]:    Downloaded dxvk, extracting...
(21:29:58) INFO:    [DownloadManager]:  Downloader: Finished downloading https://github.com/jp7677/dxvk-nvapi/releases/download/v0.7.1/dxvk-nvapi-v0.7.1.tar.gz
(21:29:58) INFO:    [DXVKInstaller]:    Downloaded dxvk-nvapi, extracting...
(21:29:58) INFO:    [DXVKInstaller]:    dxvk-nvapi updated!
(21:29:58) INFO:    [DXVKInstaller]:    dxvk updated!
(21:31:05) INFO:    [Gog]:              Logging using GOG credentials
(21:31:05) INFO:    [Gog]:              Running command: GOGDL_CONFIG_PATH=/home/strobelt/.config/heroic/gogdlConfig /opt/Heroic/resources/app.asar.unpacked/build/bin/x64/linux/gogdl --auth-config-path /home/strobelt/.config/heroic/gog_store/auth.json auth --code <redacted>
(21:31:06) INFO:    [Gog]:              Login Successful
(21:31:06) INFO:    [Gog]:              Checking if login is valid
(21:31:06) INFO:    [Gog]:              Running command: GOGDL_CONFIG_PATH=/home/strobelt/.config/heroic/gogdlConfig /opt/Heroic/resources/app.asar.unpacked/build/bin/x64/linux/gogdl --auth-config-path /home/strobelt/.config/heroic/gog_store/auth.json auth
(21:31:07) INFO:    [Gog]:              Saved username to config file
(21:31:07) INFO:    [Frontend]:         Refreshing gog Library
(21:31:07) INFO:    [Gog]:              Running command: GOGDL_CONFIG_PATH=/home/strobelt/.config/heroic/gogdlConfig /opt/Heroic/resources/app.asar.unpacked/build/bin/x64/linux/gogdl --auth-config-path /home/strobelt/.config/heroic/gog_store/auth.json auth
(21:31:08) INFO:    [Gog]:              Getting GOG library
(21:31:08) INFO:    [Gog]:              Running command: GOGDL_CONFIG_PATH=/home/strobelt/.config/heroic/gogdlConfig /opt/Heroic/resources/app.asar.unpacked/build/bin/x64/linux/gogdl --auth-config-path /home/strobelt/.config/heroic/gog_store/auth.json auth
(21:31:17) INFO:    [Gog]:              Saved games data
(21:31:17) INFO:    [Frontend]:         No cache found, getting data from gog...
(21:31:17) INFO:    [Gog]:              Running command: GOGDL_CONFIG_PATH=/home/strobelt/.config/heroic/gogdlConfig /opt/Heroic/resources/app.asar.unpacked/build/bin/x64/linux/gogdl --auth-config-path /home/strobelt/.config/heroic/gog_store/auth.json auth
(21:31:18) INFO:    [Gog]:              Getting GOG library
(21:31:18) INFO:    [Gog]:              Running command: GOGDL_CONFIG_PATH=/home/strobelt/.config/heroic/gogdlConfig /opt/Heroic/resources/app.asar.unpacked/build/bin/x64/linux/gogdl --auth-config-path /home/strobelt/.config/heroic/gog_store/auth.json auth
(21:31:19) INFO:    [Gog]:              Saved games data
(21:31:28) INFO:    [Gog]:              Running command: GOGDL_CONFIG_PATH=/home/strobelt/.config/heroic/gogdlConfig /opt/Heroic/resources/app.asar.unpacked/build/bin/x64/linux/gogdl --auth-config-path /home/strobelt/.config/heroic/gog_store/auth.json auth
(21:31:28) INFO:    [Gog]:              Getting game metadata: GOGDL_CONFIG_PATH=/home/strobelt/.config/heroic/gogdlConfig /opt/Heroic/resources/app.asar.unpacked/build/bin/x64/linux/gogdl --auth-config-path /home/strobelt/.config/heroic/gog_store/auth.json info 2102122491 --os windows
(21:31:36) INFO:    [Backend]:          Writing config for 2102122491
(21:31:36) INFO:    [Backend]:          Changed config: winePrefix from /home/strobelt/Games/Heroic/Prefixes/default to /home/strobelt/Games/Heroic/Prefixes/default/Gloomhaven
(21:31:36) INFO:    [Backend]:          Changed config: wineCrossoverBottle from undefined to 
(21:31:36) INFO:    [Gog]:              Got install info from cache for 2102122491 on windows platform
(21:31:36) INFO:    [DownloadManager]:  Gloomhaven  was added to the download queue.
(21:31:36) INFO:    [Gog]:              Updating GOG redistributables
(21:31:36) INFO:    [Gog]:              GOG REDIST:: GOGDL_CONFIG_PATH=/home/strobelt/.config/heroic/gogdlConfig /opt/Heroic/resources/app.asar.unpacked/build/bin/x64/linux/gogdl --auth-config-path /home/strobelt/.config/heroic/gog_store/auth.json redist --ids ISI,DirectX,MSVC2019_x64,MSVC2017_x64,MSVC2015_x64,dotNet47 --path /home/strobelt/.config/heroic/tools/redist/gog
(21:31:36) DEBUG:   [Gog]:              Logging to file "/home/strobelt/.config/heroic/GamesConfig/gog-redist.log"
(21:31:36) INFO:    [Backend]:          Preventing machine to sleep
(21:31:41) INFO:    [Gog]:              Progress for Galaxy Common Redistributables: 0.5%/0.00MB/00:00:00 Down: 0.01MB/s / Disk: 0.81MB/s
(21:31:42) INFO:    [Gog]:              Progress for Galaxy Common Redistributables: 0.5%/39.50MB/00:10:46 Down: 0.27MB/s / Disk: 0.19MB/s
(21:31:43) INFO:    [Gog]:              Progress for Galaxy Common Redistributables: 0.5%/39.50MB/00:14:04 Down: 0.26MB/s / Disk: 0MB/s
(21:31:44) INFO:    [Gog]:              Progress for Galaxy Common Redistributables: 0.5%/39.50MB/00:17:22 Down: 0.09MB/s / Disk: 0MB/s
(21:31:45) INFO:    [Gog]:              Progress for Galaxy Common Redistributables: 0.5%/39.59MB/00:20:40 Down: 0.17MB/s / Disk: 0MB/s
(21:31:46) INFO:    [Gog]:              Progress for Galaxy Common Redistributables: 0.5%/39.59MB/00:23:58 Down: 0.5MB/s / Disk: 0MB/s
(21:31:47) INFO:    [Gog]:              Progress for Galaxy Common Redistributables: 0.5%/39.59MB/00:27:16 Down: 0.04MB/s / Disk: 0MB/s
(21:31:49) INFO:    [Gog]:              Progress for Galaxy Common Redistributables: 18%/57.14MB/00:00:45 Down: 18.04MB/s / Disk: 24.86MB/s
(21:31:50) INFO:    [Gog]:              Progress for Galaxy Common Redistributables: 18%/70.31MB/00:00:49 Down: 0.5MB/s / Disk: 0MB/s
(21:31:51) INFO:    [Gog]:              Progress for Galaxy Common Redistributables: 18%/79.58MB/00:00:54 Down: 0.5MB/s / Disk: 0MB/s
(21:31:52) INFO:    [Gog]:              Progress for Galaxy Common Redistributables: 26.07%/96.07MB/00:00:36 Down: 10.97MB/s / Disk: 17.8MB/s
(21:31:53) INFO:    [Gog]:              Progress for Galaxy Common Redistributables: 41.82%/127.10MB/00:00:20 Down: 15.28MB/s / Disk: 21.93MB/s
(21:31:54) INFO:    [Gog]:              Progress for Galaxy Common Redistributables: 41.82%/127.10MB/00:00:21 Down: 0.13MB/s / Disk: 0MB/s
(21:31:55) INFO:    [Gog]:              Progress for Galaxy Common Redistributables: 41.82%/142.64MB/00:00:23 Down: 0.5MB/s / Disk: 0MB/s
(21:31:56) INFO:    [Gog]:              Progress for Galaxy Common Redistributables: 41.82%/142.64MB/00:00:24 Down: 0.5MB/s / Disk: 0MB/s
(21:31:57) INFO:    [Gog]:              Progress for Galaxy Common Redistributables: 41.82%/142.64MB/00:00:26 Down: 0.04MB/s / Disk: 0MB/s
(21:31:58) INFO:    [Gog]:              Progress for Galaxy Common Redistributables: 41.82%/142.64MB/00:00:27 Down: 0.22MB/s / Disk: 0MB/s
(21:31:59) INFO:    [Gog]:              Progress for Galaxy Common Redistributables: 41.82%/142.64MB/00:00:28 Down: 0.5MB/s / Disk: 0MB/s
(21:32:00) INFO:    [Gog]:              Progress for Galaxy Common Redistributables: 41.82%/142.64MB/00:00:30 Down: 0.5MB/s / Disk: 0MB/s
(21:32:01) INFO:    [Gog]:              Progress for Galaxy Common Redistributables: 41.82%/142.64MB/00:00:31 Down: 0.18MB/s / Disk: 0MB/s
(21:32:02) INFO:    [Gog]:              Progress for Galaxy Common Redistributables: 41.82%/142.64MB/00:00:33 Down: 0.5MB/s / Disk: 0MB/s
(21:32:04) INFO:    [Gog]:              Progress for Galaxy Common Redistributables: 54.45%/152.56MB/00:00:21 Down: 6.02MB/s / Disk: 18.12MB/s
(21:32:05) INFO:    [Gog]:              Progress for Galaxy Common Redistributables: 54.45%/152.56MB/00:00:22 Down: 0.5MB/s / Disk: 0MB/s
(21:32:06) INFO:    [Gog]:              Progress for Galaxy Common Redistributables: 54.45%/152.56MB/00:00:22 Down: 0.5MB/s / Disk: 0MB/s
(21:32:07) INFO:    [Gog]:              Progress for Galaxy Common Redistributables: 54.45%/152.56MB/00:00:23 Down: 0.3MB/s / Disk: 0MB/s
(21:32:08) INFO:    [Gog]:              Progress for Galaxy Common Redistributables: 54.45%/152.56MB/00:00:24 Down: 0.5MB/s / Disk: 0MB/s
(21:32:09) INFO:    [Gog]:              Progress for Galaxy Common Redistributables: 54.45%/152.56MB/00:00:25 Down: 0.5MB/s / Disk: 0MB/s
(21:32:10) INFO:    [Gog]:              Progress for Galaxy Common Redistributables: 54.45%/152.56MB/00:00:26 Down: 0.37MB/s / Disk: 0MB/s
(21:32:11) INFO:    [Gog]:              Progress for Galaxy Common Redistributables: 54.45%/152.56MB/00:00:27 Down: 0.22MB/s / Disk: 0MB/s
(21:32:12) INFO:    [Gog]:              Progress for Galaxy Common Redistributables: 54.45%/152.56MB/00:00:27 Down: 0.49MB/s / Disk: 0MB/s
(21:32:13) INFO:    [Gog]:              Progress for Galaxy Common Redistributables: 54.45%/152.56MB/00:00:28 Down: 0.5MB/s / Disk: 0MB/s
(21:32:14) INFO:    [Gog]:              Progress for Galaxy Common Redistributables: 54.45%/152.56MB/00:00:29 Down: 0.26MB/s / Disk: 0MB/s
(21:32:15) INFO:    [Gog]:              Progress for Galaxy Common Redistributables: 54.45%/152.56MB/00:00:30 Down: 0.5MB/s / Disk: 0MB/s
(21:32:16) INFO:    [Gog]:              Progress for Galaxy Common Redistributables: 54.45%/152.56MB/00:00:31 Down: 0.03MB/s / Disk: 0MB/s
(21:32:17) INFO:    [Gog]:              Progress for Galaxy Common Redistributables: 54.45%/152.56MB/00:00:32 Down: 0.26MB/s / Disk: 0MB/s
(21:32:18) INFO:    [Gog]:              Progress for Galaxy Common Redistributables: 54.45%/152.56MB/00:00:32 Down: 0.5MB/s / Disk: 0MB/s
(21:32:19) INFO:    [Gog]:              Progress for Galaxy Common Redistributables: 54.45%/152.56MB/00:00:33 Down: 0.28MB/s / Disk: 0MB/s
(21:32:20) INFO:    [Gog]:              Progress for Galaxy Common Redistributables: 54.45%/152.56MB/00:00:34 Down: 0.5MB/s / Disk: 0MB/s
(21:32:21) INFO:    [Gog]:              Progress for Galaxy Common Redistributables: 54.45%/152.56MB/00:00:35 Down: 0.12MB/s / Disk: 0MB/s
(21:32:22) INFO:    [Gog]:              Progress for Galaxy Common Redistributables: 54.45%/152.56MB/00:00:36 Down: 0.19MB/s / Disk: 0MB/s
(21:32:23) INFO:    [Gog]:              Progress for Galaxy Common Redistributables: 54.45%/152.56MB/00:00:37 Down: 0.5MB/s / Disk: 0MB/s
(21:32:24) INFO:    [Gog]:              Progress for Galaxy Common Redistributables: 54.45%/152.56MB/00:00:38 Down: 0.5MB/s / Disk: 0MB/s
(21:32:25) INFO:    [Gog]:              Progress for Galaxy Common Redistributables: 54.45%/152.56MB/00:00:38 Down: 0.5MB/s / Disk: 0MB/s
(21:32:27) INFO:    [Gog]:              Progress for Galaxy Common Redistributables: 69.42%/162.56MB/00:00:21 Down: 9.26MB/s / Disk: 20.76MB/s
(21:32:28) INFO:    [Gog]:              Progress for Galaxy Common Redistributables: 73.62%/186.55MB/00:00:17 Down: 4.68MB/s / Disk: 16.39MB/s
(21:32:29) INFO:    [Gog]:              Progress for Galaxy Common Redistributables: 100%/186.55MB/00:00:00 Down: 29.88MB/s / Disk: 73.06MB/s
(21:32:29) INFO:    [DownloadManager]:  gog-redist added to download manager finished.
(21:32:29) INFO:    [DownloadManager]:  gog-redist removed from download manager.
(21:32:29) INFO:    [Gog]:              Running command: GOGDL_CONFIG_PATH=/home/strobelt/.config/heroic/gogdlConfig /opt/Heroic/resources/app.asar.unpacked/build/bin/x64/linux/gogdl --auth-config-path /home/strobelt/.config/heroic/gog_store/auth.json auth
(21:32:29) INFO:    [Frontend]:         Refreshing gog Library
(21:32:29) INFO:    [Gog]:              Running command: GOGDL_CONFIG_PATH=/home/strobelt/.config/heroic/gogdlConfig /opt/Heroic/resources/app.asar.unpacked/build/bin/x64/linux/gogdl --auth-config-path /home/strobelt/.config/heroic/gog_store/auth.json auth
(21:32:29) INFO:    [Backend]:          Preventing machine to sleep
(21:32:29) INFO:    [Gog]:              Installing 2102122491: GOGDL_CONFIG_PATH=/home/strobelt/.config/heroic/gogdlConfig /opt/Heroic/resources/app.asar.unpacked/build/bin/x64/linux/gogdl --auth-config-path /home/strobelt/.config/heroic/gog_store/auth.json download 2102122491 --platform windows --path /home/strobelt/Games/Heroic --support /home/strobelt/.config/heroic/gogdlConfig/heroic_gogdl/gog-support/2102122491 --with-dlcs --dlcs 1938055224,1855458475,1590284319 --lang en-US
(21:32:29) DEBUG:   [Gog]:              Logging to file "/home/strobelt/.config/heroic/GamesConfig/2102122491.log"
(21:32:29) INFO:    [Gog]:              Getting GOG library
(21:32:29) INFO:    [Gog]:              Running command: GOGDL_CONFIG_PATH=/home/strobelt/.config/heroic/gogdlConfig /opt/Heroic/resources/app.asar.unpacked/build/bin/x64/linux/gogdl --auth-config-path /home/strobelt/.config/heroic/gog_store/auth.json auth
(21:32:31) INFO:    [Gog]:              Saved games data
(21:32:31) WARNING: [Backend]:          listUpdateableGames not implemented on Sideload Library Manager
(21:32:31) INFO:    [Gog]:              Running command: GOGDL_CONFIG_PATH=/home/strobelt/.config/heroic/gogdlConfig /opt/Heroic/resources/app.asar.unpacked/build/bin/x64/linux/gogdl --auth-config-path /home/strobelt/.config/heroic/gog_store/auth.json auth
(21:32:31) INFO:    [Gog]:              Found 0 game(s) to update
(21:32:38) INFO:    [Gog]:              Progress for Gloomhaven: 0.21%/0.00MB/00:00:00 Down: 15.68MB/s / Disk: 0.83MB/s
(21:32:39) INFO:    [Gog]:              Progress for Gloomhaven: 0.52%/34.38MB/00:10:27 Down: 27.34MB/s / Disk: 51.13MB/s
(21:32:41) INFO:    [Gog]:              Progress for Gloomhaven: 0.7%/69.00MB/00:11:46 Down: 9.19MB/s / Disk: 17.97MB/s
(21:32:42) INFO:    [Gog]:              Progress for Gloomhaven: 0.7%/69.00MB/00:14:08 Down: 0.5MB/s / Disk: 0MB/s
(21:32:43) INFO:    [Gog]:              Progress for Gloomhaven: 0.7%/98.43MB/00:16:30 Down: 0.5MB/s / Disk: 0MB/s
(21:32:44) INFO:    [Gog]:              Progress for Gloomhaven: 0.7%/116.94MB/00:18:52 Down: 0.5MB/s / Disk: 0MB/s
(21:32:45) INFO:    [Gog]:              Progress for Gloomhaven: 0.7%/116.94MB/00:21:14 Down: 0.5MB/s / Disk: 0MB/s
(21:32:46) INFO:    [Gog]:              Progress for Gloomhaven: 0.7%/123.96MB/00:23:37 Down: 0.5MB/s / Disk: 0MB/s
(21:32:47) INFO:    [Gog]:              Progress for Gloomhaven: 0.7%/131.30MB/00:25:59 Down: 0.5MB/s / Disk: 0MB/s
(21:32:48) INFO:    [Gog]:              Progress for Gloomhaven: 0.7%/139.08MB/00:28:21 Down: 0.5MB/s / Disk: 0MB/s
(21:32:49) INFO:    [Gog]:              Progress for Gloomhaven: 0.7%/139.08MB/00:30:43 Down: 0.21MB/s / Disk: 0MB/s
(21:32:50) INFO:    [Gog]:              Progress for Gloomhaven: 0.7%/139.08MB/00:33:06 Down: 0.5MB/s / Disk: 0MB/s
(21:32:51) INFO:    [Gog]:              Progress for Gloomhaven: 0.7%/146.50MB/00:35:28 Down: 0.5MB/s / Disk: 0MB/s
(21:32:52) INFO:    [Gog]:              Progress for Gloomhaven: 0.7%/152.77MB/00:37:50 Down: 0.31MB/s / Disk: 0MB/s
(21:32:53) INFO:    [Gog]:              Progress for Gloomhaven: 0.7%/152.77MB/00:40:12 Down: 0.5MB/s / Disk: 0MB/s
(21:32:54) INFO:    [Gog]:              Progress for Gloomhaven: 0.7%/173.16MB/00:42:35 Down: 0.5MB/s / Disk: 0MB/s
(21:32:55) INFO:    [Gog]:              Progress for Gloomhaven: 0.7%/173.16MB/00:44:57 Down: 0.46MB/s / Disk: 0MB/s
(21:32:56) INFO:    [Gog]:              Progress for Gloomhaven: 0.7%/173.16MB/00:47:19 Down: 0.5MB/s / Disk: 0MB/s
(21:32:57) INFO:    [Gog]:              Progress for Gloomhaven: 0.7%/173.16MB/00:49:41 Down: 0.5MB/s / Disk: 0MB/s
(21:32:58) INFO:    [Gog]:              Progress for Gloomhaven: 0.7%/180.23MB/00:52:04 Down: 0.5MB/s / Disk: 0MB/s
(21:32:59) INFO:    [Gog]:              Progress for Gloomhaven: 0.7%/187.11MB/00:54:26 Down: 0.5MB/s / Disk: 0MB/s
(21:33:01) INFO:    [Gog]:              Progress for Gloomhaven: 1.93%/198.23MB/00:21:08 Down: 52.09MB/s / Disk: 106.52MB/s
(21:33:02) INFO:    [Gog]:              Progress for Gloomhaven: 1.93%/198.23MB/00:21:59 Down: 0.5MB/s / Disk: 0MB/s
(21:33:03) INFO:    [Gog]:              Progress for Gloomhaven: 1.93%/205.57MB/00:22:49 Down: 0.5MB/s / Disk: 0MB/s
(21:33:04) INFO:    [Gog]:              Progress for Gloomhaven: 1.93%/205.57MB/00:23:40 Down: 0.5MB/s / Disk: 0MB/s
(21:33:05) INFO:    [Gog]:              Progress for Gloomhaven: 1.93%/205.57MB/00:24:31 Down: 0.5MB/s / Disk: 0MB/s
(21:33:06) INFO:    [Gog]:              Progress for Gloomhaven: 1.93%/212.80MB/00:25:22 Down: 0.42MB/s / Disk: 0MB/s
(21:33:07) INFO:    [Gog]:              Progress for Gloomhaven: 1.93%/220.02MB/00:26:13 Down: 0.5MB/s / Disk: 0MB/s
(21:33:08) INFO:    [Gog]:              Progress for Gloomhaven: 2.46%/227.65MB/00:21:12 Down: 38.47MB/s / Disk: 80.1MB/s
(21:33:09) INFO:    [Gog]:              Progress for Gloomhaven: 2.46%/227.65MB/00:21:52 Down: 0.5MB/s / Disk: 0MB/s
(21:33:10) INFO:    [Gog]:              Progress for Gloomhaven: 2.46%/227.65MB/00:22:31 Down: 0.5MB/s / Disk: 0MB/s
(21:33:11) INFO:    [Gog]:              Progress for Gloomhaven: 2.46%/227.65MB/00:23:11 Down: 0.5MB/s / Disk: 0MB/s
(21:33:12) INFO:    [Gog]:              Progress for Gloomhaven: 2.46%/241.74MB/00:23:51 Down: 0.5MB/s / Disk: 0MB/s
(21:33:13) INFO:    [Gog]:              Progress for Gloomhaven: 2.46%/241.74MB/00:24:30 Down: 0.5MB/s / Disk: 0MB/s
(21:33:14) INFO:    [Gog]:              Progress for Gloomhaven: 2.46%/241.74MB/00:25:10 Down: 0.5MB/s / Disk: 0MB/s
(21:33:15) INFO:    [Gog]:              Progress for Gloomhaven: 2.46%/241.74MB/00:25:50 Down: 0.5MB/s / Disk: 0MB/s
(21:33:16) INFO:    [Gog]:              Progress for Gloomhaven: 2.46%/255.93MB/00:26:29 Down: 0.5MB/s / Disk: 0MB/s
(21:33:17) INFO:    [Gog]:              Progress for Gloomhaven: 2.64%/262.19MB/00:25:28 Down: 11.88MB/s / Disk: 23.24MB/s
(21:33:18) INFO:    [Gog]:              Progress for Gloomhaven: 2.64%/262.19MB/00:26:05 Down: 0.5MB/s / Disk: 0MB/s
(21:33:20) INFO:    [Gog]:              Progress for Gloomhaven: 2.81%/268.83MB/00:25:10 Down: 10.99MB/s / Disk: 22.62MB/s
(21:33:21) INFO:    [Gog]:              Progress for Gloomhaven: 2.81%/268.83MB/00:25:44 Down: 0.5MB/s / Disk: 0MB/s
(21:33:22) INFO:    [Gog]:              Progress for Gloomhaven: 2.81%/268.83MB/00:26:19 Down: 0.5MB/s / Disk: 0MB/s
(21:33:24) INFO:    [Gog]:              Progress for Gloomhaven: 3.05%/276.29MB/00:25:12 Down: 10.97MB/s / Disk: 21.84MB/s
(21:33:25) INFO:    [Gog]:              Progress for Gloomhaven: 3.05%/276.29MB/00:25:44 Down: 0.5MB/s / Disk: 0MB/s
(21:33:26) INFO:    [Gog]:              Progress for Gloomhaven: 3.05%/284.02MB/00:26:15 Down: 0.5MB/s / Disk: 0MB/s
(21:33:27) INFO:    [Gog]:              Progress for Gloomhaven: 3.05%/284.02MB/00:26:47 Down: 0.5MB/s / Disk: 0MB/s
(21:33:28) INFO:    [Gog]:              Progress for Gloomhaven: 3.05%/284.02MB/00:27:19 Down: 0.5MB/s / Disk: 0MB/s
(21:33:29) INFO:    [Gog]:              Progress for Gloomhaven: 3.05%/284.02MB/00:27:51 Down: 0.5MB/s / Disk: 0MB/s
(21:33:30) INFO:    [Gog]:              Progress for Gloomhaven: 3.05%/284.02MB/00:28:23 Down: 0.5MB/s / Disk: 0MB/s
(21:33:31) INFO:    [Gog]:              Progress for Gloomhaven: 3.05%/284.02MB/00:28:55 Down: 0.5MB/s / Disk: 0MB/s
(21:33:32) INFO:    [Gog]:              Progress for Gloomhaven: 3.05%/284.02MB/00:29:26 Down: 0.5MB/s / Disk: 0MB/s
(21:33:33) INFO:    [Gog]:              Progress for Gloomhaven: 3.05%/284.02MB/00:29:58 Down: 0.5MB/s / Disk: 0MB/s
(21:33:34) INFO:    [Gog]:              Progress for Gloomhaven: 3.05%/291.25MB/00:30:30 Down: 0.5MB/s / Disk: 0MB/s
(21:33:35) INFO:    [Gog]:              Progress for Gloomhaven: 3.05%/298.25MB/00:31:02 Down: 0.5MB/s / Disk: 0MB/s
(21:33:36) INFO:    [Gog]:              Progress for Gloomhaven: 3.05%/298.25MB/00:31:34 Down: 0.5MB/s / Disk: 0MB/s
(21:33:37) INFO:    [Gog]:              Progress for Gloomhaven: 3.05%/298.25MB/00:32:06 Down: 0.5MB/s / Disk: 0MB/s
(21:33:38) INFO:    [Gog]:              Progress for Gloomhaven: 3.05%/298.25MB/00:32:37 Down: 0.5MB/s / Disk: 0MB/s
(21:33:39) INFO:    [Gog]:              Progress for Gloomhaven: 3.05%/298.25MB/00:33:09 Down: 0.48MB/s / Disk: 0MB/s
(21:33:40) INFO:    [Gog]:              Progress for Gloomhaven: 3.29%/305.63MB/00:31:26 Down: 13MB/s / Disk: 26.59MB/s
(21:33:41) INFO:    [Gog]:              Progress for Gloomhaven: 3.29%/305.63MB/00:31:56 Down: 0.5MB/s / Disk: 0MB/s
(21:33:42) INFO:    [Gog]:              Progress for Gloomhaven: 3.29%/312.56MB/00:32:25 Down: 0.5MB/s / Disk: 0MB/s
(21:33:44) INFO:    [Gog]:              Progress for Gloomhaven: 3.4%/319.05MB/00:32:10 Down: 5.4MB/s / Disk: 10.56MB/s
(21:33:45) INFO:    [Gog]:              Progress for Gloomhaven: 3.46%/325.77MB/00:32:11 Down: 4.38MB/s / Disk: 7.97MB/s
(21:33:46) INFO:    [Gog]:              Progress for Gloomhaven: 3.46%/325.77MB/00:32:39 Down: 0.5MB/s / Disk: 0MB/s
(21:33:47) INFO:    [Gog]:              Progress for Gloomhaven: 3.46%/332.94MB/00:33:06 Down: 0.5MB/s / Disk: 0MB/s
(21:33:48) INFO:    [Gog]:              Progress for Gloomhaven: 3.46%/332.94MB/00:33:34 Down: 0.5MB/s / Disk: 0MB/s
(21:33:50) INFO:    [Gog]:              Progress for Gloomhaven: 3.58%/340.16MB/00:33:00 Down: 7.57MB/s / Disk: 15.54MB/s
(21:33:51) INFO:    [Gog]:              Progress for Gloomhaven: 3.58%/340.16MB/00:33:27 Down: 0.5MB/s / Disk: 0MB/s
(21:33:52) INFO:    [Gog]:              Progress for Gloomhaven: 3.58%/347.40MB/00:33:54 Down: 0.5MB/s / Disk: 0MB/s
(21:33:53) INFO:    [Gog]:              Progress for Gloomhaven: 3.58%/362.14MB/00:34:21 Down: 0.5MB/s / Disk: 0MB/s
(21:33:54) INFO:    [Gog]:              Progress for Gloomhaven: 3.82%/383.31MB/00:32:56 Down: 10.8MB/s / Disk: 21.58MB/s
(21:33:55) INFO:    [Gog]:              Progress for Gloomhaven: 3.82%/396.77MB/00:33:21 Down: 0.5MB/s / Disk: 0MB/s
(21:33:56) INFO:    [Gog]:              Progress for Gloomhaven: 3.82%/396.77MB/00:33:47 Down: 0.5MB/s / Disk: 0MB/s
(21:33:57) INFO:    [Gog]:              Progress for Gloomhaven: 3.82%/403.92MB/00:34:12 Down: 0.5MB/s / Disk: 0MB/s
(21:33:58) INFO:    [Gog]:              Progress for Gloomhaven: 3.82%/403.92MB/00:34:37 Down: 0.5MB/s / Disk: 0MB/s
(21:33:59) INFO:    [Gog]:              Progress for Gloomhaven: 3.82%/403.92MB/00:35:02 Down: 0.5MB/s / Disk: 0MB/s
(21:34:00) INFO:    [Gog]:              Progress for Gloomhaven: 3.82%/403.92MB/00:35:28 Down: 0.5MB/s / Disk: 0MB/s
(21:34:02) INFO:    [Gog]:              Progress for Gloomhaven: 3.87%/432.29MB/00:35:34 Down: 3.02MB/s / Disk: 6.19MB/s
(21:34:03) INFO:    [Gog]:              Progress for Gloomhaven: 3.87%/432.29MB/00:35:59 Down: 0.5MB/s / Disk: 0MB/s
(21:34:04) INFO:    [Gog]:              Progress for Gloomhaven: 3.87%/432.29MB/00:36:24 Down: 0.5MB/s / Disk: 0MB/s
(21:34:05) INFO:    [Gog]:              Progress for Gloomhaven: 3.87%/432.29MB/00:36:49 Down: 0.5MB/s / Disk: 0MB/s
(21:34:06) INFO:    [Gog]:              Progress for Gloomhaven: 4.23%/447.77MB/00:34:05 Down: 23.59MB/s / Disk: 48MB/s
(21:34:07) INFO:    [Gog]:              Progress for Gloomhaven: 4.23%/454.91MB/00:34:28 Down: 0.5MB/s / Disk: 0MB/s
(21:34:08) INFO:    [Gog]:              Progress for Gloomhaven: 4.23%/454.91MB/00:34:50 Down: 0.5MB/s / Disk: 0MB/s
(21:34:09) INFO:    [Gog]:              Progress for Gloomhaven: 4.23%/454.91MB/00:35:13 Down: 0.5MB/s / Disk: 0MB/s
(21:34:10) INFO:    [Gog]:              Progress for Gloomhaven: 4.23%/454.91MB/00:35:36 Down: 0.5MB/s / Disk: 0MB/s
(21:34:11) INFO:    [Gog]:              Progress for Gloomhaven: 4.23%/454.91MB/00:35:58 Down: 0.5MB/s / Disk: 0MB/s
(21:34:12) INFO:    [Gog]:              Progress for Gloomhaven: 4.23%/454.91MB/00:36:21 Down: 0.5MB/s / Disk: 0MB/s
(21:34:13) INFO:    [Gog]:              Progress for Gloomhaven: 4.23%/454.91MB/00:36:44 Down: 0.5MB/s / Disk: 0MB/s
(21:34:15) INFO:    [Gog]:              Progress for Gloomhaven: 4.58%/461.85MB/00:34:26 Down: 15.24MB/s / Disk: 31.39MB/s
(21:34:16) INFO:    [Gog]:              Progress for Gloomhaven: 4.58%/475.71MB/00:34:47 Down: 0.5MB/s / Disk: 0MB/s
(21:34:17) INFO:    [Gog]:              Progress for Gloomhaven: 4.58%/475.71MB/00:35:08 Down: 0.5MB/s / Disk: 0MB/s
(21:34:18) INFO:    [Gog]:              Progress for Gloomhaven: 4.58%/475.71MB/00:35:29 Down: 0.5MB/s / Disk: 0MB/s
(21:34:19) INFO:    [Gog]:              Progress for Gloomhaven: 4.58%/475.71MB/00:35:50 Down: 0.5MB/s / Disk: 0MB/s
(21:34:21) INFO:    [Gog]:              Progress for Gloomhaven: 4.64%/498.06MB/00:35:52 Down: 3.42MB/s / Disk: 7.31MB/s
(21:34:22) INFO:    [Gog]:              Progress for Gloomhaven: 4.82%/505.32MB/00:34:50 Down: 14.51MB/s / Disk: 28.06MB/s
(21:34:24) INFO:    [Gog]:              Progress for Gloomhaven: 4.99%/512.72MB/00:34:08 Down: 7.57MB/s / Disk: 15.8MB/s
(21:34:25) INFO:    [Gog]:              Progress for Gloomhaven: 4.99%/512.72MB/00:34:27 Down: 0.5MB/s / Disk: 0MB/s
(21:34:26) INFO:    [Gog]:              Progress for Gloomhaven: 4.99%/512.72MB/00:34:46 Down: 0.5MB/s / Disk: 0MB/s
(21:34:27) INFO:    [Gog]:              Progress for Gloomhaven: 4.99%/512.72MB/00:35:05 Down: 0.5MB/s / Disk: 0MB/s
(21:34:28) INFO:    [Gog]:              Progress for Gloomhaven: 4.99%/512.72MB/00:35:24 Down: 0.5MB/s / Disk: 0MB/s
(21:34:28) INFO:    [ExtraGameInfo]:    Getting ExtraGameInfo data for Gloomhaven
(21:34:28) INFO:    [ExtraGameInfo]:    Getting PCGamingWiki data for Gloomhaven
(21:34:28) INFO:    [ExtraGameInfo]:    Getting HowLongToBeat data for Gloomhaven
(21:34:28) INFO:    [ExtraGameInfo]:    Getting GamesDB data for Gloomhaven
(21:34:28) INFO:    [Gog]:              Running command: GOGDL_CONFIG_PATH=/home/strobelt/.config/heroic/gogdlConfig /opt/Heroic/resources/app.asar.unpacked/build/bin/x64/linux/gogdl --auth-config-path /home/strobelt/.config/heroic/gog_store/auth.json auth
(21:34:28) INFO:    [ExtraGameInfo]:    Getting ExtraGameInfo data for Gloomhaven
(21:34:28) INFO:    [ExtraGameInfo]:    Getting PCGamingWiki data for Gloomhaven
(21:34:28) INFO:    [ExtraGameInfo]:    Getting HowLongToBeat data for Gloomhaven
(21:34:28) INFO:    [ExtraGameInfo]:    Getting GamesDB data for Gloomhaven
(21:34:28) INFO:    [Gog]:              Got install info from cache for 2102122491 on windows platform
(21:34:28) INFO:    [Gog]:              Got install info from cache for 2102122491 on windows platform
(21:34:28) ERROR:   [ExtraGameInfo]:    Got AxiosError when sending HowLongToBeat request for Gloomhaven: {
  "message": "Request failed with status code 404",
  "name": "Error",
  "stack": "Error: Request failed with status code 404\n    at createError (/opt/Heroic/resources/app.asar/node_modules/axios/lib/core/createError.js:16:15)\n    at settle (/opt/Heroic/resources/app.asar/node_modules/axios/lib/core/settle.js:17:12)\n    at IncomingMessage.handleStreamEnd (/opt/Heroic/resources/app.asar/node_modules/axios/lib/adapters/http.js:322:11)\n    at IncomingMessage.emit (node:events:531:35)\n    at endReadableNT (node:internal/streams/readable:1696:12)\n    at processTicksAndRejections (node:internal/process/task_queues:82:21)",
  "config": {
    "transitional": {
      "silentJSONParsing": true,
      "forcedJSONParsing": true,
      "clarifyTimeoutError": false
    },
    "transformRequest": [
      null
    ],
    "transformResponse": [
      null
    ],
    "timeout": 0,
    "xsrfCookieName": "XSRF-TOKEN",
    "xsrfHeaderName": "X-XSRF-TOKEN",
    "maxContentLength": -1,
    "maxBodyLength": -1,
    "headers": {
      "Accept": "*/*",
      "Content-Type": "application/json",
      "User-Agent": "HeroicGamesLauncher/2.15.1",
      "Referer": "https://howlongtobeat.com/",
      "Content-Length": 345
    },
    "method": "post",
    "url": "https://www.howlongtobeat.com/api/search",
    "data": "{\"searchType\":\"games\",\"searchTerms\":[\"Gloomhaven\"],\"searchPage\":1,\"size\":20,\"searchOptions\":{\"games\":{\"userId\":0,\"platform\":\"\",\"sortCategory\":\"popular\",\"rangeCategory\":\"main\",\"rangeTime\":{\"min\":0,\"max\":0},\"gameplay\":{\"perspective\":\"\",\"flow\":\"\",\"genre\":\"\"},\"modifier\":\"\"},\"users\":{\"sortCategory\":\"postcount\"},\"filter\":\"\",\"sort\":0,\"randomizer\":0}}"
  },
  "status": 404
}
(21:34:28) ERROR:   [ExtraGameInfo]:    Got AxiosError when sending HowLongToBeat request for Gloomhaven: {
  "message": "Request failed with status code 404",
  "name": "Error",
  "stack": "Error: Request failed with status code 404\n    at createError (/opt/Heroic/resources/app.asar/node_modules/axios/lib/core/createError.js:16:15)\n    at settle (/opt/Heroic/resources/app.asar/node_modules/axios/lib/core/settle.js:17:12)\n    at IncomingMessage.handleStreamEnd (/opt/Heroic/resources/app.asar/node_modules/axios/lib/adapters/http.js:322:11)\n    at IncomingMessage.emit (node:events:531:35)\n    at endReadableNT (node:internal/streams/readable:1696:12)\n    at processTicksAndRejections (node:internal/process/task_queues:82:21)",
  "config": {
    "transitional": {
      "silentJSONParsing": true,
      "forcedJSONParsing": true,
      "clarifyTimeoutError": false
    },
    "transformRequest": [
      null
    ],
    "transformResponse": [
      null
    ],
    "timeout": 0,
    "xsrfCookieName": "XSRF-TOKEN",
    "xsrfHeaderName": "X-XSRF-TOKEN",
    "maxContentLength": -1,
    "maxBodyLength": -1,
    "headers": {
      "Accept": "*/*",
      "Content-Type": "application/json",
      "User-Agent": "HeroicGamesLauncher/2.15.1",
      "Referer": "https://howlongtobeat.com/",
      "Content-Length": 345
    },
    "method": "post",
    "url": "https://www.howlongtobeat.com/api/search",
    "data": "{\"searchType\":\"games\",\"searchTerms\":[\"Gloomhaven\"],\"searchPage\":1,\"size\":20,\"searchOptions\":{\"games\":{\"userId\":0,\"platform\":\"\",\"sortCategory\":\"popular\",\"rangeCategory\":\"main\",\"rangeTime\":{\"min\":0,\"max\":0},\"gameplay\":{\"perspective\":\"\",\"flow\":\"\",\"genre\":\"\"},\"modifier\":\"\"},\"users\":{\"sortCategory\":\"postcount\"},\"filter\":\"\",\"sort\":0,\"randomizer\":0}}"
  },
  "status": 404
}
(21:34:29) INFO:    [Gog]:              Progress for Gloomhaven: 4.99%/512.72MB/00:35:43 Down: 0.5MB/s / Disk: 0MB/s
(21:34:30) DEBUG:   [Backend]:          ProtonDB data for 780290 {"bestReportedTier":"platinum","confidence":"strong","score":0.65,"tier":"gold","total":73,"trendingTier":"platinum"}
(21:34:30) DEBUG:   [Backend]:          SteamDeck data for 780290 {"success":1,"results":{"appid":780290,"resolved_category":2,"resolved_items":[{"display_type":3,"loc_token":"#SteamDeckVerified_TestResult_ControllerGlyphsDoNotMatchDeckDevice"},{"display_type":3,"loc_token":"#SteamDeckVerified_TestResult_TextInputDoesNotAutomaticallyInvokesKeyboard"},{"display_type":3,"loc_token":"#SteamDeckVerified_TestResult_InterfaceTextIsNotLegible"},{"display_type":4,"loc_token":"#SteamDeckVerified_TestResult_DefaultControllerConfigFullyFunctional"},{"display_type":4,"loc_token":"#SteamDeckVerified_TestResult_DefaultConfigurationIsPerformant"}],"steam_deck_blog_url":"","search_id":null}}
(21:34:30) INFO:    [Gog]:              Progress for Gloomhaven: 4.99%/512.72MB/00:36:02 Down: 0.5MB/s / Disk: 0MB/s
(21:34:30) DEBUG:   [Backend]:          SteamDeck data for 780290 {"success":1,"results":{"appid":780290,"resolved_category":2,"resolved_items":[{"display_type":3,"loc_token":"#SteamDeckVerified_TestResult_ControllerGlyphsDoNotMatchDeckDevice"},{"display_type":3,"loc_token":"#SteamDeckVerified_TestResult_TextInputDoesNotAutomaticallyInvokesKeyboard"},{"display_type":3,"loc_token":"#SteamDeckVerified_TestResult_InterfaceTextIsNotLegible"},{"display_type":4,"loc_token":"#SteamDeckVerified_TestResult_DefaultControllerConfigFullyFunctional"},{"display_type":4,"loc_token":"#SteamDeckVerified_TestResult_DefaultConfigurationIsPerformant"}],"steam_deck_blog_url":"","search_id":null}}
(21:34:30) DEBUG:   [Backend]:          ProtonDB data for 780290 {"bestReportedTier":"platinum","confidence":"strong","score":0.65,"tier":"gold","total":73,"trendingTier":"platinum"}
(21:34:31) INFO:    [Gog]:              Progress for Gloomhaven: 4.99%/512.72MB/00:36:21 Down: 0.5MB/s / Disk: 0MB/s
(21:34:32) INFO:    [Gog]:              Progress for Gloomhaven: 4.99%/527.68MB/00:36:40 Down: 0.5MB/s / Disk: 0MB/s
(21:34:33) INFO:    [Gog]:              Progress for Gloomhaven: 4.99%/527.68MB/00:37:00 Down: 0.5MB/s / Disk: 0MB/s
(21:34:34) INFO:    [Gog]:              Progress for Gloomhaven: 4.99%/527.68MB/00:37:19 Down: 0.36MB/s / Disk: 0MB/s
(21:34:35) INFO:    [Gog]:              Progress for Gloomhaven: 4.99%/527.68MB/00:37:38 Down: 0.5MB/s / Disk: 0MB/s
(21:34:36) INFO:    [Gog]:              Progress for Gloomhaven: 4.99%/527.68MB/00:37:57 Down: 0.5MB/s / Disk: 0MB/s
(21:34:37) INFO:    [Gog]:              Progress for Gloomhaven: 5.17%/534.53MB/00:36:59 Down: 11.23MB/s / Disk: 22.83MB/s
(21:34:38) INFO:    [Gog]:              Progress for Gloomhaven: 5.17%/540.86MB/00:37:17 Down: 0.5MB/s / Disk: 0MB/s
(21:34:40) INFO:    [Gog]:              Progress for Gloomhaven: 5.29%/561.81MB/00:36:53 Down: 6.74MB/s / Disk: 13.47MB/s
(21:34:41) INFO:    [Gog]:              Progress for Gloomhaven: 5.41%/561.81MB/00:36:19 Down: 9.79MB/s / Disk: 18.79MB/s
(21:34:42) INFO:    [Gog]:              Progress for Gloomhaven: 5.47%/569.08MB/00:36:15 Down: 4.52MB/s / Disk: 8.36MB/s
(21:34:43) INFO:    [Gog]:              Progress for Gloomhaven: 5.47%/569.08MB/00:36:33 Down: 0.5MB/s / Disk: 0MB/s
(21:34:44) INFO:    [Gog]:              Progress for Gloomhaven: 5.47%/569.08MB/00:36:50 Down: 0.5MB/s / Disk: 0MB/s
(21:34:45) INFO:    [Gog]:              Progress for Gloomhaven: 5.47%/569.08MB/00:37:07 Down: 0.5MB/s / Disk: 0MB/s
(21:34:46) INFO:    [Gog]:              Progress for Gloomhaven: 5.47%/569.08MB/00:37:25 Down: 0.5MB/s / Disk: 0MB/s
(21:34:47) INFO:    [Gog]:              Progress for Gloomhaven: 5.47%/576.16MB/00:37:42 Down: 0.5MB/s / Disk: 0MB/s
(21:34:48) INFO:    [Gog]:              Progress for Gloomhaven: 5.47%/576.16MB/00:37:59 Down: 0.5MB/s / Disk: 0MB/s
(21:34:49) INFO:    [Gog]:              Progress for Gloomhaven: 5.47%/576.16MB/00:38:17 Down: 0.5MB/s / Disk: 0MB/s
(21:34:50) INFO:    [Gog]:              Progress for Gloomhaven: 5.47%/576.16MB/00:38:34 Down: 0.5MB/s / Disk: 0MB/s
(21:34:52) INFO:    [Gog]:              Progress for Gloomhaven: 5.58%/583.51MB/00:38:15 Down: 5.1MB/s / Disk: 10.42MB/s
(21:34:53) INFO:    [Gog]:              Progress for Gloomhaven: 5.58%/591.33MB/00:38:32 Down: 0.5MB/s / Disk: 0MB/s
(21:34:54) INFO:    [Gog]:              Progress for Gloomhaven: 5.58%/591.33MB/00:38:49 Down: 0.07MB/s / Disk: 0MB/s
(21:34:55) INFO:    [Gog]:              Progress for Gloomhaven: 5.58%/598.47MB/00:39:06 Down: 0.5MB/s / Disk: 0MB/s
(21:34:56) INFO:    [Gog]:              Progress for Gloomhaven: 5.58%/605.71MB/00:39:22 Down: 0.5MB/s / Disk: 0MB/s
(21:34:57) INFO:    [Gog]:              Progress for Gloomhaven: 5.58%/605.71MB/00:39:39 Down: 0.5MB/s / Disk: 0MB/s
(21:34:58) INFO:    [Gog]:              Progress for Gloomhaven: 5.58%/605.71MB/00:39:56 Down: 0.5MB/s / Disk: 0MB/s
(21:34:59) INFO:    [Gog]:              Progress for Gloomhaven: 5.58%/605.71MB/00:40:13 Down: 0.25MB/s / Disk: 0MB/s
(21:35:00) INFO:    [Gog]:              Progress for Gloomhaven: 5.58%/614.65MB/00:40:30 Down: 0.5MB/s / Disk: 0MB/s
(21:35:01) INFO:    [Gog]:              Progress for Gloomhaven: 5.88%/621.36MB/00:38:41 Down: 21.01MB/s / Disk: 41.36MB/s
(21:35:02) INFO:    [Gog]:              Progress for Gloomhaven: 5.88%/621.36MB/00:38:57 Down: 0.5MB/s / Disk: 0MB/s
(21:35:03) INFO:    [Gog]:              Progress for Gloomhaven: 5.88%/621.36MB/00:39:13 Down: 0.5MB/s / Disk: 0MB/s
(21:35:05) INFO:    [Gog]:              Progress for Gloomhaven: 5.94%/628.84MB/00:39:15 Down: 2.88MB/s / Disk: 5.82MB/s
(21:35:06) INFO:    [Gog]:              Progress for Gloomhaven: 5.94%/628.84MB/00:39:31 Down: 0.5MB/s / Disk: 0MB/s
(21:35:07) INFO:    [Gog]:              Progress for Gloomhaven: 5.94%/628.84MB/00:39:47 Down: 0.5MB/s / Disk: 0MB/s
(21:35:08) INFO:    [Gog]:              Progress for Gloomhaven: 5.94%/636.00MB/00:40:03 Down: 0.5MB/s / Disk: 0MB/s
(21:35:09) INFO:    [Gog]:              Progress for Gloomhaven: 5.94%/636.00MB/00:40:19 Down: 0.5MB/s / Disk: 0MB/s
(21:35:10) INFO:    [Gog]:              Progress for Gloomhaven: 5.94%/636.00MB/00:40:34 Down: 0.5MB/s / Disk: 0MB/s
(21:35:11) INFO:    [Gog]:              Progress for Gloomhaven: 5.94%/649.85MB/00:40:50 Down: 0.5MB/s / Disk: 0MB/s
(21:35:12) INFO:    [Gog]:              Progress for Gloomhaven: 6%/657.59MB/00:40:53 Down: 3.04MB/s / Disk: 5.52MB/s
(21:35:13) INFO:    [Gog]:              Progress for Gloomhaven: 6%/657.59MB/00:41:09 Down: 0.5MB/s / Disk: 0MB/s
(21:35:14) INFO:    [Gog]:              Progress for Gloomhaven: 6%/657.59MB/00:41:25 Down: 0.5MB/s / Disk: 0MB/s
(21:35:16) INFO:    [Gog]:              Progress for Gloomhaven: 6.23%/664.72MB/00:40:09 Down: 11.95MB/s / Disk: 24.34MB/s
(21:35:17) INFO:    [Gog]:              Progress for Gloomhaven: 6.23%/664.72MB/00:40:24 Down: 0.28MB/s / Disk: 0MB/s
(21:35:18) INFO:    [Gog]:              Progress for Gloomhaven: 6.23%/664.72MB/00:40:40 Down: 0.5MB/s / Disk: 0MB/s
(21:35:19) INFO:    [Gog]:              Progress for Gloomhaven: 6.29%/672.40MB/00:40:34 Down: 4.31MB/s / Disk: 7.84MB/s
(21:35:20) INFO:    [Gog]:              Progress for Gloomhaven: 6.29%/672.40MB/00:40:49 Down: 0.5MB/s / Disk: 0MB/s
(21:35:21) INFO:    [Gog]:              Progress for Gloomhaven: 6.29%/672.40MB/00:41:04 Down: 0.5MB/s / Disk: 0MB/s
(21:35:22) INFO:    [Gog]:              Progress for Gloomhaven: 6.29%/672.40MB/00:41:19 Down: 0.5MB/s / Disk: 0MB/s
(21:35:24) INFO:    [Gog]:              Progress for Gloomhaven: 6.35%/679.63MB/00:41:19 Down: 3.28MB/s / Disk: 5.97MB/s
(21:35:25) INFO:    [Gog]:              Progress for Gloomhaven: 6.35%/679.63MB/00:41:34 Down: 0.5MB/s / Disk: 0MB/s
(21:35:26) INFO:    [Gog]:              Progress for Gloomhaven: 6.35%/687.02MB/00:41:49 Down: 0.5MB/s / Disk: 0MB/s
(21:35:27) INFO:    [Gog]:              Progress for Gloomhaven: 6.47%/693.96MB/00:41:17 Down: 8.5MB/s / Disk: 16.86MB/s
(21:35:28) INFO:    [Gog]:              Progress for Gloomhaven: 6.47%/693.96MB/00:41:32 Down: 0.5MB/s / Disk: 0MB/s
(21:35:29) INFO:    [Gog]:              Progress for Gloomhaven: 6.47%/693.96MB/00:41:46 Down: 0.5MB/s / Disk: 0MB/s
(21:35:30) INFO:    [Gog]:              Progress for Gloomhaven: 6.47%/693.96MB/00:42:01 Down: 0.5MB/s / Disk: 0MB/s
(21:35:31) INFO:    [Gog]:              Progress for Gloomhaven: 6.47%/693.96MB/00:42:15 Down: 0.5MB/s / Disk: 0MB/s
(21:35:32) INFO:    [Gog]:              Progress for Gloomhaven: 6.47%/693.96MB/00:42:30 Down: 0.5MB/s / Disk: 0MB/s
(21:35:34) INFO:    [Gog]:              Progress for Gloomhaven: 6.53%/708.61MB/00:42:27 Down: 3.53MB/s / Disk: 6.41MB/s
(21:35:35) INFO:    [Gog]:              Progress for Gloomhaven: 6.53%/708.61MB/00:42:42 Down: 0.5MB/s / Disk: 0MB/s
(21:35:37) INFO:    [Gog]:              Progress for Gloomhaven: 6.7%/722.02MB/00:41:54 Down: 8.28MB/s / Disk: 17.07MB/s
(21:35:38) INFO:    [Gog]:              Progress for Gloomhaven: 6.76%/728.81MB/00:41:52 Down: 3.53MB/s / Disk: 6.42MB/s
(21:35:39) INFO:    [Gog]:              Progress for Gloomhaven: 6.76%/728.81MB/00:42:06 Down: 0.5MB/s / Disk: 0MB/s
(21:35:40) INFO:    [Gog]:              Progress for Gloomhaven: 6.76%/728.81MB/00:42:19 Down: 0.5MB/s / Disk: 0MB/s
(21:35:41) INFO:    [Gog]:              Progress for Gloomhaven: 6.76%/728.81MB/00:42:33 Down: 0.5MB/s / Disk: 0MB/s
(21:35:42) INFO:    [Gog]:              Progress for Gloomhaven: 6.76%/728.81MB/00:42:47 Down: 0.5MB/s / Disk: 0MB/s
(21:35:43) INFO:    [Gog]:              Progress for Gloomhaven: 6.76%/728.81MB/00:43:01 Down: 0.5MB/s / Disk: 0MB/s
(21:35:44) INFO:    [Gog]:              Progress for Gloomhaven: 6.76%/728.81MB/00:43:15 Down: 0.5MB/s / Disk: 0MB/s
(21:35:45) INFO:    [Gog]:              Progress for Gloomhaven: 6.76%/728.81MB/00:43:29 Down: 0.5MB/s / Disk: 0MB/s
(21:35:46) INFO:    [Gog]:              Progress for Gloomhaven: 6.76%/728.81MB/00:43:42 Down: 0.5MB/s / Disk: 0MB/s
(21:35:48) INFO:    [Gog]:              Progress for Gloomhaven: 6.82%/736.51MB/00:43:41 Down: 3.03MB/s / Disk: 5.88MB/s
(21:35:49) INFO:    [Gog]:              Progress for Gloomhaven: 6.82%/736.51MB/00:43:55 Down: 0.5MB/s / Disk: 0MB/s
(21:35:50) INFO:    [Gog]:              Progress for Gloomhaven: 6.88%/743.68MB/00:43:49 Down: 4.16MB/s / Disk: 7.56MB/s
(21:35:51) INFO:    [Gog]:              Progress for Gloomhaven: 6.88%/743.68MB/00:44:02 Down: 0.5MB/s / Disk: 0MB/s
(21:35:52) INFO:    [Gog]:              Progress for Gloomhaven: 6.88%/743.68MB/00:44:16 Down: 0.5MB/s / Disk: 0MB/s
(21:35:53) INFO:    [Gog]:              Progress for Gloomhaven: 6.88%/743.68MB/00:44:29 Down: 0.5MB/s / Disk: 0MB/s
(21:35:55) INFO:    [Gog]:              Progress for Gloomhaven: 6.94%/751.05MB/00:44:25 Down: 3.71MB/s / Disk: 6.77MB/s
(21:35:56) INFO:    [Gog]:              Progress for Gloomhaven: 6.94%/751.05MB/00:44:38 Down: 0.5MB/s / Disk: 0MB/s
(21:35:57) INFO:    [Gog]:              Progress for Gloomhaven: 6.94%/757.18MB/00:44:52 Down: 0.5MB/s / Disk: 0MB/s
(21:35:58) INFO:    [Gog]:              Progress for Gloomhaven: 6.94%/757.18MB/00:45:05 Down: 0.5MB/s / Disk: 0MB/s
(21:35:59) INFO:    [Gog]:              Progress for Gloomhaven: 7%/763.58MB/00:44:59 Down: 3.82MB/s / Disk: 7.39MB/s
(21:36:00) INFO:    [Gog]:              Progress for Gloomhaven: 7%/763.58MB/00:45:12 Down: 0.5MB/s / Disk: 0MB/s
(21:36:01) INFO:    [Gog]:              Progress for Gloomhaven: 7%/763.58MB/00:45:25 Down: 0.5MB/s / Disk: 0MB/s
(21:36:03) INFO:    [Gog]:              Progress for Gloomhaven: 7.06%/775.11MB/00:45:24 Down: 3.15MB/s / Disk: 5.72MB/s
(21:36:04) INFO:    [Gog]:              Progress for Gloomhaven: 7.06%/775.11MB/00:45:37 Down: 0.5MB/s / Disk: 0MB/s
(21:36:05) INFO:    [Gog]:              Progress for Gloomhaven: 7.06%/775.11MB/00:45:50 Down: 0.5MB/s / Disk: 0MB/s
(21:36:06) INFO:    [Gog]:              Progress for Gloomhaven: 7.06%/775.11MB/00:46:03 Down: 0.5MB/s / Disk: 0MB/s
(21:36:07) INFO:    [Gog]:              Progress for Gloomhaven: 7.06%/781.82MB/00:46:17 Down: 0.05MB/s / Disk: 0MB/s
(21:36:09) INFO:    [Gog]:              Progress for Gloomhaven: 7.29%/789.75MB/00:45:05 Down: 9.94MB/s / Disk: 20.21MB/s
(21:36:10) INFO:    [Gog]:              Progress for Gloomhaven: 7.29%/789.75MB/00:45:18 Down: 0.5MB/s / Disk: 0MB/s
(21:36:11) INFO:    [Gog]:              Progress for Gloomhaven: 7.29%/789.75MB/00:45:31 Down: 0.5MB/s / Disk: 0MB/s
(21:36:12) INFO:    [Gog]:              Progress for Gloomhaven: 7.29%/789.75MB/00:45:43 Down: 0.5MB/s / Disk: 0MB/s
(21:36:13) INFO:    [Gog]:              Progress for Gloomhaven: 7.29%/789.75MB/00:45:56 Down: 0.5MB/s / Disk: 0MB/s
(21:36:14) INFO:    [Gog]:              Progress for Gloomhaven: 7.29%/789.75MB/00:46:09 Down: 0.5MB/s / Disk: 0MB/s
(21:36:15) INFO:    [Gog]:              Progress for Gloomhaven: 7.29%/789.75MB/00:46:22 Down: 0.5MB/s / Disk: 0MB/s
(21:36:16) INFO:    [Gog]:              Progress for Gloomhaven: 7.29%/789.75MB/00:46:34 Down: 0.5MB/s / Disk: 0MB/s
(21:36:17) INFO:    [Gog]:              Progress for Gloomhaven: 7.29%/789.75MB/00:46:47 Down: 0.5MB/s / Disk: 0MB/s
(21:36:18) INFO:    [Gog]:              Progress for Gloomhaven: 7.29%/789.75MB/00:47:00 Down: 0.5MB/s / Disk: 0MB/s
(21:36:19) INFO:    [Gog]:              Progress for Gloomhaven: 7.29%/789.75MB/00:47:13 Down: 0.17MB/s / Disk: 0MB/s
(21:36:20) INFO:    [Gog]:              Progress for Gloomhaven: 7.29%/796.80MB/00:47:25 Down: 3MB/s / Disk: 5.99MB/s
(21:36:21) INFO:    [Gog]:              Progress for Gloomhaven: 7.35%/803.23MB/00:47:13 Down: 2.48MB/s / Disk: 3.97MB/s
(21:36:22) INFO:    [Gog]:              Progress for Gloomhaven: 7.35%/803.23MB/00:47:26 Down: 0.5MB/s / Disk: 0MB/s
(21:36:23) INFO:    [Gog]:              Progress for Gloomhaven: 7.35%/810.74MB/00:47:39 Down: 0.5MB/s / Disk: 0MB/s
(21:36:24) INFO:    [Gog]:              Progress for Gloomhaven: 7.35%/810.74MB/00:47:51 Down: 0.5MB/s / Disk: 0MB/s
(21:36:25) INFO:    [Gog]:              Progress for Gloomhaven: 7.35%/810.74MB/00:48:04 Down: 0.5MB/s / Disk: 0MB/s
(21:36:26) INFO:    [Gog]:              Progress for Gloomhaven: 7.35%/810.74MB/00:48:17 Down: 0.5MB/s / Disk: 0MB/s
(21:36:27) INFO:    [Gog]:              Progress for Gloomhaven: 7.35%/817.91MB/00:48:29 Down: 0.5MB/s / Disk: 0MB/s
(21:36:28) INFO:    [Gog]:              Progress for Gloomhaven: 7.53%/825.89MB/00:47:28 Down: 14.44MB/s / Disk: 28.75MB/s
(21:36:29) INFO:    [Gog]:              Progress for Gloomhaven: 7.53%/825.89MB/00:47:41 Down: 0.5MB/s / Disk: 0MB/s
(21:36:30) INFO:    [Gog]:              Progress for Gloomhaven: 7.64%/847.95MB/00:47:06 Down: 9.52MB/s / Disk: 19.03MB/s
(21:36:31) INFO:    [Gog]:              Progress for Gloomhaven: 7.76%/847.95MB/00:46:32 Down: 8.9MB/s / Disk: 18.79MB/s
(21:36:32) INFO:    [Gog]:              Progress for Gloomhaven: 7.76%/847.95MB/00:46:44 Down: 0.07MB/s / Disk: 0MB/s
(21:36:33) INFO:    [Gog]:              Progress for Gloomhaven: 7.76%/847.95MB/00:46:56 Down: 0.5MB/s / Disk: 0MB/s
(21:36:34) INFO:    [Gog]:              Progress for Gloomhaven: 7.76%/847.95MB/00:47:08 Down: 0.5MB/s / Disk: 0MB/s
(21:36:35) INFO:    [Gog]:              Progress for Gloomhaven: 7.76%/847.95MB/00:47:19 Down: 0.5MB/s / Disk: 0MB/s
(21:36:37) INFO:    [Gog]:              Progress for Gloomhaven: 7.82%/854.16MB/00:47:18 Down: 2.91MB/s / Disk: 5.51MB/s
(21:36:38) INFO:    [Gog]:              Progress for Gloomhaven: 7.82%/854.16MB/00:47:29 Down: 0.5MB/s / Disk: 0MB/s
(21:36:39) INFO:    [Gog]:              Progress for Gloomhaven: 7.88%/868.05MB/00:47:23 Down: 3.89MB/s / Disk: 7.79MB/s
(21:36:40) INFO:    [Gog]:              Progress for Gloomhaven: 7.94%/868.05MB/00:47:12 Down: 4.93MB/s / Disk: 8.88MB/s
(21:36:41) INFO:    [Gog]:              Progress for Gloomhaven: 7.94%/868.05MB/00:47:23 Down: 0.5MB/s / Disk: 0MB/s
(21:36:42) INFO:    [Gog]:              Progress for Gloomhaven: 7.94%/868.05MB/00:47:35 Down: 0.5MB/s / Disk: 0MB/s
(21:36:43) INFO:    [Gog]:              Progress for Gloomhaven: 7.94%/873.58MB/00:47:47 Down: 0.5MB/s / Disk: 0MB/s
(21:36:44) INFO:    [Gog]:              Progress for Gloomhaven: 7.94%/873.58MB/00:47:58 Down: 0.5MB/s / Disk: 0MB/s
(21:36:45) INFO:    [Gog]:              Progress for Gloomhaven: 7.94%/873.58MB/00:48:10 Down: 0.5MB/s / Disk: 0MB/s
(21:36:46) INFO:    [Gog]:              Progress for Gloomhaven: 7.94%/873.58MB/00:48:21 Down: 0.5MB/s / Disk: 0MB/s
(21:36:47) INFO:    [Gog]:              Progress for Gloomhaven: 7.94%/881.16MB/00:48:33 Down: 0.5MB/s / Disk: 0MB/s
(21:36:48) INFO:    [Gog]:              Progress for Gloomhaven: 7.94%/881.16MB/00:48:45 Down: 0.5MB/s / Disk: 0MB/s
(21:36:50) INFO:    [Gog]:              Progress for Gloomhaven: 8.17%/896.10MB/00:47:33 Down: 10.82MB/s / Disk: 22.35MB/s
(21:36:52) INFO:    [Gog]:              Progress for Gloomhaven: 8.23%/903.33MB/00:47:28 Down: 3.45MB/s / Disk: 6.38MB/s
(21:36:53) INFO:    [Gog]:              Progress for Gloomhaven: 8.23%/903.33MB/00:47:40 Down: 0.5MB/s / Disk: 0MB/s
(21:36:54) INFO:    [Gog]:              Progress for Gloomhaven: 8.23%/903.33MB/00:47:51 Down: 0.5MB/s / Disk: 0MB/s
(21:36:55) INFO:    [Gog]:              Progress for Gloomhaven: 8.23%/910.09MB/00:48:02 Down: 0.5MB/s / Disk: 0MB/s
(21:36:56) INFO:    [Gog]:              Progress for Gloomhaven: 8.23%/910.09MB/00:48:13 Down: 0.5MB/s / Disk: 0MB/s
(21:36:57) INFO:    [Gog]:              Progress for Gloomhaven: 8.23%/910.09MB/00:48:24 Down: 0.5MB/s / Disk: 0MB/s
(21:36:58) INFO:    [Gog]:              Progress for Gloomhaven: 8.35%/917.95MB/00:47:54 Down: 7.86MB/s / Disk: 15.67MB/s
(21:37:00) INFO:    [Gog]:              Progress for Gloomhaven: 8.41%/924.53MB/00:47:50 Down: 3.09MB/s / Disk: 5.93MB/s
(21:37:01) INFO:    [Gog]:              Progress for Gloomhaven: 8.41%/924.53MB/00:48:01 Down: 0.5MB/s / Disk: 0MB/s
(21:37:01) INFO:    [ExtraGameInfo]:    Using cached ExtraGameInfo data for Gloomhaven
(21:37:01) INFO:    [Gog]:              Running command: GOGDL_CONFIG_PATH=/home/strobelt/.config/heroic/gogdlConfig /opt/Heroic/resources/app.asar.unpacked/build/bin/x64/linux/gogdl --auth-config-path /home/strobelt/.config/heroic/gog_store/auth.json auth
(21:37:01) INFO:    [ExtraGameInfo]:    Using cached ExtraGameInfo data for Gloomhaven
(21:37:01) INFO:    [Gog]:              Got install info from cache for 2102122491 on windows platform
(21:37:01) INFO:    [Gog]:              Got install info from cache for 2102122491 on windows platform
(21:37:02) INFO:    [Gog]:              Progress for Gloomhaven: 8.41%/931.89MB/00:48:12 Down: 0.5MB/s / Disk: 0MB/s
(21:37:03) INFO:    [Gog]:              Progress for Gloomhaven: 8.41%/931.89MB/00:48:23 Down: 0.5MB/s / Disk: 0MB/s
(21:37:04) INFO:    [Gog]:              Progress for Gloomhaven: 8.41%/931.89MB/00:48:34 Down: 0.43MB/s / Disk: 0MB/s
(21:37:05) INFO:    [Gog]:              Progress for Gloomhaven: 8.41%/931.89MB/00:48:45 Down: 0.5MB/s / Disk: 0MB/s
(21:37:06) INFO:    [Gog]:              Progress for Gloomhaven: 8.41%/931.89MB/00:48:55 Down: 0.5MB/s / Disk: 0MB/s
(21:37:07) INFO:    [Gog]:              Progress for Gloomhaven: 8.41%/931.89MB/00:49:06 Down: 0.5MB/s / Disk: 0MB/s
(21:37:08) INFO:    [Gog]:              Progress for Gloomhaven: 8.41%/931.89MB/00:49:17 Down: 0.5MB/s / Disk: 0MB/s
(21:37:09) INFO:    [Gog]:              Progress for Gloomhaven: 8.53%/953.61MB/00:48:46 Down: 8.18MB/s / Disk: 16.36MB/s
(21:37:10) INFO:    [Gog]:              Progress for Gloomhaven: 8.59%/953.61MB/00:48:35 Down: 4.96MB/s / Disk: 8.93MB/s
(21:37:11) INFO:    [Gog]:              Progress for Gloomhaven: 8.59%/953.61MB/00:48:46 Down: 0.5MB/s / Disk: 0MB/s
(21:37:12) INFO:    [Gog]:              Progress for Gloomhaven: 8.59%/953.61MB/00:48:57 Down: 0.5MB/s / Disk: 0MB/s
(21:37:13) INFO:    [Gog]:              Progress for Gloomhaven: 8.59%/953.61MB/00:49:07 Down: 0.5MB/s / Disk: 0MB/s
(21:37:14) INFO:    [Gog]:              Progress for Gloomhaven: 8.59%/953.61MB/00:49:18 Down: 0.5MB/s / Disk: 0MB/s
(21:37:16) INFO:    [Gog]:              Progress for Gloomhaven: 8.7%/960.83MB/00:48:52 Down: 5.98MB/s / Disk: 11.98MB/s
(21:37:17) INFO:    [Gog]:              Progress for Gloomhaven: 8.7%/960.83MB/00:49:02 Down: 0.5MB/s / Disk: 0MB/s
(21:37:18) INFO:    [Gog]:              Progress for Gloomhaven: 8.76%/968.08MB/00:48:58 Down: 3.03MB/s / Disk: 6.05MB/s
(21:37:19) INFO:    [Gog]:              Progress for Gloomhaven: 8.76%/968.08MB/00:49:08 Down: 0.5MB/s / Disk: 0MB/s
(21:37:20) INFO:    [Gog]:              Progress for Gloomhaven: 8.76%/968.08MB/00:49:19 Down: 0.5MB/s / Disk: 0MB/s
(21:37:22) INFO:    [Gog]:              Progress for Gloomhaven: 8.82%/975.31MB/00:49:16 Down: 3.03MB/s / Disk: 5.5MB/s
(21:37:23) INFO:    [Gog]:              Progress for Gloomhaven: 8.82%/982.79MB/00:49:26 Down: 0.5MB/s / Disk: 0MB/s
(21:37:24) INFO:    [Backend]:          Heroic: Setting autoUpdateGames to true (previous value: false)
(21:37:24) INFO:    [Gog]:              Progress for Gloomhaven: 8.82%/982.79MB/00:49:36 Down: 0.16MB/s / Disk: 0MB/s
(21:37:25) INFO:    [Gog]:              Progress for Gloomhaven: 8.94%/989.50MB/00:49:04 Down: 9.85MB/s / Disk: 19.37MB/s
(21:37:26) INFO:    [Backend]:          Heroic: Setting exitToTray to true (previous value: undefined)
(21:37:26) INFO:    [Gog]:              Progress for Gloomhaven: 8.94%/995.67MB/00:49:14 Down: 0.05MB/s / Disk: 0MB/s
(21:37:27) INFO:    [Gog]:              Progress for Gloomhaven: 9%/1003.01MB/00:49:06 Down: 4.15MB/s / Disk: 7.79MB/s
(21:37:28) INFO:    [Gog]:              Progress for Gloomhaven: 9%/1003.01MB/00:49:16 Down: 0.5MB/s / Disk: 0MB/s
(21:37:29) INFO:    [Gog]:              Progress for Gloomhaven: 9%/1003.01MB/00:49:26 Down: 0.5MB/s / Disk: 0MB/s
(21:37:29) INFO:    [Backend]:          Heroic: Setting darkTrayIcon to true (previous value: undefined)
(21:37:29) INFO:    [Backend]:          Changing Tray icon Color...
(21:37:31) INFO:    [Backend]:          Heroic: Setting darkTrayIcon to false (previous value: true)
(21:37:31) INFO:    [Backend]:          Changing Tray icon Color...
(21:37:31) INFO:    [Gog]:              Progress for Gloomhaven: 9.12%/1009.32MB/00:49:00 Down: 6.72MB/s / Disk: 12.81MB/s
(21:37:32) INFO:    [Gog]:              Progress for Gloomhaven: 9.12%/1009.32MB/00:49:10 Down: 0.5MB/s / Disk: 0MB/s
(21:37:33) INFO:    [Gog]:              Progress for Gloomhaven: 9.18%/1016.26MB/00:49:02 Down: 3.93MB/s / Disk: 7.55MB/s
(21:37:34) INFO:    [Gog]:              Progress for Gloomhaven: 9.18%/1016.26MB/00:49:12 Down: 0.5MB/s / Disk: 0MB/s
(21:37:36) INFO:    [Gog]:              Progress for Gloomhaven: 9.35%/1037.67MB/00:48:27 Down: 8.73MB/s / Disk: 17.6MB/s
(21:37:37) INFO:    [Backend]:          Heroic: Setting addSteamShortcuts to true (previous value: false)
(21:37:38) INFO:    [Gog]:              Progress for Gloomhaven: 9.41%/1059.61MB/00:48:24 Down: 2.83MB/s / Disk: 6.19MB/s
(21:37:40) INFO:    [Gog]:              Progress for Gloomhaven: 9.59%/1067.38MB/00:47:42 Down: 8.15MB/s / Disk: 16.22MB/s
(21:37:41) INFO:    [Gog]:              Progress for Gloomhaven: 9.59%/1067.38MB/00:47:51 Down: 0.5MB/s / Disk: 0MB/s
(21:37:42) INFO:    [Gog]:              Progress for Gloomhaven: 9.65%/1074.83MB/00:47:44 Down: 3.85MB/s / Disk: 7.79MB/s
(21:37:43) INFO:    [Gog]:              Progress for Gloomhaven: 9.65%/1081.58MB/00:47:53 Down: 0.5MB/s / Disk: 0MB/s
(21:37:44) INFO:    [Gog]:              Progress for Gloomhaven: 9.71%/1089.21MB/00:47:46 Down: 3.94MB/s / Disk: 7.53MB/s
(21:37:46) INFO:    [Gog]:              Progress for Gloomhaven: 9.82%/1096.70MB/00:47:26 Down: 5.4MB/s / Disk: 10.52MB/s
(21:37:47) INFO:    [Gog]:              Progress for Gloomhaven: 9.82%/1118.04MB/00:47:35 Down: 0.5MB/s / Disk: 0MB/s
(21:37:48) INFO:    [Gog]:              Progress for Gloomhaven: 10.06%/1125.62MB/00:46:32 Down: 16.01MB/s / Disk: 32.35MB/s
(21:37:49) INFO:    [Gog]:              Progress for Gloomhaven: 10.06%/1125.62MB/00:46:41 Down: 0.5MB/s / Disk: 0MB/s
(21:37:49) INFO:    [ExtraGameInfo]:    Using cached ExtraGameInfo data for Gloomhaven
(21:37:49) INFO:    [Gog]:              Running command: GOGDL_CONFIG_PATH=/home/strobelt/.config/heroic/gogdlConfig /opt/Heroic/resources/app.asar.unpacked/build/bin/x64/linux/gogdl --auth-config-path /home/strobelt/.config/heroic/gog_store/auth.json auth
(21:37:49) INFO:    [ExtraGameInfo]:    Using cached ExtraGameInfo data for Gloomhaven
(21:37:49) INFO:    [Gog]:              Got install info from cache for 2102122491 on windows platform
(21:37:50) INFO:    [Gog]:              Got install info from cache for 2102122491 on windows platform
(21:37:50) INFO:    [Gog]:              Progress for Gloomhaven: 10.06%/1125.62MB/00:46:50 Down: 0.5MB/s / Disk: 0MB/s
(21:37:51) INFO:    [Gog]:              Progress for Gloomhaven: 10.06%/1125.62MB/00:46:59 Down: 0.5MB/s / Disk: 0MB/s
(21:37:52) INFO:    [Gog]:              Progress for Gloomhaven: 10.12%/1132.36MB/00:46:51 Down: 4.66MB/s / Disk: 8.47MB/s
(21:37:53) INFO:    [Gog]:              Progress for Gloomhaven: 10.12%/1132.36MB/00:47:00 Down: 0.5MB/s / Disk: 0MB/s
(21:37:54) INFO:    [Gog]:              Progress for Gloomhaven: 10.12%/1132.36MB/00:47:09 Down: 0.5MB/s / Disk: 0MB/s
(21:37:55) INFO:    [Gog]:              Progress for Gloomhaven: 10.12%/1132.36MB/00:47:17 Down: 0.5MB/s / Disk: 0MB/s
(21:37:57) INFO:    [Gog]:              Progress for Gloomhaven: 10.18%/1139.60MB/00:47:13 Down: 3.19MB/s / Disk: 6.48MB/s
(21:37:58) INFO:    [Gog]:              Progress for Gloomhaven: 10.18%/1139.60MB/00:47:22 Down: 0.5MB/s / Disk: 0MB/s
(21:37:59) INFO:    [Gog]:              Progress for Gloomhaven: 10.18%/1139.60MB/00:47:31 Down: 0.3MB/s / Disk: 0MB/s
(21:38:00) INFO:    [Gog]:              Progress for Gloomhaven: 10.18%/1139.60MB/00:47:39 Down: 0.5MB/s / Disk: 0MB/s
(21:38:01) INFO:    [Gog]:              Progress for Gloomhaven: 10.18%/1139.60MB/00:47:48 Down: 0.5MB/s / Disk: 0MB/s
(21:38:02) INFO:    [Gog]:              Progress for Gloomhaven: 10.18%/1139.60MB/00:47:57 Down: 0.5MB/s / Disk: 0MB/s
(21:38:03) INFO:    [Gog]:              Progress for Gloomhaven: 10.24%/1162.52MB/00:47:51 Down: 3.79MB/s / Disk: 6.9MB/s
(21:38:04) INFO:    [Gog]:              Progress for Gloomhaven: 10.24%/1162.52MB/00:48:00 Down: 0.5MB/s / Disk: 0MB/s
(21:38:05) INFO:    [Gog]:              Progress for Gloomhaven: 10.24%/1162.52MB/00:48:09 Down: 0.5MB/s / Disk: 0MB/s
(21:38:06) INFO:    [Gog]:              Progress for Gloomhaven: 10.24%/1162.52MB/00:48:18 Down: 0.5MB/s / Disk: 0MB/s
(21:38:07) INFO:    [Gog]:              Progress for Gloomhaven: 10.24%/1162.52MB/00:48:27 Down: 0.5MB/s / Disk: 0MB/s
(21:38:08) INFO:    [Gog]:              Progress for Gloomhaven: 10.24%/1176.59MB/00:48:35 Down: 0.5MB/s / Disk: 0MB/s
(21:38:09) INFO:    [Gog]:              Progress for Gloomhaven: 10.24%/1176.59MB/00:48:44 Down: 0.5MB/s / Disk: 0MB/s
(21:38:10) INFO:    [Gog]:              Progress for Gloomhaven: 10.24%/1176.59MB/00:48:53 Down: 0.5MB/s / Disk: 0MB/s
(21:38:12) INFO:    [Gog]:              Progress for Gloomhaven: 10.53%/1184.49MB/00:47:37 Down: 13.84MB/s / Disk: 28.02MB/s
(21:38:13) INFO:    [Gog]:              Progress for Gloomhaven: 10.53%/1184.49MB/00:47:45 Down: 0.48MB/s / Disk: 0MB/s
(21:38:14) INFO:    [Gog]:              Progress for Gloomhaven: 10.53%/1184.49MB/00:47:54 Down: 0.5MB/s / Disk: 0MB/s
(21:38:15) INFO:    [Gog]:              Progress for Gloomhaven: 10.53%/1184.49MB/00:48:02 Down: 0.5MB/s / Disk: 0MB/s
(21:38:16) INFO:    [Gog]:              Progress for Gloomhaven: 10.53%/1184.49MB/00:48:11 Down: 0.5MB/s / Disk: 0MB/s
(21:38:17) INFO:    [Gog]:              Progress for Gloomhaven: 10.53%/1184.49MB/00:48:19 Down: 0.5MB/s / Disk: 0MB/s
(21:38:18) INFO:    [Gog]:              Progress for Gloomhaven: 10.53%/1184.49MB/00:48:28 Down: 0.21MB/s / Disk: 0MB/s
(21:38:19) INFO:    [Gog]:              Progress for Gloomhaven: 10.53%/1184.49MB/00:48:36 Down: 0.5MB/s / Disk: 0MB/s
(21:38:20) INFO:    [Gog]:              Progress for Gloomhaven: 10.53%/1184.49MB/00:48:45 Down: 0.5MB/s / Disk: 0MB/s
(21:38:21) INFO:    [Gog]:              Progress for Gloomhaven: 10.53%/1184.49MB/00:48:53 Down: 0.5MB/s / Disk: 0MB/s
(21:38:22) INFO:    [Gog]:              Progress for Gloomhaven: 10.53%/1184.49MB/00:49:02 Down: 0.5MB/s / Disk: 0MB/s
(21:38:23) INFO:    [Gog]:              Progress for Gloomhaven: 10.53%/1184.49MB/00:49:10 Down: 0.5MB/s / Disk: 0MB/s
(21:38:24) INFO:    [Gog]:              Progress for Gloomhaven: 10.53%/1184.49MB/00:49:19 Down: 0.5MB/s / Disk: 0MB/s
(21:38:25) INFO:    [Gog]:              Progress for Gloomhaven: 10.53%/1184.49MB/00:49:27 Down: 0.5MB/s / Disk: 0MB/s
(21:38:26) INFO:    [Gog]:              Progress for Gloomhaven: 10.59%/1192.26MB/00:49:19 Down: 4.19MB/s / Disk: 8.37MB/s
(21:38:28) INFO:    [Gog]:              Progress for Gloomhaven: 10.65%/1199.95MB/00:49:16 Down: 2.95MB/s / Disk: 5.36MB/s
(21:38:29) INFO:    [Gog]:              Progress for Gloomhaven: 10.65%/1199.95MB/00:49:25 Down: 0.5MB/s / Disk: 0MB/s
(21:38:30) INFO:    [Gog]:              Progress for Gloomhaven: 10.65%/1199.95MB/00:49:33 Down: 0.5MB/s / Disk: 0MB/s
(21:38:32) INFO:    [Gog]:              Progress for Gloomhaven: 10.71%/1213.42MB/00:49:30 Down: 2.82MB/s / Disk: 5.32MB/s
(21:38:33) INFO:    [Gog]:              Progress for Gloomhaven: 10.71%/1213.42MB/00:49:39 Down: 0.5MB/s / Disk: 0MB/s
(21:38:34) INFO:    [Gog]:              Progress for Gloomhaven: 10.71%/1213.42MB/00:49:47 Down: 0.5MB/s / Disk: 0MB/s
(21:38:35) INFO:    [Gog]:              Progress for Gloomhaven: 10.71%/1213.42MB/00:49:56 Down: 0.5MB/s / Disk: 0MB/s
(21:38:36) INFO:    [Gog]:              Progress for Gloomhaven: 10.71%/1213.42MB/00:50:04 Down: 0.5MB/s / Disk: 0MB/s
(21:38:38) INFO:    [Gog]:              Progress for Gloomhaven: 10.83%/1227.14MB/00:49:43 Down: 5.52MB/s / Disk: 10.59MB/s
(21:38:40) INFO:    [Gog]:              Progress for Gloomhaven: 11%/1241.51MB/00:49:02 Down: 9.76MB/s / Disk: 19.2MB/s
(21:38:41) INFO:    [Gog]:              Progress for Gloomhaven: 11%/1241.51MB/00:49:10 Down: 0.5MB/s / Disk: 0MB/s
(21:38:42) INFO:    [Gog]:              Progress for Gloomhaven: 11%/1241.51MB/00:49:18 Down: 0.5MB/s / Disk: 0MB/s
(21:38:43) INFO:    [Gog]:              Progress for Gloomhaven: 11.06%/1248.94MB/00:49:12 Down: 3.47MB/s / Disk: 6.72MB/s
(21:38:44) INFO:    [Gog]:              Progress for Gloomhaven: 11.06%/1248.94MB/00:49:20 Down: 0.5MB/s / Disk: 0MB/s
(21:38:45) INFO:    [Gog]:              Progress for Gloomhaven: 11.06%/1256.14MB/00:49:28 Down: 0.5MB/s / Disk: 0MB/s
(21:38:46) INFO:    [Gog]:              Progress for Gloomhaven: 11.12%/1270.92MB/00:49:20 Down: 4.57MB/s / Disk: 9.15MB/s
(21:38:47) INFO:    [Gog]:              Progress for Gloomhaven: 11.18%/1270.92MB/00:49:11 Down: 4.67MB/s / Disk: 8.94MB/s
(21:38:49) INFO:    [Gog]:              Progress for Gloomhaven: 11.24%/1279.52MB/00:49:03 Down: 4.17MB/s / Disk: 7.96MB/s
(21:38:50) INFO:    [Gog]:              Progress for Gloomhaven: 11.24%/1279.52MB/00:49:11 Down: 0.5MB/s / Disk: 0MB/s
(21:38:51) INFO:    [Gog]:              Progress for Gloomhaven: 11.24%/1280.67MB/00:49:19 Down: 0.5MB/s / Disk: 0MB/s
(21:38:52) INFO:    [Gog]:              Progress for Gloomhaven: 11.24%/1282.10MB/00:49:27 Down: 0.5MB/s / Disk: 0MB/s
(21:38:53) INFO:    [Gog]:              Progress for Gloomhaven: 11.24%/1282.10MB/00:49:35 Down: 0.5MB/s / Disk: 0MB/s
(21:38:54) INFO:    [Gog]:              Progress for Gloomhaven: 11.24%/1282.10MB/00:49:43 Down: 0.5MB/s / Disk: 0MB/s
(21:38:55) INFO:    [Gog]:              Progress for Gloomhaven: 11.24%/1283.66MB/00:49:51 Down: 0.27MB/s / Disk: 0MB/s
(21:38:56) INFO:    [Gog]:              Progress for Gloomhaven: 11.24%/1288.15MB/00:49:59 Down: 0.5MB/s / Disk: 0MB/s
(21:38:57) INFO:    [Gog]:              Progress for Gloomhaven: 11.24%/1288.15MB/00:50:07 Down: 0.5MB/s / Disk: 0MB/s
(21:38:58) INFO:    [Gog]:              Progress for Gloomhaven: 11.24%/1290.13MB/00:50:14 Down: 0.5MB/s / Disk: 0MB/s
(21:38:59) INFO:    [Gog]:              Progress for Gloomhaven: 11.24%/1290.13MB/00:50:22 Down: 0.5MB/s / Disk: 0MB/s
(21:39:00) INFO:    [Gog]:              Progress for Gloomhaven: 11.24%/1292.18MB/00:50:30 Down: 0.5MB/s / Disk: 0MB/s
(21:39:01) INFO:    [Gog]:              Progress for Gloomhaven: 11.24%/1292.18MB/00:50:38 Down: 0.5MB/s / Disk: 0MB/s
(21:39:02) INFO:    [Gog]:              Progress for Gloomhaven: 11.24%/1296.11MB/00:50:46 Down: 0.5MB/s / Disk: 0MB/s
(21:39:03) INFO:    [Gog]:              Progress for Gloomhaven: 11.24%/1311.26MB/00:50:54 Down: 0.5MB/s / Disk: 0MB/s
(21:39:04) INFO:    [Gog]:              Progress for Gloomhaven: 11.24%/1311.26MB/00:51:02 Down: 0.5MB/s / Disk: 0MB/s
(21:39:05) INFO:    [Gog]:              Progress for Gloomhaven: 11.47%/1321.42MB/00:50:03 Down: 13.01MB/s / Disk: 25.45MB/s
(21:39:06) INFO:    [Gog]:              Progress for Gloomhaven: 11.47%/1321.42MB/00:50:11 Down: 0.5MB/s / Disk: 0MB/s
(21:39:07) INFO:    [Gog]:              Progress for Gloomhaven: 11.47%/1321.42MB/00:50:19 Down: 0.5MB/s / Disk: 0MB/s
(21:39:08) INFO:    [Gog]:              Progress for Gloomhaven: 11.47%/1324.20MB/00:50:26 Down: 0.5MB/s / Disk: 0MB/s
(21:39:09) INFO:    [Gog]:              Progress for Gloomhaven: 11.47%/1324.20MB/00:50:34 Down: 0.5MB/s / Disk: 0MB/s
(21:39:10) INFO:    [Gog]:              Progress for Gloomhaven: 11.47%/1324.20MB/00:50:42 Down: 0.5MB/s / Disk: 0MB/s
(21:39:11) INFO:    [Gog]:              Progress for Gloomhaven: 11.47%/1324.20MB/00:50:50 Down: 0.5MB/s / Disk: 0MB/s
(21:39:12) INFO:    [Gog]:              Progress for Gloomhaven: 11.47%/1326.98MB/00:50:57 Down: 0.5MB/s / Disk: 0MB/s
(21:39:13) INFO:    [Gog]:              Progress for Gloomhaven: 11.47%/1326.98MB/00:51:05 Down: 0.25MB/s / Disk: 0MB/s
(21:39:14) INFO:    [Gog]:              Progress for Gloomhaven: 11.47%/1330.70MB/00:51:13 Down: 0.5MB/s / Disk: 0MB/s
(21:39:15) INFO:    [Gog]:              Progress for Gloomhaven: 11.47%/1330.70MB/00:51:20 Down: 0.5MB/s / Disk: 0MB/s
(21:39:16) INFO:    [Gog]:              Progress for Gloomhaven: 11.47%/1330.70MB/00:51:28 Down: 0.5MB/s / Disk: 0MB/s
(21:39:18) INFO:    [Gog]:              Progress for Gloomhaven: 12.38%/1341.74MB/00:47:26 Down: 40.45MB/s / Disk: 81.06MB/s
(21:39:19) INFO:    [Gog]:              Progress for Gloomhaven: 12.38%/1341.74MB/00:47:33 Down: 0.5MB/s / Disk: 0MB/s
(21:39:20) INFO:    [Gog]:              Progress for Gloomhaven: 12.38%/1341.74MB/00:47:40 Down: 0.5MB/s / Disk: 0MB/s
(21:39:21) INFO:    [Gog]:              Progress for Gloomhaven: 12.38%/1341.74MB/00:47:47 Down: 0.5MB/s / Disk: 0MB/s
(21:39:22) INFO:    [Gog]:              Progress for Gloomhaven: 12.38%/1341.74MB/00:47:54 Down: 0.5MB/s / Disk: 0MB/s
(21:39:23) INFO:    [Gog]:              Progress for Gloomhaven: 12.38%/1341.74MB/00:48:01 Down: 0.5MB/s / Disk: 0MB/s
(21:39:24) INFO:    [Gog]:              Progress for Gloomhaven: 12.38%/1351.69MB/00:48:08 Down: 0.12MB/s / Disk: 0MB/s
(21:39:25) INFO:    [Gog]:              Progress for Gloomhaven: 12.38%/1351.69MB/00:48:15 Down: 0.5MB/s / Disk: 0MB/s
(21:39:26) INFO:    [Gog]:              Progress for Gloomhaven: 12.5%/1371.29MB/00:47:53 Down: 8.51MB/s / Disk: 17.28MB/s
(21:39:28) INFO:    [Gog]:              Progress for Gloomhaven: 12.62%/1381.23MB/00:47:34 Down: 5.64MB/s / Disk: 10.71MB/s
(21:39:29) INFO:    [Gog]:              Progress for Gloomhaven: 12.62%/1381.23MB/00:47:41 Down: 0.5MB/s / Disk: 0MB/s
(21:39:30) INFO:    [Gog]:              Progress for Gloomhaven: 12.62%/1391.18MB/00:47:48 Down: 0.5MB/s / Disk: 0MB/s
(21:39:31) INFO:    [Gog]:              Progress for Gloomhaven: 12.62%/1391.18MB/00:47:55 Down: 0.5MB/s / Disk: 0MB/s
(21:39:32) INFO:    [Gog]:              Progress for Gloomhaven: 12.62%/1391.18MB/00:48:02 Down: 0.5MB/s / Disk: 0MB/s
(21:39:33) INFO:    [Gog]:              Progress for Gloomhaven: 12.62%/1391.18MB/00:48:09 Down: 0.5MB/s / Disk: 0MB/s
(21:39:34) INFO:    [Gog]:              Progress for Gloomhaven: 12.62%/1401.12MB/00:48:16 Down: 0.5MB/s / Disk: 0MB/s
(21:39:35) INFO:    [Gog]:              Progress for Gloomhaven: 12.62%/1401.12MB/00:48:23 Down: 0.5MB/s / Disk: 0MB/s
(21:39:36) INFO:    [Gog]:              Progress for Gloomhaven: 12.62%/1401.12MB/00:48:30 Down: 0.5MB/s / Disk: 0MB/s
(21:39:37) INFO:    [Gog]:              Progress for Gloomhaven: 12.62%/1401.12MB/00:48:37 Down: 0.5MB/s / Disk: 0MB/s
(21:39:38) INFO:    [Gog]:              Progress for Gloomhaven: 12.62%/1401.12MB/00:48:44 Down: 0.5MB/s / Disk: 0MB/s
(21:39:39) INFO:    [Gog]:              Progress for Gloomhaven: 12.62%/1401.12MB/00:48:51 Down: 0.5MB/s / Disk: 0MB/s
(21:39:40) INFO:    [Gog]:              Progress for Gloomhaven: 12.62%/1401.12MB/00:48:58 Down: 0.5MB/s / Disk: 0MB/s
(21:39:41) INFO:    [Gog]:              Progress for Gloomhaven: 12.62%/1401.12MB/00:49:05 Down: 0.27MB/s / Disk: 0MB/s
(21:39:42) INFO:    [Gog]:              Progress for Gloomhaven: 12.62%/1401.12MB/00:49:12 Down: 0.5MB/s / Disk: 0MB/s
(21:39:43) INFO:    [Gog]:              Progress for Gloomhaven: 12.73%/1421.00MB/00:48:49 Down: 8.32MB/s / Disk: 16.32MB/s
(21:39:44) INFO:    [Gog]:              Progress for Gloomhaven: 12.73%/1421.00MB/00:48:56 Down: 0.5MB/s / Disk: 0MB/s
(21:39:46) INFO:    [Gog]:              Progress for Gloomhaven: 12.91%/1430.94MB/00:48:22 Down: 8.17MB/s / Disk: 16.37MB/s
(21:39:47) INFO:    [Gog]:              Progress for Gloomhaven: 12.91%/1440.89MB/00:48:29 Down: 0.5MB/s / Disk: 0MB/s
(21:39:48) INFO:    [Gog]:              Progress for Gloomhaven: 12.91%/1440.89MB/00:48:35 Down: 0.5MB/s / Disk: 0MB/s
(21:39:49) INFO:    [Gog]:              Progress for Gloomhaven: 12.91%/1450.83MB/00:48:42 Down: 0.5MB/s / Disk: 0MB/s
(21:39:50) INFO:    [Gog]:              Progress for Gloomhaven: 12.91%/1450.83MB/00:48:49 Down: 0.5MB/s / Disk: 0MB/s
(21:39:51) INFO:    [Gog]:              Progress for Gloomhaven: 12.91%/1450.83MB/00:48:56 Down: 0.5MB/s / Disk: 0MB/s
(21:39:53) INFO:    [Gog]:              Progress for Gloomhaven: 13.09%/1460.78MB/00:48:18 Down: 11.29MB/s / Disk: 24.04MB/s
(21:39:54) INFO:    [Gog]:              Progress for Gloomhaven: 13.09%/1460.78MB/00:48:25 Down: 0.5MB/s / Disk: 0MB/s
(21:39:55) INFO:    [Gog]:              Progress for Gloomhaven: 13.09%/1460.78MB/00:48:32 Down: 0.5MB/s / Disk: 0MB/s
(21:39:56) INFO:    [Gog]:              Progress for Gloomhaven: 13.09%/1460.78MB/00:48:38 Down: 0.5MB/s / Disk: 0MB/s
(21:39:57) INFO:    [Gog]:              Progress for Gloomhaven: 13.09%/1460.78MB/00:48:45 Down: 0.5MB/s / Disk: 0MB/s
(21:39:58) INFO:    [Gog]:              Progress for Gloomhaven: 13.15%/1470.76MB/00:48:39 Down: 3.88MB/s / Disk: 7.05MB/s
(21:39:59) INFO:    [Gog]:              Progress for Gloomhaven: 13.15%/1470.81MB/00:48:46 Down: 0.5MB/s / Disk: 0MB/s
(21:40:00) INFO:    [Gog]:              Progress for Gloomhaven: 13.15%/1470.81MB/00:48:53 Down: 0.43MB/s / Disk: 0MB/s
(21:40:01) INFO:    [Gog]:              Progress for Gloomhaven: 13.15%/1471.46MB/00:48:59 Down: 0.5MB/s / Disk: 0MB/s
(21:40:02) INFO:    [Gog]:              Progress for Gloomhaven: 13.15%/1471.46MB/00:49:06 Down: 0.5MB/s / Disk: 0MB/s
(21:40:03) INFO:    [Gog]:              Progress for Gloomhaven: 13.15%/1471.46MB/00:49:12 Down: 0.5MB/s / Disk: 0MB/s
(21:40:04) INFO:    [Gog]:              Progress for Gloomhaven: 13.15%/1471.46MB/00:49:19 Down: 0.5MB/s / Disk: 0MB/s
(21:40:05) INFO:    [Gog]:              Progress for Gloomhaven: 13.15%/1471.46MB/00:49:26 Down: 0.5MB/s / Disk: 0MB/s
(21:40:06) INFO:    [Gog]:              Progress for Gloomhaven: 13.21%/1481.41MB/00:49:20 Down: 3.73MB/s / Disk: 6.78MB/s
(21:40:07) INFO:    [Gog]:              Progress for Gloomhaven: 13.21%/1481.41MB/00:49:27 Down: 0.5MB/s / Disk: 0MB/s
(21:40:08) INFO:    [Gog]:              Progress for Gloomhaven: 13.21%/1483.92MB/00:49:33 Down: 0.5MB/s / Disk: 0MB/s
(21:40:09) INFO:    [Gog]:              Progress for Gloomhaven: 13.21%/1483.99MB/00:49:40 Down: 0.5MB/s / Disk: 0MB/s
(21:40:10) INFO:    [Gog]:              Progress for Gloomhaven: 13.21%/1483.99MB/00:49:46 Down: 0.5MB/s / Disk: 0MB/s
(21:40:11) INFO:    [Gog]:              Progress for Gloomhaven: 13.21%/1484.46MB/00:49:53 Down: 0.5MB/s / Disk: 0MB/s
(21:40:12) INFO:    [Gog]:              Progress for Gloomhaven: 13.21%/1484.46MB/00:50:00 Down: 0.5MB/s / Disk: 0MB/s
(21:40:13) INFO:    [Gog]:              Progress for Gloomhaven: 13.21%/1484.46MB/00:50:06 Down: 0.5MB/s / Disk: 0MB/s
(21:40:14) INFO:    [Gog]:              Progress for Gloomhaven: 13.21%/1484.46MB/00:50:13 Down: 0.5MB/s / Disk: 0MB/s
(21:40:15) INFO:    [Gog]:              Progress for Gloomhaven: 13.21%/1484.46MB/00:50:19 Down: 0.5MB/s / Disk: 0MB/s
(21:40:16) INFO:    [Gog]:              Progress for Gloomhaven: 13.21%/1504.34MB/00:50:26 Down: 0.5MB/s / Disk: 1MB/s
(21:40:17) INFO:    [Gog]:              Progress for Gloomhaven: 13.26%/1504.34MB/00:50:17 Down: 3.18MB/s / Disk: 8.93MB/s
(21:40:18) INFO:    [Gog]:              Progress for Gloomhaven: 13.26%/1507.43MB/00:50:24 Down: 0.5MB/s / Disk: 0MB/s
(21:40:19) INFO:    [Gog]:              Progress for Gloomhaven: 13.26%/1517.37MB/00:50:30 Down: 0.02MB/s / Disk: 0MB/s
(21:40:20) INFO:    [Gog]:              Progress for Gloomhaven: 13.26%/1527.34MB/00:50:37 Down: 0.26MB/s / Disk: 0MB/s
(21:40:21) INFO:    [Gog]:              Progress for Gloomhaven: 13.26%/1538.82MB/00:50:43 Down: 0.5MB/s / Disk: 0MB/s
(21:40:23) INFO:    [Gog]:              Progress for Gloomhaven: 13.5%/1552.03MB/00:49:52 Down: 12.07MB/s / Disk: 25.09MB/s
(21:40:24) INFO:    [Gog]:              Progress for Gloomhaven: 13.5%/1552.03MB/00:49:59 Down: 0.34MB/s / Disk: 0MB/s
(21:40:25) INFO:    [Gog]:              Progress for Gloomhaven: 13.5%/1552.03MB/00:50:05 Down: 0.5MB/s / Disk: 0MB/s
(21:40:26) INFO:    [Gog]:              Progress for Gloomhaven: 13.5%/1558.29MB/00:50:11 Down: 0.5MB/s / Disk: 0MB/s
(21:40:27) INFO:    [Gog]:              Progress for Gloomhaven: 13.5%/1558.29MB/00:50:18 Down: 0.5MB/s / Disk: 0MB/s
(21:40:28) INFO:    [Gog]:              Progress for Gloomhaven: 13.5%/1565.95MB/00:50:24 Down: 0.5MB/s / Disk: 0MB/s
(21:40:29) INFO:    [Gog]:              Progress for Gloomhaven: 13.5%/1565.95MB/00:50:31 Down: 0.5MB/s / Disk: 0MB/s
(21:40:30) INFO:    [Gog]:              Progress for Gloomhaven: 13.5%/1572.07MB/00:50:37 Down: 0.15MB/s / Disk: 0MB/s
(21:40:31) INFO:    [Gog]:              Progress for Gloomhaven: 13.5%/1572.07MB/00:50:44 Down: 0.5MB/s / Disk: 0MB/s
(21:40:32) INFO:    [Gog]:              Progress for Gloomhaven: 13.5%/1576.95MB/00:50:50 Down: 0.5MB/s / Disk: 0MB/s
(21:40:33) INFO:    [Gog]:              Progress for Gloomhaven: 13.5%/1576.95MB/00:50:56 Down: 0.5MB/s / Disk: 0MB/s
(21:40:34) INFO:    [Gog]:              Progress for Gloomhaven: 13.5%/1581.78MB/00:51:03 Down: 0.5MB/s / Disk: 0MB/s
(21:40:35) INFO:    [Gog]:              Progress for Gloomhaven: 13.5%/1592.22MB/00:51:09 Down: 0.5MB/s / Disk: 0MB/s
(21:40:36) INFO:    [Gog]:              Progress for Gloomhaven: 13.5%/1592.84MB/00:51:16 Down: 0.5MB/s / Disk: 0MB/s
(21:40:37) INFO:    [Gog]:              Progress for Gloomhaven: 13.5%/1598.12MB/00:51:22 Down: 0.5MB/s / Disk: 0MB/s
(21:40:38) INFO:    [Gog]:              Progress for Gloomhaven: 13.5%/1602.17MB/00:51:28 Down: 0.5MB/s / Disk: 0MB/s
(21:40:40) INFO:    [Gog]:              Progress for Gloomhaven: 14.78%/1627.10MB/00:46:28 Down: 75.59MB/s / Disk: 148.18MB/s
(21:40:41) INFO:    [Gog]:              Progress for Gloomhaven: 14.78%/1630.48MB/00:46:34 Down: 0.5MB/s / Disk: 0MB/s
(21:40:42) INFO:    [Gog]:              Progress for Gloomhaven: 14.78%/1631.73MB/00:46:40 Down: 0.5MB/s / Disk: 0MB/s
(21:40:43) INFO:    [Gog]:              Progress for Gloomhaven: 14.78%/1632.09MB/00:46:46 Down: 0.5MB/s / Disk: 0MB/s
(21:40:44) INFO:    [Gog]:              Progress for Gloomhaven: 14.78%/1633.62MB/00:46:52 Down: 0.5MB/s / Disk: 0MB/s
(21:40:45) INFO:    [Gog]:              Progress for Gloomhaven: 14.78%/1633.62MB/00:46:57 Down: 0.5MB/s / Disk: 0MB/s
(21:40:46) INFO:    [Gog]:              Progress for Gloomhaven: 14.78%/1633.62MB/00:47:03 Down: 0.5MB/s / Disk: 0MB/s
(21:40:47) INFO:    [Gog]:              Progress for Gloomhaven: 14.78%/1633.62MB/00:47:09 Down: 0.5MB/s / Disk: 0MB/s
(21:40:48) INFO:    [Gog]:              Progress for Gloomhaven: 14.78%/1633.62MB/00:47:15 Down: 0.5MB/s / Disk: 0MB/s
(21:40:49) INFO:    [Gog]:              Progress for Gloomhaven: 14.78%/1633.62MB/00:47:20 Down: 0.5MB/s / Disk: 0MB/s
(21:40:50) INFO:    [Gog]:              Progress for Gloomhaven: 14.78%/1633.62MB/00:47:26 Down: 0.5MB/s / Disk: 0MB/s
(21:40:51) INFO:    [Gog]:              Progress for Gloomhaven: 14.78%/1633.62MB/00:47:32 Down: 0.5MB/s / Disk: 0MB/s
(21:40:52) INFO:    [Gog]:              Progress for Gloomhaven: 14.78%/1633.62MB/00:47:38 Down: 0.5MB/s / Disk: 0MB/s
(21:40:53) INFO:    [Gog]:              Progress for Gloomhaven: 14.78%/1633.62MB/00:47:44 Down: 0.5MB/s / Disk: 0MB/s
(21:40:54) INFO:    [Gog]:              Progress for Gloomhaven: 14.78%/1633.62MB/00:47:49 Down: 0.5MB/s / Disk: 0MB/s
(21:40:55) INFO:    [Gog]:              Progress for Gloomhaven: 14.78%/1633.62MB/00:47:55 Down: 0.5MB/s / Disk: 0MB/s
(21:40:56) INFO:    [Gog]:              Progress for Gloomhaven: 14.78%/1633.62MB/00:48:01 Down: 0.5MB/s / Disk: 0MB/s
(21:40:57) INFO:    [Gog]:              Progress for Gloomhaven: 14.78%/1633.62MB/00:48:07 Down: 0.5MB/s / Disk: 0MB/s
(21:40:58) INFO:    [Gog]:              Progress for Gloomhaven: 14.78%/1633.62MB/00:48:12 Down: 0.5MB/s / Disk: 0MB/s
(21:40:59) INFO:    [Gog]:              Progress for Gloomhaven: 14.78%/1633.62MB/00:48:18 Down: 0.5MB/s / Disk: 0MB/s
(21:41:00) INFO:    [Gog]:              Progress for Gloomhaven: 14.78%/1633.62MB/00:48:24 Down: 0.5MB/s / Disk: 0MB/s
(21:41:01) INFO:    [Gog]:              Progress for Gloomhaven: 14.78%/1633.62MB/00:48:30 Down: 0.5MB/s / Disk: 0MB/s
(21:41:02) INFO:    [Gog]:              Progress for Gloomhaven: 14.78%/1633.62MB/00:48:36 Down: 0.5MB/s / Disk: 0MB/s
(21:41:03) INFO:    [Gog]:              Progress for Gloomhaven: 14.78%/1633.62MB/00:48:41 Down: 0.45MB/s / Disk: 0MB/s
(21:41:04) INFO:    [Gog]:              Progress for Gloomhaven: 14.78%/1633.62MB/00:48:47 Down: 0.5MB/s / Disk: 0MB/s
(21:41:05) INFO:    [Gog]:              Progress for Gloomhaven: 14.78%/1633.62MB/00:48:53 Down: 0.5MB/s / Disk: 0MB/s
(21:41:06) INFO:    [Gog]:              Progress for Gloomhaven: 14.78%/1633.62MB/00:48:59 Down: 0.5MB/s / Disk: 0MB/s
(21:41:07) INFO:    [Gog]:              Progress for Gloomhaven: 14.78%/1633.62MB/00:49:04 Down: 0.5MB/s / Disk: 0MB/s
(21:41:08) INFO:    [Gog]:              Progress for Gloomhaven: 14.78%/1633.62MB/00:49:10 Down: 0.5MB/s / Disk: 0MB/s
(21:41:09) INFO:    [Gog]:              Progress for Gloomhaven: 14.78%/1633.62MB/00:49:16 Down: 0.5MB/s / Disk: 0MB/s
(21:41:10) INFO:    [Gog]:              Progress for Gloomhaven: 14.78%/1633.62MB/00:49:22 Down: 0.5MB/s / Disk: 0MB/s
(21:41:11) INFO:    [Gog]:              Progress for Gloomhaven: 15.01%/1642.20MB/00:48:34 Down: 30.18MB/s / Disk: 30.19MB/s
(21:41:12) INFO:    [Gog]:              Progress for Gloomhaven: 15.01%/1643.97MB/00:48:40 Down: 0.5MB/s / Disk: 0MB/s
(21:41:14) INFO:    [Gog]:              Progress for Gloomhaven: 15.05%/1646.09MB/00:48:40 Down: 6.82MB/s / Disk: 4.28MB/s
(21:41:15) INFO:    [Gog]:              Progress for Gloomhaven: 15.11%/1647.89MB/00:48:33 Down: 20.66MB/s / Disk: 9.31MB/s
(21:41:16) INFO:    [Gog]:              Progress for Gloomhaven: 15.12%/1649.14MB/00:48:40 Down: 9.81MB/s / Disk: 1.67MB/s
(21:41:17) INFO:    [Gog]:              Progress for Gloomhaven: 15.13%/1649.40MB/00:48:43 Down: 12.16MB/s / Disk: 1.14MB/s
(21:41:18) INFO:    [Gog]:              Progress for Gloomhaven: 15.14%/1651.50MB/00:48:48 Down: 1.2MB/s / Disk: 2.01MB/s
(21:41:20) INFO:    [Gog]:              Progress for Gloomhaven: 15.26%/1660.97MB/00:48:29 Down: 7.36MB/s / Disk: 12.28MB/s
(21:41:21) INFO:    [Gog]:              Progress for Gloomhaven: 15.26%/1662.25MB/00:48:35 Down: 0.5MB/s / Disk: 0MB/s
(21:41:22) INFO:    [Gog]:              Progress for Gloomhaven: 15.26%/1662.62MB/00:48:40 Down: 0.05MB/s / Disk: 0MB/s
(21:41:23) INFO:    [Gog]:              Progress for Gloomhaven: 15.26%/1663.50MB/00:48:46 Down: 0.5MB/s / Disk: 0MB/s
(21:41:24) INFO:    [Gog]:              Progress for Gloomhaven: 15.26%/1663.50MB/00:48:51 Down: 0.5MB/s / Disk: 0MB/s
(21:41:25) INFO:    [Gog]:              Progress for Gloomhaven: 15.45%/1668.04MB/00:48:16 Down: 40.46MB/s / Disk: 30.77MB/s
(21:41:26) INFO:    [Gog]:              Progress for Gloomhaven: 15.45%/1668.80MB/00:48:21 Down: 11.62MB/s / Disk: 0.79MB/s
(21:41:28) INFO:    [Gog]:              Progress for Gloomhaven: 15.46%/1669.76MB/00:48:28 Down: 5.87MB/s / Disk: 0.48MB/s
(21:41:29) INFO:    [Gog]:              Progress for Gloomhaven: 15.46%/1670.55MB/00:48:33 Down: 10.12MB/s / Disk: 1MB/s
(21:41:30) INFO:    [Gog]:              Progress for Gloomhaven: 15.47%/1671.36MB/00:48:38 Down: 3.19MB/s / Disk: 0.64MB/s
(21:41:32) INFO:    [Gog]:              Progress for Gloomhaven: 15.47%/1673.29MB/00:48:48 Down: 3.14MB/s / Disk: 0.44MB/s
(21:41:33) INFO:    [Gog]:              Progress for Gloomhaven: 15.47%/1676.83MB/00:48:53 Down: 0.5MB/s / Disk: 0MB/s
(21:41:34) INFO:    [Gog]:              Progress for Gloomhaven: 15.47%/1679.67MB/00:48:59 Down: 0.5MB/s / Disk: 0MB/s
(21:41:35) INFO:    [Gog]:              Progress for Gloomhaven: 15.47%/1682.04MB/00:49:04 Down: 0.5MB/s / Disk: 0MB/s
(21:41:36) INFO:    [Gog]:              Progress for Gloomhaven: 15.47%/1686.59MB/00:49:10 Down: 0.5MB/s / Disk: 0MB/s
(21:41:37) INFO:    [Gog]:              Progress for Gloomhaven: 15.47%/1688.93MB/00:49:15 Down: 0.5MB/s / Disk: 0MB/s
(21:41:38) INFO:    [Gog]:              Progress for Gloomhaven: 15.47%/1691.93MB/00:49:21 Down: 0.5MB/s / Disk: 0MB/s
(21:41:40) INFO:    [Gog]:              Progress for Gloomhaven: 15.66%/1702.26MB/00:48:47 Down: 2.53MB/s / Disk: 19.14MB/s
(21:41:41) INFO:    [Gog]:              Progress for Gloomhaven: 15.72%/1707.73MB/00:48:41 Down: 0.62MB/s / Disk: 8.94MB/s
(21:41:42) INFO:    [Gog]:              Progress for Gloomhaven: 15.74%/1713.20MB/00:48:44 Down: 0.34MB/s / Disk: 2.11MB/s
(21:41:44) INFO:    [Gog]:              Progress for Gloomhaven: 15.76%/1721.17MB/00:48:47 Down: 0.13MB/s / Disk: 3.26MB/s
(21:41:45) INFO:    [Gog]:              Progress for Gloomhaven: 15.87%/1732.21MB/00:48:31 Down: 0.68MB/s / Disk: 12.4MB/s
(21:41:47) INFO:    [Gog]:              Progress for Gloomhaven: 15.9%/1740.46MB/00:48:33 Down: 0.06MB/s / Disk: 2.93MB/s
(21:41:48) INFO:    [Gog]:              Progress for Gloomhaven: 15.98%/1747.55MB/00:48:23 Down: 1.81MB/s / Disk: 10.08MB/s
(21:41:50) INFO:    [Gog]:              Progress for Gloomhaven: 16.01%/1754.84MB/00:48:23 Down: 2.37MB/s / Disk: 3.49MB/s
(21:41:51) INFO:    [Gog]:              Progress for Gloomhaven: 16.07%/1759.31MB/00:48:18 Down: 3.27MB/s / Disk: 7.89MB/s
(21:41:52) INFO:    [Legendary]:        Logging in: LEGENDARY_CONFIG_PATH=/home/strobelt/.config/heroic/legendaryConfig/legendary /opt/Heroic/resources/app.asar.unpacked/build/bin/x64/linux/legendary auth --code <redacted>
(21:41:52) INFO:    [Gog]:              Progress for Gloomhaven: 16.11%/1769.30MB/00:48:15 Down: 2.63MB/s / Disk: 5.51MB/s
(21:41:53) INFO:    [Frontend]:         Refreshing legendary Library
(21:41:53) INFO:    [Legendary]:        Refreshing library...
(21:41:53) INFO:    [Legendary]:        Refreshing Epic Games...
(21:41:53) INFO:    [Legendary]:        Running command: LEGENDARY_CONFIG_PATH=/home/strobelt/.config/heroic/legendaryConfig/legendary /opt/Heroic/resources/app.asar.unpacked/build/bin/x64/linux/legendary list --third-party
(21:41:54) INFO:    [Gog]:              Progress for Gloomhaven: 16.2%/1776.63MB/00:48:06 Down: 1.63MB/s / Disk: 8.19MB/s
(21:41:55) INFO:    [Gog]:              Progress for Gloomhaven: 16.23%/1781.42MB/00:48:06 Down: 2.36MB/s / Disk: 4.8MB/s
(21:41:56) INFO:    [Gog]:              Progress for Gloomhaven: 16.26%/1785.50MB/00:48:05 Down: 0.39MB/s / Disk: 4.11MB/s
(21:41:58) INFO:    [Legendary]:        Game list updated, got 115 games & DLCs
(21:41:58) INFO:    [Gog]:              Progress for Gloomhaven: 16.31%/1790.62MB/00:48:03 Down: 0.4MB/s / Disk: 4.84MB/s
(21:41:58) INFO:    [Frontend]:         No cache found, getting data from legendary...
(21:41:58) INFO:    [Legendary]:        Refreshing library...
(21:41:58) INFO:    [Legendary]:        Refreshing Epic Games...
(21:41:58) INFO:    [Legendary]:        Running command: LEGENDARY_CONFIG_PATH=/home/strobelt/.config/heroic/legendaryConfig/legendary /opt/Heroic/resources/app.asar.unpacked/build/bin/x64/linux/legendary list --third-party
(21:41:59) INFO:    [Gog]:              Progress for Gloomhaven: 16.31%/1790.62MB/00:48:09 Down: 0.03MB/s / Disk: 0MB/s
(21:42:00) INFO:    [Gog]:              Progress for Gloomhaven: 16.31%/1790.62MB/00:48:14 Down: 0.03MB/s / Disk: 0MB/s
(21:42:01) INFO:    [Legendary]:        Game list updated, got 115 games & DLCs
(21:42:01) INFO:    [Frontend]:         Force Update
(21:42:01) INFO:    [Gog]:              Progress for Gloomhaven: 16.31%/1790.62MB/00:48:19 Down: 0.03MB/s / Disk: 0MB/s
(21:42:02) INFO:    [Gog]:              Progress for Gloomhaven: 16.31%/1808.74MB/00:48:24 Down: 0.03MB/s / Disk: 0MB/s
(21:42:03) INFO:    [Gog]:              Progress for Gloomhaven: 16.31%/1808.74MB/00:48:29 Down: 0.03MB/s / Disk: 0MB/s
(21:42:04) INFO:    [Gog]:              Progress for Gloomhaven: 16.31%/1818.00MB/00:48:34 Down: 0.03MB/s / Disk: 0MB/s
(21:42:05) INFO:    [Gog]:              Progress for Gloomhaven: 16.31%/1818.00MB/00:48:39 Down: 0.03MB/s / Disk: 0MB/s
(21:42:06) INFO:    [Gog]:              Progress for Gloomhaven: 16.31%/1818.00MB/00:48:45 Down: 0.03MB/s / Disk: 0MB/s
(21:42:07) INFO:    [Gog]:              Progress for Gloomhaven: 16.31%/1818.00MB/00:48:50 Down: 0.03MB/s / Disk: 0MB/s
(21:42:08) INFO:    [Gog]:              Progress for Gloomhaven: 16.31%/1818.00MB/00:48:55 Down: 0.03MB/s / Disk: 0MB/s
(21:42:09) INFO:    [Gog]:              Progress for Gloomhaven: 16.31%/1818.00MB/00:49:00 Down: 0.03MB/s / Disk: 0MB/s
(21:42:10) INFO:    [Gog]:              Progress for Gloomhaven: 16.31%/1818.00MB/00:49:05 Down: 0.03MB/s / Disk: 0MB/s
(21:42:11) INFO:    [Gog]:              Progress for Gloomhaven: 16.31%/1818.00MB/00:49:10 Down: 0.03MB/s / Disk: 0MB/s
(21:42:12) INFO:    [Gog]:              Progress for Gloomhaven: 16.31%/1818.00MB/00:49:15 Down: 0.03MB/s / Disk: 0MB/s
(21:42:13) INFO:    [Gog]:              Progress for Gloomhaven: 16.31%/1818.00MB/00:49:20 Down: 0.03MB/s / Disk: 0MB/s
(21:42:14) INFO:    [Gog]:              Progress for Gloomhaven: 16.31%/1818.00MB/00:49:26 Down: 0.03MB/s / Disk: 0MB/s
(21:42:15) INFO:    [Gog]:              Progress for Gloomhaven: 16.31%/1819.80MB/00:49:31 Down: 0.03MB/s / Disk: 0MB/s
(21:42:16) INFO:    [Gog]:              Progress for Gloomhaven: 16.31%/1828.86MB/00:49:36 Down: 0.03MB/s / Disk: 0MB/s
(21:42:17) INFO:    [Gog]:              Progress for Gloomhaven: 16.31%/1828.86MB/00:49:41 Down: 0.03MB/s / Disk: 0MB/s
(21:42:18) INFO:    [Gog]:              Progress for Gloomhaven: 16.31%/1828.86MB/00:49:46 Down: 0.03MB/s / Disk: 0MB/s
(21:42:19) INFO:    [Gog]:              Progress for Gloomhaven: 16.31%/1828.86MB/00:49:51 Down: 0.03MB/s / Disk: 0MB/s
(21:42:20) INFO:    [Gog]:              Progress for Gloomhaven: 16.31%/1838.01MB/00:49:56 Down: 0.03MB/s / Disk: 0MB/s
(21:42:21) INFO:    [Gog]:              Progress for Gloomhaven: 16.31%/1838.01MB/00:50:02 Down: 0.03MB/s / Disk: 0MB/s
(21:42:22) INFO:    [Gog]:              Progress for Gloomhaven: 16.31%/1846.97MB/00:50:07 Down: 0.03MB/s / Disk: 0MB/s
(21:42:23) INFO:    [Gog]:              Progress for Gloomhaven: 16.31%/1846.97MB/00:50:12 Down: 0.03MB/s / Disk: 0MB/s
(21:42:24) INFO:    [Gog]:              Progress for Gloomhaven: 16.31%/1846.97MB/00:50:17 Down: 0.03MB/s / Disk: 0MB/s
(21:42:25) INFO:    [Gog]:              Progress for Gloomhaven: 16.31%/1873.97MB/00:50:22 Down: 0.03MB/s / Disk: 0MB/s
(21:42:26) INFO:    [Gog]:              Progress for Gloomhaven: 16.31%/1873.97MB/00:50:27 Down: 0.03MB/s / Disk: 0MB/s
(21:42:27) INFO:    [Gog]:              Progress for Gloomhaven: 16.31%/1873.97MB/00:50:32 Down: 0.03MB/s / Disk: 0MB/s
(21:42:28) INFO:    [Gog]:              Progress for Gloomhaven: 16.31%/1873.97MB/00:50:38 Down: 0.03MB/s / Disk: 0MB/s
(21:42:30) INFO:    [Gog]:              Progress for Gloomhaven: 16.84%/1882.98MB/00:48:53 Down: 4.08MB/s / Disk: 45.31MB/s
(21:42:31) INFO:    [Gog]:              Progress for Gloomhaven: 16.84%/1882.98MB/00:48:58 Down: 0.5MB/s / Disk: 0MB/s
(21:42:32) INFO:    [Gog]:              Progress for Gloomhaven: 16.84%/1882.98MB/00:49:03 Down: 0.38MB/s / Disk: 0MB/s
(21:42:34) INFO:    [Gog]:              Progress for Gloomhaven: 17.1%/1929.05MB/00:48:20 Down: 8.79MB/s / Disk: 22.14MB/s
(21:42:35) INFO:    [Gog]:              Progress for Gloomhaven: 17.16%/1948.39MB/00:48:13 Down: 5.25MB/s / Disk: 14.99MB/s
(21:42:36) INFO:    [Gog]:              Progress for Gloomhaven: 17.28%/1948.39MB/00:47:52 Down: 6.01MB/s / Disk: 16.23MB/s
(21:42:38) INFO:    [Gog]:              Progress for Gloomhaven: 17.4%/1957.10MB/00:47:35 Down: 4.8MB/s / Disk: 13.65MB/s
(21:42:39) INFO:    [Gog]:              Progress for Gloomhaven: 17.4%/1957.10MB/00:47:40 Down: 0.2MB/s / Disk: 0MB/s
(21:42:40) INFO:    [Gog]:              Progress for Gloomhaven: 17.4%/1957.10MB/00:47:45 Down: 0.5MB/s / Disk: 0MB/s
(21:42:41) INFO:    [Gog]:              Progress for Gloomhaven: 17.4%/1966.19MB/00:47:50 Down: 0.5MB/s / Disk: 0MB/s
(21:42:42) INFO:    [Gog]:              Progress for Gloomhaven: 17.4%/1983.84MB/00:47:54 Down: 0.46MB/s / Disk: 0MB/s
(21:42:43) INFO:    [Gog]:              Progress for Gloomhaven: 17.4%/1983.84MB/00:47:59 Down: 0.5MB/s / Disk: 0MB/s
(21:42:44) INFO:    [Gog]:              Progress for Gloomhaven: 17.4%/1997.79MB/00:48:04 Down: 0.5MB/s / Disk: 0MB/s
(21:42:45) INFO:    [Gog]:              Progress for Gloomhaven: 17.4%/1997.79MB/00:48:09 Down: 0.5MB/s / Disk: 0MB/s
(21:42:46) INFO:    [Gog]:              Progress for Gloomhaven: 17.4%/1997.79MB/00:48:13 Down: 0.15MB/s / Disk: 0MB/s
(21:42:47) INFO:    [Gog]:              Progress for Gloomhaven: 17.4%/1997.79MB/00:48:18 Down: 0.45MB/s / Disk: 0MB/s
(21:42:48) INFO:    [Gog]:              Progress for Gloomhaven: 17.4%/2033.56MB/00:48:23 Down: 0.11MB/s / Disk: 0MB/s
(21:42:49) INFO:    [Gog]:              Progress for Gloomhaven: 17.4%/2051.49MB/00:48:28 Down: 0.37MB/s / Disk: 0MB/s
(21:42:50) INFO:    [Gog]:              Progress for Gloomhaven: 18.02%/2060.52MB/00:46:35 Down: 21.98MB/s / Disk: 57.33MB/s
(21:42:52) INFO:    [Gog]:              Progress for Gloomhaven: 18.21%/2080.75MB/00:46:08 Down: 6.98MB/s / Disk: 18.3MB/s
(21:42:53) INFO:    [Gog]:              Progress for Gloomhaven: 18.21%/2080.75MB/00:46:12 Down: 0.3MB/s / Disk: 0MB/s
(21:42:54) INFO:    [Gog]:              Progress for Gloomhaven: 18.21%/2080.75MB/00:46:17 Down: 0.5MB/s / Disk: 0MB/s
(21:42:55) INFO:    [Gog]:              Progress for Gloomhaven: 18.21%/2080.75MB/00:46:21 Down: 0.5MB/s / Disk: 0MB/s
(21:42:56) INFO:    [Gog]:              Progress for Gloomhaven: 18.21%/2097.52MB/00:46:26 Down: 0.47MB/s / Disk: 0MB/s
(21:42:57) INFO:    [Gog]:              Progress for Gloomhaven: 18.21%/2097.52MB/00:46:30 Down: 0.19MB/s / Disk: 0MB/s
(21:42:58) INFO:    [Gog]:              Progress for Gloomhaven: 18.21%/2105.87MB/00:46:35 Down: 0.14MB/s / Disk: 0MB/s
(21:42:59) INFO:    [Gog]:              Progress for Gloomhaven: 18.21%/2105.87MB/00:46:39 Down: 0.23MB/s / Disk: 0MB/s
(21:43:00) INFO:    [Gog]:              Progress for Gloomhaven: 18.21%/2114.24MB/00:46:44 Down: 0.15MB/s / Disk: 0MB/s
(21:43:01) INFO:    [Gog]:              Progress for Gloomhaven: 18.21%/2122.58MB/00:46:48 Down: 0.23MB/s / Disk: 0MB/s
(21:43:02) INFO:    [Gog]:              Progress for Gloomhaven: 18.21%/2122.58MB/00:46:53 Down: 0.17MB/s / Disk: 0MB/s
(21:43:03) INFO:    [Gog]:              Progress for Gloomhaven: 18.21%/2122.58MB/00:46:57 Down: 0.38MB/s / Disk: 0MB/s
(21:43:04) INFO:    [Gog]:              Progress for Gloomhaven: 18.21%/2135.01MB/00:47:02 Down: 0.15MB/s / Disk: 0MB/s
(21:43:05) INFO:    [Gog]:              Progress for Gloomhaven: 18.21%/2135.01MB/00:47:06 Down: 0.16MB/s / Disk: 0MB/s
(21:43:07) INFO:    [Gog]:              Progress for Gloomhaven: 18.55%/2152.48MB/00:46:09 Down: 8.36MB/s / Disk: 35.35MB/s
(21:43:08) INFO:    [Gog]:              Progress for Gloomhaven: 18.55%/2152.48MB/00:46:13 Down: 0.39MB/s / Disk: 0MB/s
(21:43:09) INFO:    [Gog]:              Progress for Gloomhaven: 18.55%/2152.48MB/00:46:18 Down: 0.5MB/s / Disk: 0MB/s
(21:43:10) INFO:    [Gog]:              Progress for Gloomhaven: 18.55%/2152.48MB/00:46:22 Down: 0.5MB/s / Disk: 0MB/s
(21:43:11) INFO:    [Gog]:              Progress for Gloomhaven: 18.55%/2161.48MB/00:46:27 Down: 0.16MB/s / Disk: 0MB/s
(21:43:13) INFO:    [Gog]:              Progress for Gloomhaven: 18.76%/2169.79MB/00:45:57 Down: 10.25MB/s / Disk: 20.06MB/s
(21:43:14) INFO:    [Gog]:              Progress for Gloomhaven: 18.76%/2169.79MB/00:46:01 Down: 0.5MB/s / Disk: 0MB/s
(21:43:15) INFO:    [Gog]:              Progress for Gloomhaven: 18.76%/2169.79MB/00:46:05 Down: 0.5MB/s / Disk: 0MB/s
(21:43:16) INFO:    [Gog]:              Progress for Gloomhaven: 18.76%/2169.79MB/00:46:10 Down: 0.5MB/s / Disk: 0MB/s
(21:43:17) INFO:    [Gog]:              Progress for Gloomhaven: 18.76%/2186.47MB/00:46:14 Down: 0.5MB/s / Disk: 0MB/s
(21:43:18) INFO:    [Gog]:              Progress for Gloomhaven: 18.76%/2186.47MB/00:46:18 Down: 0.5MB/s / Disk: 0MB/s
(21:43:19) INFO:    [Gog]:              Progress for Gloomhaven: 18.76%/2197.22MB/00:46:23 Down: 0.5MB/s / Disk: 0MB/s
(21:43:20) INFO:    [Gog]:              Progress for Gloomhaven: 18.76%/2206.16MB/00:46:27 Down: 0.5MB/s / Disk: 0MB/s
(21:43:21) INFO:    [Gog]:              Progress for Gloomhaven: 18.76%/2206.16MB/00:46:32 Down: 0.5MB/s / Disk: 0MB/s
(21:43:22) INFO:    [Gog]:              Progress for Gloomhaven: 18.76%/2206.16MB/00:46:36 Down: 0.5MB/s / Disk: 0MB/s
(21:43:23) INFO:    [Gog]:              Progress for Gloomhaven: 18.76%/2206.16MB/00:46:40 Down: 0.5MB/s / Disk: 0MB/s
(21:43:24) INFO:    [Gog]:              Progress for Gloomhaven: 18.76%/2206.16MB/00:46:45 Down: 0.5MB/s / Disk: 0MB/s
(21:43:25) INFO:    [Gog]:              Progress for Gloomhaven: 18.76%/2215.11MB/00:46:49 Down: 0.5MB/s / Disk: 0MB/s
(21:43:26) INFO:    [Gog]:              Progress for Gloomhaven: 18.76%/2215.11MB/00:46:53 Down: 0.5MB/s / Disk: 0MB/s
(21:43:26) INFO:    [ExtraGameInfo]:    Using cached ExtraGameInfo data for Gloomhaven
(21:43:26) INFO:    [Gog]:              Running command: GOGDL_CONFIG_PATH=/home/strobelt/.config/heroic/gogdlConfig /opt/Heroic/resources/app.asar.unpacked/build/bin/x64/linux/gogdl --auth-config-path /home/strobelt/.config/heroic/gog_store/auth.json auth
(21:43:26) INFO:    [ExtraGameInfo]:    Using cached ExtraGameInfo data for Gloomhaven
(21:43:26) INFO:    [Gog]:              Got install info from cache for 2102122491 on windows platform
(21:43:26) INFO:    [Gog]:              Got install info from cache for 2102122491 on windows platform
(21:43:27) INFO:    [Gog]:              Progress for Gloomhaven: 18.76%/2215.11MB/00:46:58 Down: 0.5MB/s / Disk: 0MB/s
(21:43:28) INFO:    [Gog]:              Progress for Gloomhaven: 18.76%/2215.11MB/00:47:02 Down: 0.5MB/s / Disk: 0MB/s
(21:43:29) INFO:    [Gog]:              Progress for Gloomhaven: 18.76%/2215.11MB/00:47:06 Down: 0.5MB/s / Disk: 0MB/s
(21:43:31) INFO:    [Gog]:              Progress for Gloomhaven: 19.04%/2232.30MB/00:46:23 Down: 12.45MB/s / Disk: 24.87MB/s
(21:43:32) INFO:    [Gog]:              Progress for Gloomhaven: 19.04%/2242.12MB/00:46:28 Down: 0.5MB/s / Disk: 0MB/s
(21:43:33) INFO:    [Gog]:              Progress for Gloomhaven: 19.04%/2242.12MB/00:46:32 Down: 0.5MB/s / Disk: 0MB/s
(21:43:34) INFO:    [Gog]:              Progress for Gloomhaven: 19.04%/2242.12MB/00:46:36 Down: 0.5MB/s / Disk: 0MB/s
(21:43:35) INFO:    [Gog]:              Progress for Gloomhaven: 19.04%/2242.12MB/00:46:41 Down: 0.5MB/s / Disk: 0MB/s
(21:43:36) INFO:    [Gog]:              Progress for Gloomhaven: 19.04%/2251.08MB/00:46:45 Down: 0.5MB/s / Disk: 0MB/s
(21:43:37) INFO:    [Gog]:              Progress for Gloomhaven: 19.04%/2251.08MB/00:46:49 Down: 0.12MB/s / Disk: 0MB/s
(21:43:38) INFO:    [Gog]:              Progress for Gloomhaven: 19.04%/2260.17MB/00:46:53 Down: 0.5MB/s / Disk: 0MB/s
(21:43:39) INFO:    [Gog]:              Progress for Gloomhaven: 19.46%/2278.46MB/00:45:42 Down: 30.73MB/s / Disk: 62.27MB/s
(21:43:40) INFO:    [Gog]:              Progress for Gloomhaven: 19.46%/2278.46MB/00:45:46 Down: 0.5MB/s / Disk: 0MB/s
(21:43:41) INFO:    [Gog]:              Progress for Gloomhaven: 19.46%/2289.16MB/00:45:50 Down: 0.5MB/s / Disk: 0MB/s
(21:43:42) INFO:    [Gog]:              Progress for Gloomhaven: 19.46%/2289.16MB/00:45:55 Down: 0.5MB/s / Disk: 0MB/s
(21:43:43) INFO:    [Gog]:              Progress for Gloomhaven: 19.46%/2297.91MB/00:45:59 Down: 0.5MB/s / Disk: 0MB/s
(21:43:44) INFO:    [Gog]:              Progress for Gloomhaven: 19.73%/2310.97MB/00:45:18 Down: 16.76MB/s / Disk: 32.7MB/s
(21:43:45) INFO:    [Gog]:              Progress for Gloomhaven: 19.73%/2319.72MB/00:45:22 Down: 0.5MB/s / Disk: 0MB/s
(21:43:46) INFO:    [Gog]:              Progress for Gloomhaven: 19.88%/2341.16MB/00:45:02 Down: 10.55MB/s / Disk: 20.8MB/s
(21:43:47) INFO:    [Gog]:              Progress for Gloomhaven: 19.88%/2359.66MB/00:45:06 Down: 0.5MB/s / Disk: 0MB/s
(21:43:48) INFO:    [Gog]:              Progress for Gloomhaven: 19.88%/2367.45MB/00:45:10 Down: 0.5MB/s / Disk: 0MB/s
(21:43:49) INFO:    [Gog]:              Progress for Gloomhaven: 19.88%/2375.38MB/00:45:14 Down: 0.5MB/s / Disk: 0MB/s
(21:43:50) INFO:    [Gog]:              Progress for Gloomhaven: 19.88%/2383.43MB/00:45:18 Down: 0.5MB/s / Disk: 0MB/s
(21:43:51) INFO:    [Gog]:              Progress for Gloomhaven: 19.88%/2391.95MB/00:45:22 Down: 0.5MB/s / Disk: 0MB/s
(21:43:52) INFO:    [Gog]:              Progress for Gloomhaven: 19.88%/2409.49MB/00:45:26 Down: 0.5MB/s / Disk: 0MB/s
(21:43:53) INFO:    [Gog]:              Progress for Gloomhaven: 19.88%/2418.01MB/00:45:30 Down: 0.5MB/s / Disk: 0MB/s
(21:43:54) INFO:    [Gog]:              Progress for Gloomhaven: 19.88%/2418.01MB/00:45:34 Down: 0.5MB/s / Disk: 0MB/s
(21:43:55) INFO:    [Gog]:              Progress for Gloomhaven: 19.88%/2418.01MB/00:45:38 Down: 0.5MB/s / Disk: 0MB/s
(21:43:56) INFO:    [Gog]:              Progress for Gloomhaven: 19.88%/2418.01MB/00:45:42 Down: 0.5MB/s / Disk: 0MB/s
(21:43:57) INFO:    [Gog]:              Progress for Gloomhaven: 19.88%/2435.62MB/00:45:46 Down: 0.5MB/s / Disk: 0MB/s
(21:43:58) INFO:    [Gog]:              Progress for Gloomhaven: 19.88%/2444.89MB/00:45:50 Down: 0.5MB/s / Disk: 0MB/s
(21:43:59) INFO:    [Gog]:              Progress for Gloomhaven: 19.88%/2452.94MB/00:45:54 Down: 0.5MB/s / Disk: 0MB/s
(21:44:00) INFO:    [Gog]:              Progress for Gloomhaven: 19.88%/2452.94MB/00:45:58 Down: 0.5MB/s / Disk: 0MB/s
(21:44:01) INFO:    [Gog]:              Progress for Gloomhaven: 19.88%/2470.89MB/00:46:02 Down: 0.5MB/s / Disk: 0MB/s
(21:44:02) INFO:    [Gog]:              Progress for Gloomhaven: 19.88%/2470.89MB/00:46:06 Down: 0.5MB/s / Disk: 0MB/s
(21:44:03) INFO:    [Gog]:              Progress for Gloomhaven: 19.88%/2479.92MB/00:46:10 Down: 0.5MB/s / Disk: 0MB/s
(21:44:04) INFO:    [Gog]:              Progress for Gloomhaven: 19.88%/2479.92MB/00:46:14 Down: 0.5MB/s / Disk: 0MB/s
(21:44:06) INFO:    [Gog]:              Progress for Gloomhaven: 20.99%/2512.50MB/00:43:17 Down: 58.73MB/s / Disk: 115.89MB/s
(21:44:07) INFO:    [Gog]:              Progress for Gloomhaven: 20.99%/2512.50MB/00:43:20 Down: 0.5MB/s / Disk: 0MB/s
(21:44:08) INFO:    [Gog]:              Progress for Gloomhaven: 20.99%/2512.50MB/00:43:24 Down: 0.5MB/s / Disk: 0MB/s
(21:44:09) INFO:    [Gog]:              Progress for Gloomhaven: 20.99%/2512.50MB/00:43:28 Down: 0.5MB/s / Disk: 0MB/s
(21:44:10) INFO:    [Gog]:              Progress for Gloomhaven: 20.99%/2512.50MB/00:43:32 Down: 0.5MB/s / Disk: 0MB/s
(21:44:11) INFO:    [Gog]:              Progress for Gloomhaven: 20.99%/2512.50MB/00:43:36 Down: 0.5MB/s / Disk: 0MB/s
(21:44:12) INFO:    [Gog]:              Progress for Gloomhaven: 20.99%/2512.50MB/00:43:39 Down: 0.5MB/s / Disk: 0MB/s
(21:44:13) INFO:    [Gog]:              Progress for Gloomhaven: 20.99%/2512.50MB/00:43:43 Down: 0.5MB/s / Disk: 0MB/s
(21:44:14) INFO:    [Gog]:              Progress for Gloomhaven: 20.99%/2512.50MB/00:43:47 Down: 0.5MB/s / Disk: 0MB/s
(21:44:15) INFO:    [Gog]:              Progress for Gloomhaven: 20.99%/2519.23MB/00:43:51 Down: 0.5MB/s / Disk: 0MB/s
(21:44:16) INFO:    [Gog]:              Progress for Gloomhaven: 20.99%/2528.14MB/00:43:54 Down: 0.5MB/s / Disk: 0MB/s
(21:44:17) INFO:    [Gog]:              Progress for Gloomhaven: 20.99%/2528.14MB/00:43:58 Down: 0.5MB/s / Disk: 0MB/s
(21:44:18) INFO:    [Gog]:              Progress for Gloomhaven: 20.99%/2528.14MB/00:44:02 Down: 0.5MB/s / Disk: 0MB/s
(21:44:19) INFO:    [Gog]:              Progress for Gloomhaven: 20.99%/2528.14MB/00:44:06 Down: 0.5MB/s / Disk: 0MB/s
(21:44:20) INFO:    [Gog]:              Progress for Gloomhaven: 20.99%/2528.14MB/00:44:09 Down: 0.5MB/s / Disk: 0MB/s
(21:44:21) INFO:    [Gog]:              Progress for Gloomhaven: 20.99%/2528.14MB/00:44:13 Down: 0.5MB/s / Disk: 0MB/s
(21:44:22) INFO:    [Gog]:              Progress for Gloomhaven: 20.99%/2528.14MB/00:44:17 Down: 0.5MB/s / Disk: 0MB/s
(21:44:23) INFO:    [Gog]:              Progress for Gloomhaven: 20.99%/2542.88MB/00:44:21 Down: 0.5MB/s / Disk: 0MB/s
(21:44:24) INFO:    [Gog]:              Progress for Gloomhaven: 20.99%/2551.70MB/00:44:25 Down: 0.5MB/s / Disk: 0MB/s
(21:44:25) INFO:    [Gog]:              Progress for Gloomhaven: 20.99%/2567.60MB/00:44:28 Down: 0.5MB/s / Disk: 0MB/s
(21:44:26) INFO:    [Gog]:              Progress for Gloomhaven: 20.99%/2567.60MB/00:44:32 Down: 0.5MB/s / Disk: 0MB/s
(21:44:27) INFO:    [Gog]:              Progress for Gloomhaven: 20.99%/2576.40MB/00:44:36 Down: 0.5MB/s / Disk: 0MB/s
(21:44:28) INFO:    [Gog]:              Progress for Gloomhaven: 21.43%/2594.16MB/00:43:30 Down: 31.45MB/s / Disk: 60.97MB/s
(21:44:29) INFO:    [Gog]:              Progress for Gloomhaven: 21.43%/2594.16MB/00:43:34 Down: 0.5MB/s / Disk: 0MB/s
(21:44:31) INFO:    [Gog]:              Progress for Gloomhaven: 21.75%/2620.70MB/00:42:52 Down: 14.7MB/s / Disk: 29.42MB/s
(21:44:32) INFO:    [Gog]:              Progress for Gloomhaven: 21.75%/2620.70MB/00:42:55 Down: 0.5MB/s / Disk: 0MB/s
(21:44:33) INFO:    [Gog]:              Progress for Gloomhaven: 21.75%/2620.70MB/00:42:59 Down: 0.5MB/s / Disk: 0MB/s
(21:44:34) INFO:    [Gog]:              Progress for Gloomhaven: 21.75%/2620.70MB/00:43:03 Down: 0.5MB/s / Disk: 0MB/s
(21:44:35) INFO:    [Gog]:              Progress for Gloomhaven: 21.75%/2620.70MB/00:43:06 Down: 0.5MB/s / Disk: 0MB/s
(21:44:36) INFO:    [Gog]:              Progress for Gloomhaven: 21.75%/2620.70MB/00:43:10 Down: 0.5MB/s / Disk: 0MB/s
(21:44:37) INFO:    [Gog]:              Progress for Gloomhaven: 21.75%/2634.32MB/00:43:13 Down: 0.5MB/s / Disk: 0MB/s
(21:44:38) INFO:    [Gog]:              Progress for Gloomhaven: 21.75%/2643.02MB/00:43:17 Down: 0.5MB/s / Disk: 0MB/s
(21:44:39) INFO:    [Gog]:              Progress for Gloomhaven: 21.75%/2643.02MB/00:43:21 Down: 0.5MB/s / Disk: 0MB/s
(21:44:40) INFO:    [Gog]:              Progress for Gloomhaven: 21.75%/2643.02MB/00:43:24 Down: 0.5MB/s / Disk: 0MB/s
(21:44:41) INFO:    [Gog]:              Progress for Gloomhaven: 21.75%/2666.99MB/00:43:28 Down: 0.5MB/s / Disk: 0MB/s
(21:44:42) INFO:    [Gog]:              Progress for Gloomhaven: 21.75%/2675.53MB/00:43:31 Down: 0.5MB/s / Disk: 0MB/s
(21:44:43) INFO:    [Gog]:              Progress for Gloomhaven: 21.75%/2675.53MB/00:43:35 Down: 0.5MB/s / Disk: 0MB/s
(21:44:44) INFO:    [Gog]:              Progress for Gloomhaven: 21.75%/2684.45MB/00:43:39 Down: 0.5MB/s / Disk: 0MB/s
(21:44:46) INFO:    [Gog]:              Progress for Gloomhaven: 22.12%/2694.31MB/00:42:49 Down: 18.82MB/s / Disk: 36.53MB/s
(21:44:47) INFO:    [Gog]:              Progress for Gloomhaven: 22.24%/2703.40MB/00:42:35 Down: 10.46MB/s / Disk: 19.58MB/s
(21:44:48) INFO:    [Gog]:              Progress for Gloomhaven: 22.24%/2703.40MB/00:42:38 Down: 0.5MB/s / Disk: 0MB/s
(21:44:49) INFO:    [Gog]:              Progress for Gloomhaven: 22.24%/2703.40MB/00:42:42 Down: 0.5MB/s / Disk: 0MB/s
(21:44:50) INFO:    [Gog]:              Progress for Gloomhaven: 22.24%/2720.77MB/00:42:45 Down: 5.87MB/s / Disk: 12MB/s
(21:44:51) INFO:    [Gog]:              Progress for Gloomhaven: 22.41%/2734.76MB/00:42:24 Down: 8.74MB/s / Disk: 16.31MB/s
(21:44:52) INFO:    [Gog]:              Progress for Gloomhaven: 22.41%/2735.41MB/00:42:27 Down: 0.5MB/s / Disk: 0MB/s
(21:44:53) INFO:    [Gog]:              Progress for Gloomhaven: 22.41%/2749.38MB/00:42:31 Down: 0.5MB/s / Disk: 0MB/s
(21:44:54) INFO:    [Gog]:              Progress for Gloomhaven: 22.41%/2751.75MB/00:42:34 Down: 0.5MB/s / Disk: 0MB/s
(21:44:55) INFO:    [Gog]:              Progress for Gloomhaven: 22.41%/2756.34MB/00:42:38 Down: 0.5MB/s / Disk: 0MB/s
(21:44:56) INFO:    [Gog]:              Progress for Gloomhaven: 22.6%/2772.85MB/00:42:14 Down: 15.06MB/s / Disk: 28.72MB/s
(21:44:57) INFO:    [Gog]:              Progress for Gloomhaven: 22.71%/2800.08MB/00:42:02 Down: 9.05MB/s / Disk: 17.17MB/s
(21:44:58) INFO:    [Gog]:              Progress for Gloomhaven: 22.71%/2813.98MB/00:42:05 Down: 0.5MB/s / Disk: 0MB/s
(21:44:59) INFO:    [Gog]:              Progress for Gloomhaven: 23.13%/2831.76MB/00:41:09 Down: 62.23MB/s / Disk: 68.99MB/s
(21:45:00) INFO:    [Gog]:              Progress for Gloomhaven: 23.14%/2833.09MB/00:41:11 Down: 14.43MB/s / Disk: 1.84MB/s
(21:45:01) INFO:    [Gog]:              Progress for Gloomhaven: 23.15%/2834.44MB/00:41:13 Down: 13.36MB/s / Disk: 1.57MB/s
(21:45:02) INFO:    [Gog]:              Progress for Gloomhaven: 23.16%/2835.61MB/00:41:16 Down: 15.25MB/s / Disk: 1.47MB/s
(21:45:03) INFO:    [Gog]:              Progress for Gloomhaven: 23.17%/2836.63MB/00:41:18 Down: 15MB/s / Disk: 1.29MB/s
(21:45:04) INFO:    [Gog]:              Progress for Gloomhaven: 23.18%/2837.57MB/00:41:20 Down: 14.4MB/s / Disk: 1.22MB/s
(21:45:05) INFO:    [Gog]:              Progress for Gloomhaven: 23.18%/2838.48MB/00:41:23 Down: 12.52MB/s / Disk: 1.13MB/s
(21:45:07) INFO:    [Gog]:              Progress for Gloomhaven: 23.2%/2841.28MB/00:41:24 Down: 11.35MB/s / Disk: 2.37MB/s
(21:45:08) INFO:    [Gog]:              Progress for Gloomhaven: 23.22%/2845.15MB/00:41:25 Down: 7.48MB/s / Disk: 3.61MB/s
(21:45:09) INFO:    [Gog]:              Progress for Gloomhaven: 23.24%/2846.62MB/00:41:27 Down: 8.56MB/s / Disk: 1.99MB/s
(21:45:10) INFO:    [Gog]:              Progress for Gloomhaven: 23.24%/2846.62MB/00:41:30 Down: 0.5MB/s / Disk: 0MB/s
(21:45:11) INFO:    [Gog]:              Progress for Gloomhaven: 23.24%/2846.62MB/00:41:34 Down: 0.5MB/s / Disk: 0MB/s
(21:45:12) INFO:    [Gog]:              Progress for Gloomhaven: 23.24%/2846.62MB/00:41:37 Down: 0.5MB/s / Disk: 0MB/s
(21:45:13) INFO:    [Gog]:              Progress for Gloomhaven: 23.24%/2846.62MB/00:41:40 Down: 0.5MB/s / Disk: 0MB/s
(21:45:14) INFO:    [Gog]:              Progress for Gloomhaven: 23.24%/2846.62MB/00:41:44 Down: 0.5MB/s / Disk: 0MB/s
(21:45:15) INFO:    [Gog]:              Progress for Gloomhaven: 23.24%/2855.49MB/00:41:47 Down: 0.1MB/s / Disk: 0MB/s
(21:45:16) INFO:    [Gog]:              Progress for Gloomhaven: 23.24%/2855.49MB/00:41:50 Down: 0.5MB/s / Disk: 0MB/s
(21:45:17) INFO:    [Gog]:              Progress for Gloomhaven: 23.24%/2855.49MB/00:41:54 Down: 0.5MB/s / Disk: 0MB/s
(21:45:18) INFO:    [Gog]:              Progress for Gloomhaven: 23.24%/2855.49MB/00:41:57 Down: 0.5MB/s / Disk: 0MB/s
(21:45:19) INFO:    [Gog]:              Progress for Gloomhaven: 23.24%/2855.49MB/00:42:00 Down: 0.5MB/s / Disk: 0MB/s
(21:45:20) INFO:    [Gog]:              Progress for Gloomhaven: 23.24%/2864.85MB/00:42:04 Down: 0.5MB/s / Disk: 0MB/s
(21:45:21) INFO:    [Gog]:              Progress for Gloomhaven: 23.24%/2864.85MB/00:42:07 Down: 0.5MB/s / Disk: 0MB/s
(21:45:22) INFO:    [Gog]:              Progress for Gloomhaven: 23.24%/2874.16MB/00:42:10 Down: 0.5MB/s / Disk: 0MB/s
(21:45:23) INFO:    [Gog]:              Progress for Gloomhaven: 23.24%/2883.24MB/00:42:13 Down: 0.5MB/s / Disk: 0MB/s
(21:45:24) INFO:    [Gog]:              Progress for Gloomhaven: 23.24%/2911.06MB/00:42:17 Down: 0.41MB/s / Disk: 0MB/s
(21:45:25) INFO:    [Gog]:              Progress for Gloomhaven: 23.24%/2911.06MB/00:42:20 Down: 0.5MB/s / Disk: 0MB/s
(21:45:26) INFO:    [Gog]:              Progress for Gloomhaven: 23.24%/2911.06MB/00:42:23 Down: 0.5MB/s / Disk: 0MB/s
(21:45:27) INFO:    [Gog]:              Progress for Gloomhaven: 23.24%/2919.93MB/00:42:27 Down: 0.5MB/s / Disk: 0MB/s
(21:45:28) INFO:    [Gog]:              Progress for Gloomhaven: 23.24%/2919.93MB/00:42:30 Down: 0.5MB/s / Disk: 0MB/s
(21:45:29) INFO:    [Gog]:              Progress for Gloomhaven: 23.24%/2919.93MB/00:42:33 Down: 0.5MB/s / Disk: 0MB/s
(21:45:30) INFO:    [Gog]:              Progress for Gloomhaven: 23.64%/2953.69MB/00:41:41 Down: 32.13MB/s / Disk: 64.47MB/s
(21:45:31) INFO:    [Gog]:              Progress for Gloomhaven: 23.82%/2953.69MB/00:41:20 Down: 14.07MB/s / Disk: 28.1MB/s
(21:45:32) INFO:    [Gog]:              Progress for Gloomhaven: 23.82%/2953.69MB/00:41:23 Down: 0.5MB/s / Disk: 0MB/s
(21:45:33) INFO:    [Gog]:              Progress for Gloomhaven: 23.99%/3000.16MB/00:41:03 Down: 12.55MB/s / Disk: 24.5MB/s
(21:45:35) INFO:    [Gog]:              Progress for Gloomhaven: 24.16%/3009.56MB/00:40:44 Down: 9.69MB/s / Disk: 19.35MB/s
(21:45:36) INFO:    [Gog]:              Progress for Gloomhaven: 24.16%/3009.56MB/00:40:47 Down: 0.5MB/s / Disk: 0MB/s
(21:45:38) INFO:    [Gog]:              Progress for Gloomhaven: 24.35%/3018.83MB/00:40:28 Down: 10.02MB/s / Disk: 18.96MB/s
(21:45:39) INFO:    [Gog]:              Progress for Gloomhaven: 24.35%/3018.83MB/00:40:31 Down: 0.5MB/s / Disk: 0MB/s
(21:45:40) INFO:    [Gog]:              Progress for Gloomhaven: 24.35%/3018.83MB/00:40:34 Down: 0.5MB/s / Disk: 0MB/s
(21:45:41) INFO:    [Gog]:              Progress for Gloomhaven: 24.35%/3033.85MB/00:40:37 Down: 0.5MB/s / Disk: 0MB/s
(21:45:42) INFO:    [Gog]:              Progress for Gloomhaven: 24.35%/3033.85MB/00:40:40 Down: 0.5MB/s / Disk: 0MB/s
(21:45:43) INFO:    [Gog]:              Progress for Gloomhaven: 24.35%/3033.85MB/00:40:44 Down: 0.5MB/s / Disk: 0MB/s
(21:45:44) INFO:    [Gog]:              Progress for Gloomhaven: 24.35%/3042.48MB/00:40:47 Down: 0.5MB/s / Disk: 0MB/s
(21:45:45) INFO:    [Gog]:              Progress for Gloomhaven: 24.35%/3042.48MB/00:40:50 Down: 0.5MB/s / Disk: 0MB/s
(21:45:46) INFO:    [Gog]:              Progress for Gloomhaven: 24.35%/3042.48MB/00:40:53 Down: 0.5MB/s / Disk: 0MB/s
(21:45:47) INFO:    [Gog]:              Progress for Gloomhaven: 24.35%/3042.48MB/00:40:56 Down: 0.5MB/s / Disk: 0MB/s
(21:45:48) INFO:    [Gog]:              Progress for Gloomhaven: 24.35%/3054.31MB/00:40:59 Down: 0.5MB/s / Disk: 0MB/s
(21:45:49) INFO:    [Gog]:              Progress for Gloomhaven: 24.35%/3064.29MB/00:41:02 Down: 0.5MB/s / Disk: 0MB/s
(21:45:51) INFO:    [Gog]:              Progress for Gloomhaven: 24.41%/3073.09MB/00:41:00 Down: 2.71MB/s / Disk: 5.14MB/s
(21:45:52) INFO:    [Gog]:              Progress for Gloomhaven: 24.41%/3073.09MB/00:41:04 Down: 0.5MB/s / Disk: 0MB/s
(21:45:53) INFO:    [Gog]:              Progress for Gloomhaven: 24.41%/3073.09MB/00:41:07 Down: 0.5MB/s / Disk: 0MB/s
(21:45:54) INFO:    [Gog]:              Progress for Gloomhaven: 24.41%/3094.73MB/00:41:10 Down: 0.5MB/s / Disk: 0MB/s
(21:45:55) INFO:    [Gog]:              Progress for Gloomhaven: 24.41%/3103.51MB/00:41:13 Down: 0.5MB/s / Disk: 0MB/s
(21:45:56) INFO:    [Gog]:              Progress for Gloomhaven: 24.97%/3112.85MB/00:40:03 Down: 39.96MB/s / Disk: 79.35MB/s
(21:45:57) INFO:    [Gog]:              Progress for Gloomhaven: 24.97%/3112.85MB/00:40:06 Down: 0.5MB/s / Disk: 0MB/s
(21:45:58) INFO:    [Gog]:              Progress for Gloomhaven: 25.02%/3121.73MB/00:40:03 Down: 3.83MB/s / Disk: 6.96MB/s
(21:45:59) INFO:    [Gog]:              Progress for Gloomhaven: 25.02%/3121.73MB/00:40:06 Down: 0.5MB/s / Disk: 0MB/s
(21:46:00) INFO:    [Gog]:              Progress for Gloomhaven: 25.02%/3130.44MB/00:40:09 Down: 0.5MB/s / Disk: 0MB/s
(21:46:01) INFO:    [Gog]:              Progress for Gloomhaven: 25.02%/3130.44MB/00:40:12 Down: 0.5MB/s / Disk: 0MB/s
(21:46:02) INFO:    [Gog]:              Progress for Gloomhaven: 25.02%/3130.44MB/00:40:15 Down: 0.5MB/s / Disk: 0MB/s
(21:46:03) INFO:    [Gog]:              Progress for Gloomhaven: 25.02%/3130.44MB/00:40:18 Down: 0.5MB/s / Disk: 0MB/s
(21:46:04) INFO:    [Gog]:              Progress for Gloomhaven: 25.02%/3130.44MB/00:40:21 Down: 0.5MB/s / Disk: 0MB/s
(21:46:05) INFO:    [Gog]:              Progress for Gloomhaven: 25.02%/3130.44MB/00:40:24 Down: 0.5MB/s / Disk: 0MB/s
(21:46:06) INFO:    [Gog]:              Progress for Gloomhaven: 25.02%/3130.44MB/00:40:27 Down: 0.5MB/s / Disk: 0MB/s
(21:46:07) INFO:    [Gog]:              Progress for Gloomhaven: 25.02%/3130.44MB/00:40:30 Down: 0.5MB/s / Disk: 0MB/s
(21:46:08) INFO:    [Gog]:              Progress for Gloomhaven: 25.02%/3139.88MB/00:40:33 Down: 0.5MB/s / Disk: 0MB/s
(21:46:09) INFO:    [Gog]:              Progress for Gloomhaven: 25.02%/3139.88MB/00:40:36 Down: 0.5MB/s / Disk: 0MB/s
(21:46:11) INFO:    [Gog]:              Progress for Gloomhaven: 25.23%/3161.98MB/00:40:14 Down: 14.11MB/s / Disk: 26.89MB/s
(21:46:12) INFO:    [Gog]:              Progress for Gloomhaven: 25.23%/3180.33MB/00:40:17 Down: 0.5MB/s / Disk: 0MB/s
(21:46:14) INFO:    [Gog]:              Progress for Gloomhaven: 25.46%/3189.18MB/00:39:53 Down: 10.49MB/s / Disk: 20.73MB/s
(21:46:15) INFO:    [Gog]:              Progress for Gloomhaven: 25.46%/3189.18MB/00:39:55 Down: 0.5MB/s / Disk: 0MB/s
(21:46:16) INFO:    [Gog]:              Progress for Gloomhaven: 25.46%/3189.18MB/00:39:58 Down: 0.5MB/s / Disk: 0MB/s
(21:46:17) INFO:    [Gog]:              Progress for Gloomhaven: 25.46%/3189.18MB/00:40:01 Down: 0.5MB/s / Disk: 0MB/s
(21:46:18) INFO:    [Gog]:              Progress for Gloomhaven: 25.46%/3189.18MB/00:40:04 Down: 0.32MB/s / Disk: 0MB/s
(21:46:19) INFO:    [Gog]:              Progress for Gloomhaven: 25.46%/3189.18MB/00:40:07 Down: 0.5MB/s / Disk: 0MB/s
(21:46:20) INFO:    [Gog]:              Progress for Gloomhaven: 25.46%/3189.18MB/00:40:10 Down: 0.5MB/s / Disk: 0MB/s
(21:46:21) INFO:    [Gog]:              Progress for Gloomhaven: 25.46%/3189.18MB/00:40:13 Down: 0.5MB/s / Disk: 0MB/s
(21:46:22) INFO:    [Gog]:              Progress for Gloomhaven: 25.46%/3189.18MB/00:40:16 Down: 0.5MB/s / Disk: 0MB/s
(21:46:23) INFO:    [Gog]:              Progress for Gloomhaven: 25.46%/3189.18MB/00:40:19 Down: 0.5MB/s / Disk: 0MB/s
(21:46:24) INFO:    [Gog]:              Progress for Gloomhaven: 25.46%/3189.18MB/00:40:22 Down: 0.5MB/s / Disk: 0MB/s
(21:46:25) INFO:    [Gog]:              Progress for Gloomhaven: 25.46%/3189.18MB/00:40:25 Down: 0.5MB/s / Disk: 0MB/s
(21:46:26) INFO:    [Gog]:              Progress for Gloomhaven: 25.46%/3198.25MB/00:40:28 Down: 0.5MB/s / Disk: 0MB/s
(21:46:27) INFO:    [Gog]:              Progress for Gloomhaven: 25.46%/3215.58MB/00:40:31 Down: 0.5MB/s / Disk: 0MB/s
(21:46:28) INFO:    [Gog]:              Progress for Gloomhaven: 25.46%/3215.58MB/00:40:34 Down: 0.4MB/s / Disk: 0MB/s
(21:46:29) INFO:    [Gog]:              Progress for Gloomhaven: 25.46%/3224.54MB/00:40:37 Down: 0.5MB/s / Disk: 0MB/s
(21:46:30) INFO:    [Gog]:              Progress for Gloomhaven: 25.46%/3242.38MB/00:40:39 Down: 0.5MB/s / Disk: 0MB/s
(21:46:31) INFO:    [Gog]:              Progress for Gloomhaven: 25.86%/3259.06MB/00:39:54 Down: 21.9MB/s / Disk: 42.93MB/s
(21:46:32) INFO:    [Gog]:              Progress for Gloomhaven: 25.98%/3270.65MB/00:39:42 Down: 8.5MB/s / Disk: 16.19MB/s
(21:46:33) INFO:    [Gog]:              Progress for Gloomhaven: 26.05%/3281.88MB/00:39:37 Down: 6.01MB/s / Disk: 10.18MB/s
(21:46:34) INFO:    [Gog]:              Progress for Gloomhaven: 26.05%/3283.28MB/00:39:40 Down: 0.5MB/s / Disk: 0MB/s
(21:46:35) INFO:    [Gog]:              Progress for Gloomhaven: 26.05%/3284.15MB/00:39:43 Down: 0.5MB/s / Disk: 0MB/s
(21:46:36) INFO:    [Gog]:              Progress for Gloomhaven: 26.05%/3285.26MB/00:39:46 Down: 0.5MB/s / Disk: 0MB/s
(21:46:37) INFO:    [Gog]:              Progress for Gloomhaven: 26.05%/3286.62MB/00:39:49 Down: 0.5MB/s / Disk: 0MB/s
(21:46:38) INFO:    [Gog]:              Running command: GOGDL_CONFIG_PATH=/home/strobelt/.config/heroic/gogdlConfig /opt/Heroic/resources/app.asar.unpacked/build/bin/x64/linux/gogdl --auth-config-path /home/strobelt/.config/heroic/gog_store/auth.json auth
(21:46:38) INFO:    [Gog]:              Getting game metadata: GOGDL_CONFIG_PATH=/home/strobelt/.config/heroic/gogdlConfig /opt/Heroic/resources/app.asar.unpacked/build/bin/x64/linux/gogdl --auth-config-path /home/strobelt/.config/heroic/gog_store/auth.json info 1453375253 --os linux
(21:46:38) INFO:    [Gog]:              Progress for Gloomhaven: 26.05%/3287.76MB/00:39:52 Down: 0.5MB/s / Disk: 0MB/s
(21:46:39) INFO:    [Gog]:              Progress for Gloomhaven: 26.05%/3288.77MB/00:39:55 Down: 0.5MB/s / Disk: 0MB/s
(21:46:40) INFO:    [Gog]:              Progress for Gloomhaven: 26.05%/3290.11MB/00:39:57 Down: 0.5MB/s / Disk: 0MB/s
(21:46:41) INFO:    [Gog]:              Progress for Gloomhaven: 26.05%/3291.42MB/00:40:00 Down: 0.5MB/s / Disk: 0MB/s
(21:46:43) INFO:    [Gog]:              Progress for Gloomhaven: 26.1%/3300.71MB/00:39:57 Down: 3.67MB/s / Disk: 6.68MB/s
(21:46:44) INFO:    [Gog]:              Progress for Gloomhaven: 26.1%/3300.71MB/00:40:00 Down: 0.5MB/s / Disk: 0MB/s
(21:46:45) INFO:    [Gog]:              Progress for Gloomhaven: 26.1%/3300.71MB/00:40:03 Down: 0.5MB/s / Disk: 0MB/s
(21:46:46) INFO:    [Gog]:              Progress for Gloomhaven: 26.1%/3300.71MB/00:40:06 Down: 0.5MB/s / Disk: 0MB/s
(21:46:46) INFO:    [Gog]:              Got install info from cache for 1453375253 on linux platform
(21:46:46) INFO:    [DownloadManager]:  Stardew Valley  was added to the download queue.
(21:46:47) INFO:    [Gog]:              Progress for Gloomhaven: 26.1%/3300.71MB/00:40:08 Down: 0.5MB/s / Disk: 0MB/s
(21:46:48) INFO:    [Gog]:              Progress for Gloomhaven: 26.1%/3309.56MB/00:40:11 Down: 0.5MB/s / Disk: 0MB/s
(21:46:49) INFO:    [Gog]:              Progress for Gloomhaven: 26.23%/3319.79MB/00:39:59 Down: 9.83MB/s / Disk: 19.4MB/s
(21:46:50) INFO:    [Gog]:              Progress for Gloomhaven: 26.23%/3320.09MB/00:40:02 Down: 0.5MB/s / Disk: 0MB/s
(21:46:51) INFO:    [Gog]:              Progress for Gloomhaven: 26.23%/3320.09MB/00:40:05 Down: 0.5MB/s / Disk: 0MB/s
(21:46:52) INFO:    [Gog]:              Progress for Gloomhaven: 26.23%/3320.09MB/00:40:07 Down: 0.5MB/s / Disk: 0MB/s
(21:46:53) INFO:    [Gog]:              Progress for Gloomhaven: 26.23%/3320.09MB/00:40:10 Down: 0.5MB/s / Disk: 0MB/s
(21:46:54) INFO:    [Gog]:              Progress for Gloomhaven: 26.23%/3320.09MB/00:40:13 Down: 0.5MB/s / Disk: 0MB/s
(21:46:55) INFO:    [Gog]:              Progress for Gloomhaven: 26.23%/3320.09MB/00:40:16 Down: 0.5MB/s / Disk: 0MB/s
(21:46:56) INFO:    [Gog]:              Progress for Gloomhaven: 26.23%/3320.09MB/00:40:19 Down: 0.5MB/s / Disk: 0MB/s
(21:46:57) INFO:    [Gog]:              Progress for Gloomhaven: 26.23%/3320.09MB/00:40:22 Down: 0.5MB/s / Disk: 0MB/s
(21:46:58) INFO:    [Gog]:              Progress for Gloomhaven: 26.23%/3320.09MB/00:40:24 Down: 0.5MB/s / Disk: 0MB/s
(21:46:59) INFO:    [Gog]:              Progress for Gloomhaven: 26.23%/3320.09MB/00:40:27 Down: 0.5MB/s / Disk: 0MB/s
(21:47:00) INFO:    [Gog]:              Progress for Gloomhaven: 26.23%/3320.09MB/00:40:30 Down: 0.5MB/s / Disk: 0MB/s
(21:47:01) INFO:    [Gog]:              Progress for Gloomhaven: 26.23%/3320.09MB/00:40:33 Down: 0.5MB/s / Disk: 0MB/s
(21:47:02) INFO:    [Gog]:              Progress for Gloomhaven: 26.23%/3320.09MB/00:40:36 Down: 0.5MB/s / Disk: 0MB/s
(21:47:03) INFO:    [Gog]:              Progress for Gloomhaven: 26.41%/3333.47MB/00:40:16 Down: 31.97MB/s / Disk: 31.12MB/s
(21:47:04) INFO:    [Gog]:              Progress for Gloomhaven: 26.43%/3336.47MB/00:40:17 Down: 3.63MB/s / Disk: 2.36MB/s
(21:47:06) INFO:    [Gog]:              Progress for Gloomhaven: 26.45%/3339.56MB/00:40:18 Down: 4.14MB/s / Disk: 2.86MB/s
(21:47:07) INFO:    [Gog]:              Progress for Gloomhaven: 26.46%/3341.41MB/00:40:20 Down: 1.84MB/s / Disk: 0.88MB/s
(21:47:08) INFO:    [Gog]:              Progress for Gloomhaven: 26.49%/3344.08MB/00:40:19 Down: 7.06MB/s / Disk: 5.33MB/s
(21:47:09) INFO:    [Gog]:              Progress for Gloomhaven: 26.5%/3347.50MB/00:40:20 Down: 3.17MB/s / Disk: 2.08MB/s
(21:47:10) INFO:    [Gog]:              Progress for Gloomhaven: 26.51%/3349.57MB/00:40:22 Down: 2.81MB/s / Disk: 1.34MB/s
(21:47:11) INFO:    [Gog]:              Progress for Gloomhaven: 26.55%/3354.22MB/00:40:21 Down: 7.28MB/s / Disk: 5.1MB/s
(21:47:13) INFO:    [Gog]:              Progress for Gloomhaven: 26.56%/3357.18MB/00:40:23 Down: 2.73MB/s / Disk: 1.44MB/s
(21:47:14) INFO:    [Gog]:              Progress for Gloomhaven: 26.58%/3357.70MB/00:40:24 Down: 5.68MB/s / Disk: 3.07MB/s
(21:47:15) INFO:    [Gog]:              Progress for Gloomhaven: 26.59%/3358.86MB/00:40:27 Down: 1.03MB/s / Disk: 0.91MB/s
(21:47:16) INFO:    [Gog]:              Progress for Gloomhaven: 26.59%/3358.86MB/00:40:30 Down: 0.5MB/s / Disk: 0MB/s
(21:47:17) INFO:    [Gog]:              Progress for Gloomhaven: 26.59%/3368.28MB/00:40:32 Down: 0.5MB/s / Disk: 0MB/s
(21:47:18) INFO:    [Gog]:              Progress for Gloomhaven: 26.59%/3368.28MB/00:40:35 Down: 0.5MB/s / Disk: 0MB/s
(21:47:19) INFO:    [Gog]:              Progress for Gloomhaven: 26.59%/3382.38MB/00:40:38 Down: 0.5MB/s / Disk: 0MB/s
(21:47:20) INFO:    [Gog]:              Progress for Gloomhaven: 26.59%/3382.38MB/00:40:41 Down: 0.5MB/s / Disk: 0MB/s
(21:47:21) INFO:    [Gog]:              Progress for Gloomhaven: 26.59%/3405.53MB/00:40:43 Down: 0.5MB/s / Disk: 0MB/s
(21:47:22) INFO:    [Gog]:              Progress for Gloomhaven: 26.59%/3423.98MB/00:40:46 Down: 0.5MB/s / Disk: 0MB/s
(21:47:23) INFO:    [Gog]:              Progress for Gloomhaven: 26.59%/3423.98MB/00:40:49 Down: 0.5MB/s / Disk: 0MB/s
(21:47:24) INFO:    [Gog]:              Progress for Gloomhaven: 26.59%/3423.98MB/00:40:52 Down: 0.5MB/s / Disk: 0MB/s
(21:47:26) INFO:    [Gog]:              Progress for Gloomhaven: 26.9%/3433.10MB/00:40:18 Down: 14.35MB/s / Disk: 29.26MB/s
(21:47:27) INFO:    [Gog]:              Progress for Gloomhaven: 26.9%/3433.10MB/00:40:21 Down: 0.5MB/s / Disk: 0MB/s
(21:47:28) INFO:    [Gog]:              Progress for Gloomhaven: 26.9%/3459.21MB/00:40:24 Down: 0.5MB/s / Disk: 0MB/s
(21:47:29) INFO:    [Gog]:              Progress for Gloomhaven: 26.9%/3460.63MB/00:40:27 Down: 0.5MB/s / Disk: 0MB/s
(21:47:30) INFO:    [Gog]:              Progress for Gloomhaven: 26.9%/3470.96MB/00:40:29 Down: 0.42MB/s / Disk: 0MB/s
(21:47:31) INFO:    [Gog]:              Progress for Gloomhaven: 26.9%/3470.96MB/00:40:32 Down: 0.5MB/s / Disk: 0MB/s
(21:47:32) INFO:    [Gog]:              Progress for Gloomhaven: 26.9%/3470.96MB/00:40:35 Down: 0.5MB/s / Disk: 0MB/s
(21:47:33) INFO:    [Gog]:              Progress for Gloomhaven: 26.9%/3479.91MB/00:40:37 Down: 0.5MB/s / Disk: 0MB/s
(21:47:34) INFO:    [Gog]:              Progress for Gloomhaven: 26.9%/3488.99MB/00:40:40 Down: 0.5MB/s / Disk: 0MB/s
(21:47:35) INFO:    [Gog]:              Progress for Gloomhaven: 26.9%/3488.99MB/00:40:43 Down: 0.5MB/s / Disk: 0MB/s
(21:47:36) INFO:    [Gog]:              Progress for Gloomhaven: 26.9%/3506.72MB/00:40:46 Down: 0.5MB/s / Disk: 0MB/s
(21:47:37) INFO:    [Gog]:              Progress for Gloomhaven: 26.9%/3506.72MB/00:40:48 Down: 0.5MB/s / Disk: 0MB/s
(21:47:38) INFO:    [Gog]:              Progress for Gloomhaven: 26.9%/3515.75MB/00:40:51 Down: 0.5MB/s / Disk: 0MB/s
(21:47:39) INFO:    [Gog]:              Progress for Gloomhaven: 27.42%/3525.36MB/00:39:51 Down: 19.17MB/s / Disk: 63.81MB/s
(21:47:40) INFO:    [Gog]:              Progress for Gloomhaven: 27.42%/3525.36MB/00:39:53 Down: 0.5MB/s / Disk: 0MB/s
(21:47:41) INFO:    [Gog]:              Progress for Gloomhaven: 27.7%/3547.96MB/00:39:23 Down: 6.39MB/s / Disk: 46.97MB/s
(21:47:42) INFO:    [Gog]:              Progress for Gloomhaven: 27.82%/3557.00MB/00:39:11 Down: 0.91MB/s / Disk: 18.14MB/s
(21:47:43) INFO:    [Gog]:              Progress for Gloomhaven: 27.82%/3557.00MB/00:39:14 Down: 0.04MB/s / Disk: 0MB/s
(21:47:44) INFO:    [Gog]:              Progress for Gloomhaven: 27.82%/3575.05MB/00:39:17 Down: 0.06MB/s / Disk: 0MB/s
(21:47:46) INFO:    [Gog]:              Progress for Gloomhaven: 28.11%/3593.12MB/00:38:47 Down: 1.25MB/s / Disk: 29.9MB/s
(21:47:47) INFO:    [Gog]:              Progress for Gloomhaven: 28.11%/3593.12MB/00:38:49 Down: 0.03MB/s / Disk: 0MB/s
(21:47:48) INFO:    [Gog]:              Progress for Gloomhaven: 28.11%/3593.12MB/00:38:52 Down: 0.03MB/s / Disk: 0MB/s
(21:47:49) INFO:    [Gog]:              Progress for Gloomhaven: 28.11%/3593.12MB/00:38:54 Down: 0.03MB/s / Disk: 0MB/s
(21:47:50) INFO:    [Gog]:              Progress for Gloomhaven: 28.11%/3602.18MB/00:38:57 Down: 0.03MB/s / Disk: 0MB/s
(21:47:52) INFO:    [Gog]:              Progress for Gloomhaven: 28.23%/3628.22MB/00:38:48 Down: 0.3MB/s / Disk: 10.1MB/s
(21:47:53) INFO:    [Gog]:              Progress for Gloomhaven: 28.23%/3628.22MB/00:38:51 Down: 0.03MB/s / Disk: 0MB/s
(21:47:54) INFO:    [Gog]:              Progress for Gloomhaven: 28.23%/3651.14MB/00:38:54 Down: 0.03MB/s / Disk: 0MB/s
(21:47:55) INFO:    [Gog]:              Progress for Gloomhaven: 28.23%/3651.14MB/00:38:56 Down: 0.03MB/s / Disk: 0MB/s
(21:47:57) INFO:    [Gog]:              Progress for Gloomhaven: 28.59%/3678.22MB/00:38:20 Down: 1.23MB/s / Disk: 33.89MB/s
(21:47:58) INFO:    [Gog]:              Progress for Gloomhaven: 28.59%/3678.22MB/00:38:23 Down: 0.03MB/s / Disk: 0MB/s
(21:47:59) INFO:    [Gog]:              Progress for Gloomhaven: 28.59%/3680.81MB/00:38:25 Down: 0.03MB/s / Disk: 0MB/s
(21:48:00) INFO:    [Gog]:              Progress for Gloomhaven: 28.59%/3693.20MB/00:38:28 Down: 0.03MB/s / Disk: 0MB/s
(21:48:01) INFO:    [Gog]:              Progress for Gloomhaven: 28.59%/3693.20MB/00:38:30 Down: 0.1MB/s / Disk: 0MB/s
(21:48:02) INFO:    [Gog]:              Progress for Gloomhaven: 28.71%/3702.29MB/00:38:20 Down: 1.81MB/s / Disk: 16.16MB/s
(21:48:03) INFO:    [Gog]:              Progress for Gloomhaven: 28.71%/3705.95MB/00:38:22 Down: 0.1MB/s / Disk: 0MB/s
(21:48:04) INFO:    [Gog]:              Progress for Gloomhaven: 28.71%/3705.95MB/00:38:25 Down: 0.25MB/s / Disk: 0MB/s
(21:48:05) INFO:    [Gog]:              Progress for Gloomhaven: 28.71%/3715.26MB/00:38:27 Down: 0.25MB/s / Disk: 0MB/s
(21:48:06) INFO:    [Gog]:              Progress for Gloomhaven: 28.71%/3715.26MB/00:38:30 Down: 0.04MB/s / Disk: 0MB/s
(21:48:07) INFO:    [Gog]:              Progress for Gloomhaven: 28.71%/3715.26MB/00:38:32 Down: 0.22MB/s / Disk: 0MB/s
(21:48:08) INFO:    [Gog]:              Progress for Gloomhaven: 28.71%/3715.26MB/00:38:35 Down: 0.21MB/s / Disk: 0MB/s
(21:48:09) INFO:    [Gog]:              Progress for Gloomhaven: 28.71%/3715.26MB/00:38:37 Down: 0.26MB/s / Disk: 0MB/s
(21:48:10) INFO:    [Gog]:              Progress for Gloomhaven: 28.71%/3715.26MB/00:38:40 Down: 0.19MB/s / Disk: 0MB/s
(21:48:11) INFO:    [Gog]:              Progress for Gloomhaven: 28.71%/3724.32MB/00:38:42 Down: 0.19MB/s / Disk: 0MB/s
(21:48:12) INFO:    [Gog]:              Progress for Gloomhaven: 28.71%/3724.32MB/00:38:45 Down: 0.1MB/s / Disk: 0MB/s
(21:48:13) INFO:    [Gog]:              Progress for Gloomhaven: 28.71%/3748.85MB/00:38:47 Down: 0.18MB/s / Disk: 0MB/s
(21:48:14) INFO:    [Gog]:              Progress for Gloomhaven: 28.71%/3748.85MB/00:38:50 Down: 0.09MB/s / Disk: 0MB/s
(21:48:15) INFO:    [Gog]:              Progress for Gloomhaven: 28.71%/3748.85MB/00:38:52 Down: 0.15MB/s / Disk: 0MB/s
(21:48:16) INFO:    [Gog]:              Progress for Gloomhaven: 28.71%/3748.85MB/00:38:55 Down: 0.24MB/s / Disk: 0MB/s
(21:48:17) INFO:    [Gog]:              Progress for Gloomhaven: 29.23%/3771.53MB/00:37:59 Down: 29.95MB/s / Disk: 71.26MB/s
(21:48:18) INFO:    [Gog]:              Progress for Gloomhaven: 29.23%/3771.53MB/00:38:02 Down: 0.5MB/s / Disk: 0MB/s
(21:48:19) INFO:    [Gog]:              Progress for Gloomhaven: 29.23%/3771.53MB/00:38:04 Down: 0.5MB/s / Disk: 0MB/s
(21:48:20) INFO:    [Gog]:              Progress for Gloomhaven: 29.23%/3771.53MB/00:38:06 Down: 0.5MB/s / Disk: 0MB/s
(21:48:21) INFO:    [Gog]:              Progress for Gloomhaven: 29.23%/3771.53MB/00:38:09 Down: 0.5MB/s / Disk: 0MB/s
(21:48:22) INFO:    [Gog]:              Progress for Gloomhaven: 29.23%/3771.53MB/00:38:11 Down: 0.5MB/s / Disk: 0MB/s
(21:48:23) INFO:    [Gog]:              Progress for Gloomhaven: 29.23%/3771.53MB/00:38:14 Down: 0.5MB/s / Disk: 0MB/s
(21:48:24) INFO:    [Gog]:              Progress for Gloomhaven: 29.23%/3771.53MB/00:38:16 Down: 0.5MB/s / Disk: 0MB/s
(21:48:25) INFO:    [Gog]:              Progress for Gloomhaven: 29.23%/3771.53MB/00:38:19 Down: 0.5MB/s / Disk: 0MB/s
(21:48:26) INFO:    [Gog]:              Progress for Gloomhaven: 29.23%/3771.53MB/00:38:21 Down: 0.5MB/s / Disk: 0MB/s
(21:48:27) INFO:    [Gog]:              Progress for Gloomhaven: 29.23%/3771.53MB/00:38:23 Down: 0.5MB/s / Disk: 0MB/s
(21:48:28) INFO:    [Gog]:              Progress for Gloomhaven: 29.23%/3783.93MB/00:38:26 Down: 0.5MB/s / Disk: 0MB/s
(21:48:30) INFO:    [Gog]:              Progress for Gloomhaven: 29.31%/3806.40MB/00:38:21 Down: 4.66MB/s / Disk: 8.28MB/s
(21:48:32) INFO:    [Gog]:              Progress for Gloomhaven: 29.62%/3831.39MB/00:37:51 Down: 17.31MB/s / Disk: 33.48MB/s
(21:48:33) INFO:    [Gog]:              Progress for Gloomhaven: 29.81%/3859.41MB/00:37:33 Down: 10.45MB/s / Disk: 20.65MB/s
(21:48:35) INFO:    [Gog]:              Progress for Gloomhaven: 29.92%/3905.34MB/00:37:26 Down: 6.17MB/s / Disk: 12.05MB/s
(21:48:36) INFO:    [Gog]:              Progress for Gloomhaven: 30.44%/3973.99MB/00:36:34 Down: 27.5MB/s / Disk: 53.82MB/s
(21:48:37) INFO:    [Gog]:              Progress for Gloomhaven: 30.55%/3983.38MB/00:36:25 Down: 9.61MB/s / Disk: 17.41MB/s
(21:48:39) INFO:    [Gog]:              Progress for Gloomhaven: 30.55%/4002.10MB/00:36:27 Down: 0.5MB/s / Disk: 0MB/s
(21:48:40) INFO:    [Gog]:              Progress for Gloomhaven: 30.55%/4035.78MB/00:36:29 Down: 0.5MB/s / Disk: 0MB/s
(21:48:41) INFO:    [Gog]:              Progress for Gloomhaven: 30.55%/4046.87MB/00:36:32 Down: 0.5MB/s / Disk: 0MB/s
(21:48:42) INFO:    [Gog]:              Progress for Gloomhaven: 30.55%/4085.98MB/00:36:34 Down: 0.5MB/s / Disk: 0MB/s
(21:48:43) INFO:    [Gog]:              Progress for Gloomhaven: 30.55%/4114.08MB/00:36:36 Down: 0.5MB/s / Disk: 0MB/s
(21:48:44) INFO:    [Gog]:              Progress for Gloomhaven: 30.55%/4114.08MB/00:36:39 Down: 0.5MB/s / Disk: 0MB/s
(21:48:45) INFO:    [Gog]:              Progress for Gloomhaven: 30.55%/4132.72MB/00:36:41 Down: 0.5MB/s / Disk: 0MB/s
(21:48:46) INFO:    [Gog]:              Progress for Gloomhaven: 30.55%/4162.50MB/00:36:43 Down: 0.5MB/s / Disk: 0MB/s
(21:48:47) INFO:    [Gog]:              Progress for Gloomhaven: 30.55%/4178.85MB/00:36:45 Down: 0.5MB/s / Disk: 0MB/s
(21:48:48) INFO:    [Gog]:              Progress for Gloomhaven: 30.55%/4184.38MB/00:36:48 Down: 0.5MB/s / Disk: 0MB/s
(21:48:49) INFO:    [Gog]:              Progress for Gloomhaven: 30.55%/4193.83MB/00:36:50 Down: 0.5MB/s / Disk: 0MB/s
(21:48:50) INFO:    [Gog]:              Progress for Gloomhaven: 30.55%/4193.83MB/00:36:52 Down: 0.5MB/s / Disk: 0MB/s
(21:48:51) INFO:    [Gog]:              Progress for Gloomhaven: 31.76%/4237.68MB/00:34:55 Down: 60.26MB/s / Disk: 120.21MB/s
(21:48:52) INFO:    [Gog]:              Progress for Gloomhaven: 31.76%/4237.68MB/00:34:57 Down: 0.5MB/s / Disk: 0MB/s
(21:48:53) INFO:    [Gog]:              Progress for Gloomhaven: 31.76%/4257.44MB/00:34:59 Down: 0.5MB/s / Disk: 0MB/s
(21:48:54) INFO:    [Gog]:              Progress for Gloomhaven: 31.76%/4257.44MB/00:35:01 Down: 0.5MB/s / Disk: 0MB/s
(21:48:55) INFO:    [Gog]:              Progress for Gloomhaven: 31.76%/4257.44MB/00:35:03 Down: 0.5MB/s / Disk: 0MB/s
(21:48:56) INFO:    [Gog]:              Progress for Gloomhaven: 31.76%/4257.44MB/00:35:05 Down: 0.5MB/s / Disk: 0MB/s
(21:48:57) INFO:    [Gog]:              Progress for Gloomhaven: 31.76%/4266.43MB/00:35:07 Down: 0.5MB/s / Disk: 0MB/s
(21:48:58) INFO:    [Gog]:              Progress for Gloomhaven: 31.91%/4279.97MB/00:34:55 Down: 12.41MB/s / Disk: 25.98MB/s
(21:48:59) INFO:    [Gog]:              Progress for Gloomhaven: 32.53%/4306.80MB/00:33:59 Down: 51.04MB/s / Disk: 95.43MB/s
(21:49:00) INFO:    [Gog]:              Progress for Gloomhaven: 32.53%/4306.80MB/00:34:01 Down: 0.5MB/s / Disk: 0MB/s
(21:49:01) INFO:    [Gog]:              Progress for Gloomhaven: 32.53%/4306.80MB/00:34:03 Down: 0.5MB/s / Disk: 0MB/s
(21:49:02) INFO:    [Gog]:              Progress for Gloomhaven: 32.53%/4306.80MB/00:34:06 Down: 0.5MB/s / Disk: 0MB/s
(21:49:03) INFO:    [Gog]:              Progress for Gloomhaven: 32.53%/4306.80MB/00:34:08 Down: 0.5MB/s / Disk: 0MB/s
(21:49:04) INFO:    [Gog]:              Progress for Gloomhaven: 32.53%/4315.80MB/00:34:10 Down: 0.5MB/s / Disk: 0MB/s
(21:49:05) INFO:    [Gog]:              Progress for Gloomhaven: 32.53%/4315.80MB/00:34:12 Down: 0.5MB/s / Disk: 0MB/s
(21:49:06) INFO:    [Gog]:              Progress for Gloomhaven: 32.53%/4315.80MB/00:34:14 Down: 0.5MB/s / Disk: 0MB/s
(21:49:07) INFO:    [Gog]:              Progress for Gloomhaven: 32.53%/4329.79MB/00:34:16 Down: 0.5MB/s / Disk: 0MB/s
(21:49:08) INFO:    [Gog]:              Progress for Gloomhaven: 32.53%/4340.64MB/00:34:18 Down: 0.5MB/s / Disk: 0MB/s
(21:49:09) INFO:    [Gog]:              Progress for Gloomhaven: 32.53%/4353.82MB/00:34:20 Down: 0.5MB/s / Disk: 0MB/s
(21:49:10) INFO:    [Gog]:              Progress for Gloomhaven: 32.53%/4353.82MB/00:34:22 Down: 0.5MB/s / Disk: 0MB/s
(21:49:11) INFO:    [Gog]:              Progress for Gloomhaven: 32.53%/4353.82MB/00:34:24 Down: 0.5MB/s / Disk: 0MB/s
(21:49:12) INFO:    [Gog]:              Progress for Gloomhaven: 32.53%/4353.82MB/00:34:26 Down: 0.5MB/s / Disk: 0MB/s
(21:49:13) INFO:    [Gog]:              Progress for Gloomhaven: 32.53%/4353.82MB/00:34:28 Down: 0.5MB/s / Disk: 0MB/s
(21:49:14) INFO:    [Gog]:              Progress for Gloomhaven: 32.53%/4362.70MB/00:34:30 Down: 0.5MB/s / Disk: 0MB/s
(21:49:16) INFO:    [Gog]:              Progress for Gloomhaven: 32.7%/4388.65MB/00:34:16 Down: 13.06MB/s / Disk: 25.27MB/s
(21:49:17) INFO:    [Gog]:              Progress for Gloomhaven: 32.7%/4397.49MB/00:34:18 Down: 0.5MB/s / Disk: 0MB/s
(21:49:18) INFO:    [Gog]:              Progress for Gloomhaven: 33.38%/4419.73MB/00:33:19 Down: 37.75MB/s / Disk: 74.13MB/s
(21:49:19) INFO:    [Gog]:              Progress for Gloomhaven: 33.38%/4419.73MB/00:33:21 Down: 0.5MB/s / Disk: 0MB/s
(21:49:20) INFO:    [Gog]:              Progress for Gloomhaven: 33.38%/4419.73MB/00:33:23 Down: 0.5MB/s / Disk: 0MB/s
(21:49:21) INFO:    [Gog]:              Progress for Gloomhaven: 33.38%/4419.73MB/00:33:25 Down: 0.5MB/s / Disk: 0MB/s
(21:49:22) INFO:    [Gog]:              Progress for Gloomhaven: 33.5%/4437.64MB/00:33:17 Down: 10.05MB/s / Disk: 19.18MB/s
(21:49:23) INFO:    [Gog]:              Progress for Gloomhaven: 33.5%/4446.76MB/00:33:19 Down: 0.15MB/s / Disk: 0MB/s
(21:49:25) INFO:    [Gog]:              Progress for Gloomhaven: 33.72%/4462.79MB/00:33:02 Down: 9.43MB/s / Disk: 22.39MB/s
(21:49:26) INFO:    [Gog]:              Progress for Gloomhaven: 33.72%/4462.79MB/00:33:04 Down: 0.28MB/s / Disk: 0MB/s
(21:49:27) INFO:    [Gog]:              Progress for Gloomhaven: 33.72%/4462.79MB/00:33:06 Down: 0.24MB/s / Disk: 0MB/s
(21:49:29) INFO:    [Gog]:              Progress for Gloomhaven: 33.86%/4474.21MB/00:32:58 Down: 4.77MB/s / Disk: 11.84MB/s
(21:49:31) INFO:    [Gog]:              Progress for Gloomhaven: 33.92%/4484.65MB/00:32:56 Down: 2.6MB/s / Disk: 5.68MB/s
(21:49:32) INFO:    [Gog]:              Progress for Gloomhaven: 33.92%/4484.65MB/00:32:58 Down: 0.29MB/s / Disk: 0MB/s
(21:49:33) INFO:    [Gog]:              Progress for Gloomhaven: 33.92%/4493.83MB/00:33:00 Down: 0.27MB/s / Disk: 0MB/s
(21:49:34) INFO:    [Gog]:              Progress for Gloomhaven: 34.04%/4502.81MB/00:32:53 Down: 5.26MB/s / Disk: 12.94MB/s
(21:49:35) INFO:    [Gog]:              Progress for Gloomhaven: 34.04%/4511.58MB/00:32:55 Down: 0.23MB/s / Disk: 0MB/s
(21:49:36) INFO:    [Gog]:              Progress for Gloomhaven: 34.04%/4511.58MB/00:32:57 Down: 0.3MB/s / Disk: 0MB/s
(21:49:37) INFO:    [Gog]:              Progress for Gloomhaven: 34.04%/4531.27MB/00:32:59 Down: 0.27MB/s / Disk: 0MB/s
(21:49:39) INFO:    [Gog]:              Progress for Gloomhaven: 34.25%/4545.39MB/00:32:43 Down: 11.11MB/s / Disk: 24.37MB/s
(21:49:40) INFO:    [Gog]:              Progress for Gloomhaven: 34.25%/4554.47MB/00:32:45 Down: 0.3MB/s / Disk: 0MB/s
(21:49:41) INFO:    [Gog]:              Progress for Gloomhaven: 34.25%/4571.53MB/00:32:47 Down: 0.22MB/s / Disk: 0MB/s
(21:49:42) INFO:    [Gog]:              Progress for Gloomhaven: 34.25%/4571.53MB/00:32:49 Down: 0.24MB/s / Disk: 0MB/s
(21:49:43) INFO:    [Gog]:              Progress for Gloomhaven: 34.43%/4588.90MB/00:32:36 Down: 6.1MB/s / Disk: 20.62MB/s
(21:49:44) INFO:    [Gog]:              Progress for Gloomhaven: 34.43%/4588.90MB/00:32:38 Down: 0.27MB/s / Disk: 0MB/s
(21:49:45) INFO:    [Gog]:              Progress for Gloomhaven: 34.43%/4588.90MB/00:32:40 Down: 0.28MB/s / Disk: 0MB/s
(21:49:46) INFO:    [Gog]:              Progress for Gloomhaven: 34.43%/4601.33MB/00:32:42 Down: 0.28MB/s / Disk: 0MB/s
(21:49:48) INFO:    [Gog]:              Progress for Gloomhaven: 34.53%/4624.13MB/00:32:36 Down: 3.26MB/s / Disk: 11.14MB/s
(21:49:49) INFO:    [Gog]:              Progress for Gloomhaven: 34.8%/4640.00MB/00:32:15 Down: 11.03MB/s / Disk: 30.96MB/s
(21:49:50) INFO:    [Gog]:              Progress for Gloomhaven: 34.8%/4640.00MB/00:32:17 Down: 0.5MB/s / Disk: 0MB/s
(21:49:51) INFO:    [Gog]:              Progress for Gloomhaven: 34.8%/4648.92MB/00:32:19 Down: 0.5MB/s / Disk: 0MB/s
(21:49:52) INFO:    [Gog]:              Progress for Gloomhaven: 34.8%/4658.03MB/00:32:21 Down: 0.5MB/s / Disk: 0MB/s
(21:49:53) INFO:    [Gog]:              Progress for Gloomhaven: 34.8%/4668.52MB/00:32:23 Down: 0.5MB/s / Disk: 0MB/s
(21:49:54) INFO:    [Gog]:              Progress for Gloomhaven: 34.8%/4668.52MB/00:32:24 Down: 0.5MB/s / Disk: 0MB/s
(21:49:55) INFO:    [Gog]:              Progress for Gloomhaven: 34.8%/4668.52MB/00:32:26 Down: 0.5MB/s / Disk: 0MB/s
(21:49:56) INFO:    [Gog]:              Progress for Gloomhaven: 34.8%/4668.52MB/00:32:28 Down: 0.5MB/s / Disk: 0MB/s
(21:49:57) INFO:    [Gog]:              Progress for Gloomhaven: 34.8%/4668.52MB/00:32:30 Down: 0.5MB/s / Disk: 0MB/s
(21:49:58) INFO:    [Gog]:              Progress for Gloomhaven: 34.8%/4679.68MB/00:32:32 Down: 0.5MB/s / Disk: 0MB/s
(21:49:59) INFO:    [Gog]:              Progress for Gloomhaven: 34.8%/4679.68MB/00:32:34 Down: 0.5MB/s / Disk: 0MB/s
(21:50:01) INFO:    [Gog]:              Progress for Gloomhaven: 35.34%/4725.35MB/00:31:51 Down: 39.2MB/s / Disk: 77.38MB/s
(21:50:02) INFO:    [Gog]:              Progress for Gloomhaven: 35.48%/4725.35MB/00:31:41 Down: 12.29MB/s / Disk: 22.52MB/s
(21:50:03) INFO:    [Gog]:              Progress for Gloomhaven: 35.55%/4735.40MB/00:31:38 Down: 3.4MB/s / Disk: 7.35MB/s
(21:50:04) INFO:    [Gog]:              Progress for Gloomhaven: 35.55%/4735.40MB/00:31:40 Down: 0.5MB/s / Disk: 0MB/s
(21:50:05) INFO:    [Gog]:              Progress for Gloomhaven: 35.55%/4735.40MB/00:31:42 Down: 0.1MB/s / Disk: 0MB/s
(21:50:06) INFO:    [Gog]:              Progress for Gloomhaven: 35.55%/4735.40MB/00:31:44 Down: 0.5MB/s / Disk: 0MB/s
(21:50:07) INFO:    [Gog]:              Progress for Gloomhaven: 35.55%/4746.60MB/00:31:45 Down: 0.5MB/s / Disk: 0MB/s
(21:50:08) INFO:    [Gog]:              Progress for Gloomhaven: 35.55%/4746.60MB/00:31:47 Down: 0.5MB/s / Disk: 0MB/s
(21:50:09) INFO:    [Gog]:              Progress for Gloomhaven: 35.55%/4746.60MB/00:31:49 Down: 0.5MB/s / Disk: 0MB/s
(21:50:10) INFO:    [Gog]:              Progress for Gloomhaven: 35.55%/4746.60MB/00:31:51 Down: 0.5MB/s / Disk: 0MB/s
(21:50:12) INFO:    [Gog]:              Progress for Gloomhaven: 35.69%/4757.99MB/00:31:41 Down: 7.89MB/s / Disk: 15.38MB/s
(21:50:13) INFO:    [Gog]:              Progress for Gloomhaven: 35.69%/4757.99MB/00:31:43 Down: 0.5MB/s / Disk: 0MB/s
(21:50:14) INFO:    [Gog]:              Progress for Gloomhaven: 35.69%/4766.87MB/00:31:45 Down: 0.5MB/s / Disk: 0MB/s
(21:50:15) INFO:    [Gog]:              Progress for Gloomhaven: 35.69%/4766.87MB/00:31:47 Down: 0.5MB/s / Disk: 0MB/s
(21:50:16) INFO:    [Gog]:              Progress for Gloomhaven: 35.69%/4766.87MB/00:31:49 Down: 0.5MB/s / Disk: 0MB/s
(21:50:17) INFO:    [Gog]:              Progress for Gloomhaven: 35.69%/4766.87MB/00:31:50 Down: 0.5MB/s / Disk: 0MB/s
(21:50:18) INFO:    [Gog]:              Progress for Gloomhaven: 35.69%/4766.87MB/00:31:52 Down: 0.5MB/s / Disk: 0MB/s
(21:50:19) INFO:    [Gog]:              Progress for Gloomhaven: 35.79%/4781.27MB/00:31:48 Down: 5.05MB/s / Disk: 9.45MB/s
(21:50:20) INFO:    [Gog]:              Progress for Gloomhaven: 35.79%/4781.27MB/00:31:49 Down: 0.5MB/s / Disk: 0MB/s
(21:50:21) INFO:    [Gog]:              Progress for Gloomhaven: 35.79%/4781.27MB/00:31:51 Down: 0.5MB/s / Disk: 0MB/s
(21:50:22) INFO:    [Gog]:              Progress for Gloomhaven: 35.79%/4793.92MB/00:31:53 Down: 0.5MB/s / Disk: 0MB/s
(21:50:23) INFO:    [Gog]:              Progress for Gloomhaven: 35.79%/4811.68MB/00:31:55 Down: 0.5MB/s / Disk: 0MB/s
(21:50:24) INFO:    [Gog]:              Progress for Gloomhaven: 35.79%/4811.68MB/00:31:56 Down: 0.5MB/s / Disk: 0MB/s
(21:50:25) INFO:    [Gog]:              Progress for Gloomhaven: 35.79%/4826.96MB/00:31:58 Down: 0.5MB/s / Disk: 0MB/s
(21:50:26) INFO:    [Gog]:              Progress for Gloomhaven: 35.79%/4826.96MB/00:32:00 Down: 0.5MB/s / Disk: 0MB/s
(21:50:27) INFO:    [Gog]:              Progress for Gloomhaven: 35.79%/4826.96MB/00:32:02 Down: 0.5MB/s / Disk: 0MB/s
(21:50:29) INFO:    [Gog]:              Progress for Gloomhaven: 35.88%/4841.19MB/00:31:56 Down: 7.04MB/s / Disk: 13.64MB/s
(21:50:30) INFO:    [Gog]:              Progress for Gloomhaven: 35.88%/4841.19MB/00:31:58 Down: 0.5MB/s / Disk: 0MB/s
(21:50:31) INFO:    [Gog]:              Progress for Gloomhaven: 35.88%/4841.19MB/00:32:00 Down: 0.5MB/s / Disk: 0MB/s
(21:50:32) INFO:    [Gog]:              Progress for Gloomhaven: 35.88%/4841.19MB/00:32:02 Down: 0.5MB/s / Disk: 0MB/s
(21:50:33) INFO:    [Gog]:              Progress for Gloomhaven: 35.88%/4855.28MB/00:32:03 Down: 0.5MB/s / Disk: 0MB/s
(21:50:34) INFO:    [Gog]:              Progress for Gloomhaven: 35.88%/4855.28MB/00:32:05 Down: 0.5MB/s / Disk: 0MB/s
(21:50:35) INFO:    [Gog]:              Progress for Gloomhaven: 35.88%/4855.28MB/00:32:07 Down: 0.5MB/s / Disk: 0MB/s
(21:50:36) INFO:    [Gog]:              Progress for Gloomhaven: 36.42%/4869.34MB/00:31:24 Down: 41.35MB/s / Disk: 82.32MB/s
(21:50:37) INFO:    [Gog]:              Progress for Gloomhaven: 36.42%/4869.34MB/00:31:26 Down: 0.5MB/s / Disk: 0MB/s
(21:50:38) INFO:    [Gog]:              Progress for Gloomhaven: 36.42%/4869.34MB/00:31:28 Down: 0.5MB/s / Disk: 0MB/s
(21:50:39) INFO:    [Gog]:              Progress for Gloomhaven: 36.42%/4869.34MB/00:31:30 Down: 0.5MB/s / Disk: 0MB/s
(21:50:40) INFO:    [Gog]:              Progress for Gloomhaven: 36.42%/4869.34MB/00:31:31 Down: 0.5MB/s / Disk: 0MB/s
(21:50:41) INFO:    [Gog]:              Progress for Gloomhaven: 36.42%/4878.14MB/00:31:33 Down: 0.5MB/s / Disk: 0MB/s
(21:50:42) INFO:    [Gog]:              Progress for Gloomhaven: 36.42%/4878.14MB/00:31:35 Down: 0.5MB/s / Disk: 0MB/s
(21:50:43) INFO:    [Gog]:              Progress for Gloomhaven: 36.42%/4878.14MB/00:31:37 Down: 0.5MB/s / Disk: 0MB/s
(21:50:45) INFO:    [Gog]:              Progress for Gloomhaven: 36.5%/4891.05MB/00:31:33 Down: 3.84MB/s / Disk: 7.2MB/s
(21:50:46) INFO:    [Gog]:              Progress for Gloomhaven: 36.57%/4911.13MB/00:31:30 Down: 4.95MB/s / Disk: 9.12MB/s
(21:50:47) INFO:    [Gog]:              Progress for Gloomhaven: 36.57%/4911.13MB/00:31:32 Down: 0.5MB/s / Disk: 0MB/s
(21:50:48) INFO:    [Gog]:              Progress for Gloomhaven: 36.57%/4911.13MB/00:31:33 Down: 0.5MB/s / Disk: 0MB/s
(21:50:49) INFO:    [Gog]:              Progress for Gloomhaven: 36.57%/4911.13MB/00:31:35 Down: 0.5MB/s / Disk: 0MB/s
(21:50:50) INFO:    [Gog]:              Progress for Gloomhaven: 36.57%/4911.13MB/00:31:37 Down: 0.5MB/s / Disk: 0MB/s
(21:50:51) INFO:    [Gog]:              Progress for Gloomhaven: 36.57%/4911.13MB/00:31:38 Down: 0.5MB/s / Disk: 0MB/s
(21:50:52) INFO:    [Gog]:              Progress for Gloomhaven: 36.57%/4911.13MB/00:31:40 Down: 0.5MB/s / Disk: 0MB/s
(21:50:53) INFO:    [Gog]:              Progress for Gloomhaven: 36.57%/4911.13MB/00:31:42 Down: 0.5MB/s / Disk: 0MB/s
(21:50:55) INFO:    [Gog]:              Progress for Gloomhaven: 36.79%/4926.31MB/00:31:27 Down: 11.64MB/s / Disk: 23.05MB/s
(21:50:56) INFO:    [Gog]:              Progress for Gloomhaven: 36.79%/4932.82MB/00:31:29 Down: 0.5MB/s / Disk: 0MB/s
(21:50:57) INFO:    [Gog]:              Progress for Gloomhaven: 36.79%/4932.82MB/00:31:30 Down: 0.5MB/s / Disk: 0MB/s
(21:50:58) INFO:    [Gog]:              Progress for Gloomhaven: 36.79%/4932.82MB/00:31:32 Down: 0.5MB/s / Disk: 0MB/s
(21:50:59) INFO:    [Gog]:              Progress for Gloomhaven: 36.79%/4947.41MB/00:31:34 Down: 0.5MB/s / Disk: 0MB/s
(21:51:00) INFO:    [Gog]:              Progress for Gloomhaven: 36.89%/4962.16MB/00:31:28 Down: 7.18MB/s / Disk: 13.1MB/s
(21:51:01) INFO:    [Gog]:              Progress for Gloomhaven: 36.89%/4962.16MB/00:31:30 Down: 0.5MB/s / Disk: 0MB/s
(21:51:02) INFO:    [Gog]:              Progress for Gloomhaven: 36.89%/4971.08MB/00:31:32 Down: 0.5MB/s / Disk: 0MB/s
(21:51:03) INFO:    [Gog]:              Progress for Gloomhaven: 36.89%/4971.08MB/00:31:33 Down: 0.5MB/s / Disk: 0MB/s
(21:51:04) INFO:    [Gog]:              Progress for Gloomhaven: 36.89%/4971.08MB/00:31:35 Down: 0.07MB/s / Disk: 0MB/s
(21:51:05) INFO:    [Gog]:              Progress for Gloomhaven: 36.89%/4971.08MB/00:31:37 Down: 0.5MB/s / Disk: 0MB/s
(21:51:06) INFO:    [Gog]:              Progress for Gloomhaven: 36.89%/4971.08MB/00:31:38 Down: 0.5MB/s / Disk: 0MB/s
(21:51:07) INFO:    [Gog]:              Progress for Gloomhaven: 36.89%/4980.63MB/00:31:40 Down: 0.5MB/s / Disk: 0MB/s
(21:51:09) INFO:    [Gog]:              Progress for Gloomhaven: 37.12%/5008.81MB/00:31:24 Down: 12.25MB/s / Disk: 24.02MB/s
(21:51:10) INFO:    [Gog]:              Progress for Gloomhaven: 37.12%/5023.77MB/00:31:26 Down: 0.5MB/s / Disk: 0MB/s
(21:51:11) INFO:    [Gog]:              Progress for Gloomhaven: 37.2%/5035.75MB/00:31:21 Down: 5.47MB/s / Disk: 11.81MB/s
(21:51:12) INFO:    [Gog]:              Progress for Gloomhaven: 37.2%/5035.75MB/00:31:23 Down: 0.5MB/s / Disk: 0MB/s
(21:51:13) INFO:    [Gog]:              Progress for Gloomhaven: 37.36%/5050.41MB/00:31:13 Down: 8.06MB/s / Disk: 15.71MB/s
(21:51:14) INFO:    [Gog]:              Progress for Gloomhaven: 37.36%/5050.41MB/00:31:15 Down: 0.5MB/s / Disk: 0MB/s
(21:51:15) INFO:    [Gog]:              Progress for Gloomhaven: 37.36%/5068.58MB/00:31:17 Down: 0.5MB/s / Disk: 0MB/s
(21:51:16) INFO:    [Gog]:              Progress for Gloomhaven: 37.36%/5068.58MB/00:31:18 Down: 0.5MB/s / Disk: 0MB/s
(21:51:17) INFO:    [Gog]:              Progress for Gloomhaven: 37.36%/5068.58MB/00:31:20 Down: 0.5MB/s / Disk: 0MB/s
(21:51:19) INFO:    [Gog]:              Progress for Gloomhaven: 37.61%/5092.99MB/00:31:02 Down: 15.82MB/s / Disk: 30.88MB/s
(21:51:21) INFO:    [Gog]:              Progress for Gloomhaven: 37.94%/5110.90MB/00:30:40 Down: 14.24MB/s / Disk: 28.45MB/s
(21:51:22) INFO:    [Gog]:              Progress for Gloomhaven: 37.94%/5110.90MB/00:30:41 Down: 0.5MB/s / Disk: 0MB/s
(21:51:23) INFO:    [Gog]:              Progress for Gloomhaven: 37.94%/5110.90MB/00:30:43 Down: 0.5MB/s / Disk: 0MB/s
(21:51:24) INFO:    [Gog]:              Progress for Gloomhaven: 37.94%/5110.90MB/00:30:45 Down: 0.5MB/s / Disk: 0MB/s
(21:51:25) INFO:    [Gog]:              Progress for Gloomhaven: 37.94%/5110.90MB/00:30:46 Down: 0.5MB/s / Disk: 0MB/s
(21:51:26) INFO:    [Gog]:              Progress for Gloomhaven: 38.05%/5120.27MB/00:30:39 Down: 8.07MB/s / Disk: 16.34MB/s
(21:51:27) INFO:    [Gog]:              Progress for Gloomhaven: 38.05%/5120.27MB/00:30:41 Down: 0.5MB/s / Disk: 0MB/s
(21:51:28) INFO:    [Gog]:              Progress for Gloomhaven: 38.05%/5120.27MB/00:30:42 Down: 0.5MB/s / Disk: 0MB/s
(21:51:29) INFO:    [Gog]:              Progress for Gloomhaven: 38.12%/5139.37MB/00:30:39 Down: 4.62MB/s / Disk: 8.11MB/s
(21:51:30) INFO:    [Gog]:              Progress for Gloomhaven: 38.12%/5139.37MB/00:30:41 Down: 0.5MB/s / Disk: 0MB/s
(21:51:31) INFO:    [Gog]:              Progress for Gloomhaven: 38.12%/5139.37MB/00:30:42 Down: 0.31MB/s / Disk: 0MB/s
(21:51:32) INFO:    [Gog]:              Progress for Gloomhaven: 38.12%/5139.37MB/00:30:44 Down: 0.5MB/s / Disk: 0MB/s
(21:51:33) INFO:    [Gog]:              Progress for Gloomhaven: 38.12%/5139.37MB/00:30:46 Down: 0.5MB/s / Disk: 0MB/s
(21:51:34) INFO:    [Gog]:              Progress for Gloomhaven: 38.12%/5142.90MB/00:30:47 Down: 0.06MB/s / Disk: 0MB/s
(21:51:35) INFO:    [Gog]:              Progress for Gloomhaven: 38.12%/5166.48MB/00:30:49 Down: 0.5MB/s / Disk: 0MB/s
(21:51:36) INFO:    [Gog]:              Progress for Gloomhaven: 38.12%/5191.83MB/00:30:51 Down: 0.02MB/s / Disk: 0MB/s
(21:51:38) INFO:    [Gog]:              Progress for Gloomhaven: 38.4%/5208.41MB/00:30:31 Down: 17.18MB/s / Disk: 33.69MB/s
(21:51:40) INFO:    [Gog]:              Progress for Gloomhaven: 38.7%/5231.43MB/00:30:11 Down: 12.5MB/s / Disk: 26.28MB/s
(21:51:41) INFO:    [Gog]:              Progress for Gloomhaven: 38.7%/5231.43MB/00:30:13 Down: 0.5MB/s / Disk: 0MB/s
(21:51:42) INFO:    [Gog]:              Progress for Gloomhaven: 38.7%/5231.43MB/00:30:14 Down: 0.5MB/s / Disk: 0MB/s
(21:51:43) INFO:    [Gog]:              Progress for Gloomhaven: 38.7%/5241.51MB/00:30:16 Down: 0.5MB/s / Disk: 0MB/s
(21:51:44) INFO:    [Gog]:              Progress for Gloomhaven: 38.7%/5266.93MB/00:30:17 Down: 0.5MB/s / Disk: 0MB/s
(21:51:45) INFO:    [Gog]:              Progress for Gloomhaven: 38.7%/5266.93MB/00:30:19 Down: 0.5MB/s / Disk: 0MB/s
(21:51:46) INFO:    [Gog]:              Progress for Gloomhaven: 38.7%/5266.93MB/00:30:21 Down: 0.5MB/s / Disk: 0MB/s
(21:51:47) INFO:    [Gog]:              Progress for Gloomhaven: 38.7%/5266.93MB/00:30:22 Down: 0.5MB/s / Disk: 0MB/s
(21:51:48) INFO:    [Gog]:              Progress for Gloomhaven: 38.7%/5280.95MB/00:30:24 Down: 0.5MB/s / Disk: 0MB/s
(21:51:49) INFO:    [Gog]:              Progress for Gloomhaven: 38.7%/5293.27MB/00:30:25 Down: 0.5MB/s / Disk: 0MB/s
(21:51:50) INFO:    [Gog]:              Progress for Gloomhaven: 38.7%/5293.27MB/00:30:27 Down: 0.5MB/s / Disk: 0MB/s
(21:51:51) INFO:    [Gog]:              Progress for Gloomhaven: 38.7%/5293.27MB/00:30:29 Down: 0.5MB/s / Disk: 0MB/s
(21:51:52) INFO:    [Gog]:              Progress for Gloomhaven: 38.7%/5293.27MB/00:30:30 Down: 0.5MB/s / Disk: 0MB/s
(21:51:53) INFO:    [Gog]:              Progress for Gloomhaven: 38.7%/5293.27MB/00:30:32 Down: 0.3MB/s / Disk: 0MB/s
(21:51:54) INFO:    [Gog]:              Progress for Gloomhaven: 38.7%/5306.69MB/00:30:33 Down: 0.5MB/s / Disk: 0MB/s
(21:51:55) INFO:    [Gog]:              Progress for Gloomhaven: 38.7%/5306.69MB/00:30:35 Down: 0.5MB/s / Disk: 0MB/s
(21:51:56) INFO:    [Gog]:              Progress for Gloomhaven: 38.7%/5318.87MB/00:30:36 Down: 0.5MB/s / Disk: 0MB/s
(21:51:57) INFO:    [Gog]:              Progress for Gloomhaven: 38.7%/5329.51MB/00:30:38 Down: 0.5MB/s / Disk: 0MB/s
(21:51:58) INFO:    [Gog]:              Progress for Gloomhaven: 38.7%/5329.51MB/00:30:40 Down: 0.5MB/s / Disk: 0MB/s
(21:51:59) INFO:    [Gog]:              Progress for Gloomhaven: 38.7%/5329.51MB/00:30:41 Down: 0.5MB/s / Disk: 0MB/s
(21:52:00) INFO:    [Gog]:              Progress for Gloomhaven: 38.7%/5332.26MB/00:30:43 Down: 0.5MB/s / Disk: 0MB/s
(21:52:01) INFO:    [Gog]:              Progress for Gloomhaven: 38.7%/5341.22MB/00:30:44 Down: 0.5MB/s / Disk: 0MB/s
(21:52:02) INFO:    [Gog]:              Progress for Gloomhaven: 38.7%/5341.22MB/00:30:46 Down: 0.5MB/s / Disk: 0MB/s
(21:52:03) INFO:    [Gog]:              Progress for Gloomhaven: 38.94%/5364.70MB/00:30:29 Down: 25.96MB/s / Disk: 51.19MB/s
(21:52:04) INFO:    [Gog]:              Progress for Gloomhaven: 39.57%/5373.66MB/00:29:43 Down: 43.79MB/s / Disk: 84.75MB/s
(21:52:05) INFO:    [Gog]:              Progress for Gloomhaven: 39.57%/5373.66MB/00:29:45 Down: 0.5MB/s / Disk: 0MB/s
(21:52:06) INFO:    [Gog]:              Progress for Gloomhaven: 39.57%/5373.66MB/00:29:46 Down: 0.5MB/s / Disk: 0MB/s
(21:52:07) INFO:    [Gog]:              Progress for Gloomhaven: 39.57%/5373.66MB/00:29:48 Down: 0.5MB/s / Disk: 0MB/s
(21:52:09) INFO:    [Gog]:              Progress for Gloomhaven: 39.89%/5402.03MB/00:29:27 Down: 14.12MB/s / Disk: 27.55MB/s
(21:52:10) INFO:    [Gog]:              Progress for Gloomhaven: 39.89%/5402.03MB/00:29:28 Down: 0.5MB/s / Disk: 0MB/s
(21:52:11) INFO:    [Gog]:              Progress for Gloomhaven: 39.89%/5402.03MB/00:29:30 Down: 0.5MB/s / Disk: 0MB/s
(21:52:12) INFO:    [Gog]:              Progress for Gloomhaven: 39.89%/5402.03MB/00:29:31 Down: 0.5MB/s / Disk: 0MB/s
(21:52:13) INFO:    [Gog]:              Progress for Gloomhaven: 39.89%/5419.41MB/00:29:33 Down: 0.5MB/s / Disk: 0MB/s
(21:52:14) INFO:    [Gog]:              Progress for Gloomhaven: 39.89%/5419.41MB/00:29:34 Down: 0.5MB/s / Disk: 0MB/s
(21:52:15) INFO:    [Gog]:              Progress for Gloomhaven: 39.89%/5439.43MB/00:29:36 Down: 0.5MB/s / Disk: 0MB/s
(21:52:16) INFO:    [Gog]:              Progress for Gloomhaven: 39.89%/5439.43MB/00:29:37 Down: 0.5MB/s / Disk: 0MB/s
(21:52:17) INFO:    [Gog]:              Progress for Gloomhaven: 39.89%/5450.73MB/00:29:39 Down: 0.5MB/s / Disk: 0MB/s
(21:52:19) INFO:    [Gog]:              Progress for Gloomhaven: 39.95%/5469.81MB/00:29:37 Down: 3.64MB/s / Disk: 6.53MB/s
(21:52:20) INFO:    [Gog]:              Progress for Gloomhaven: 39.95%/5469.81MB/00:29:38 Down: 0.5MB/s / Disk: 0MB/s
(21:52:21) INFO:    [Gog]:              Progress for Gloomhaven: 39.95%/5481.26MB/00:29:40 Down: 0.5MB/s / Disk: 0MB/s
(21:52:22) INFO:    [Gog]:              Progress for Gloomhaven: 39.95%/5491.98MB/00:29:41 Down: 0.5MB/s / Disk: 0MB/s
(21:52:23) INFO:    [Gog]:              Progress for Gloomhaven: 39.95%/5491.98MB/00:29:43 Down: 0.5MB/s / Disk: 0MB/s
(21:52:24) INFO:    [Gog]:              Progress for Gloomhaven: 39.95%/5491.98MB/00:29:44 Down: 0.5MB/s / Disk: 0MB/s
(21:52:25) INFO:    [Gog]:              Progress for Gloomhaven: 39.95%/5491.98MB/00:29:46 Down: 0.5MB/s / Disk: 0MB/s
(21:52:26) INFO:    [Gog]:              Progress for Gloomhaven: 40.56%/5513.63MB/00:29:04 Down: 30.1MB/s / Disk: 59.9MB/s
(21:52:27) INFO:    [Gog]:              Progress for Gloomhaven: 40.56%/5522.57MB/00:29:06 Down: 0.5MB/s / Disk: 0MB/s
(21:52:28) INFO:    [Gog]:              Progress for Gloomhaven: 40.65%/5537.11MB/00:29:00 Down: 8.46MB/s / Disk: 15.2MB/s
(21:52:29) INFO:    [Gog]:              Progress for Gloomhaven: 40.65%/5537.11MB/00:29:02 Down: 0.5MB/s / Disk: 0MB/s
(21:52:31) INFO:    [Gog]:              Progress for Gloomhaven: 40.74%/5551.33MB/00:28:58 Down: 4.53MB/s / Disk: 8.76MB/s
(21:52:33) INFO:    [Gog]:              Progress for Gloomhaven: 40.84%/5588.02MB/00:28:53 Down: 4.7MB/s / Disk: 8.81MB/s
(21:52:34) INFO:    [Gog]:              Progress for Gloomhaven: 40.84%/5605.75MB/00:28:55 Down: 0.5MB/s / Disk: 0MB/s
(21:52:36) INFO:    [Gog]:              Progress for Gloomhaven: 41.26%/5632.25MB/00:28:28 Down: 17.89MB/s / Disk: 36.86MB/s
(21:52:37) INFO:    [Gog]:              Progress for Gloomhaven: 41.39%/5632.25MB/00:28:20 Down: 10.79MB/s / Disk: 19.91MB/s
(21:52:38) INFO:    [Gog]:              Progress for Gloomhaven: 41.39%/5640.07MB/00:28:22 Down: 0.5MB/s / Disk: 0MB/s
(21:52:40) INFO:    [Gog]:              Progress for Gloomhaven: 41.51%/5649.59MB/00:28:16 Down: 6.47MB/s / Disk: 12MB/s
(21:52:41) INFO:    [Gog]:              Progress for Gloomhaven: 41.51%/5649.59MB/00:28:17 Down: 0.5MB/s / Disk: 0MB/s
(21:52:42) INFO:    [Gog]:              Progress for Gloomhaven: 41.51%/5649.59MB/00:28:19 Down: 0.5MB/s / Disk: 0MB/s
(21:52:43) INFO:    [Gog]:              Progress for Gloomhaven: 41.51%/5653.80MB/00:28:20 Down: 0.5MB/s / Disk: 0MB/s
(21:52:44) INFO:    [Gog]:              Progress for Gloomhaven: 41.51%/5653.80MB/00:28:21 Down: 0.5MB/s / Disk: 0MB/s
(21:52:45) INFO:    [Gog]:              Progress for Gloomhaven: 41.51%/5653.80MB/00:28:23 Down: 0.5MB/s / Disk: 0MB/s
(21:52:46) INFO:    [Gog]:              Progress for Gloomhaven: 41.51%/5653.80MB/00:28:24 Down: 0.5MB/s / Disk: 0MB/s
(21:52:47) INFO:    [Gog]:              Progress for Gloomhaven: 41.51%/5653.80MB/00:28:26 Down: 0.5MB/s / Disk: 0MB/s
(21:52:48) INFO:    [Gog]:              Progress for Gloomhaven: 41.51%/5653.80MB/00:28:27 Down: 0.5MB/s / Disk: 0MB/s
(21:52:49) INFO:    [Gog]:              Progress for Gloomhaven: 41.51%/5653.80MB/00:28:28 Down: 0.5MB/s / Disk: 0MB/s
(21:52:50) INFO:    [Gog]:              Progress for Gloomhaven: 41.51%/5653.80MB/00:28:30 Down: 0.5MB/s / Disk: 0MB/s
(21:52:51) INFO:    [Gog]:              Progress for Gloomhaven: 41.51%/5653.80MB/00:28:31 Down: 0.5MB/s / Disk: 0MB/s
(21:52:52) INFO:    [Gog]:              Progress for Gloomhaven: 41.6%/5666.44MB/00:28:27 Down: 6.36MB/s / Disk: 11.86MB/s
(21:52:53) INFO:    [Gog]:              Progress for Gloomhaven: 41.69%/5712.50MB/00:28:22 Down: 7.61MB/s / Disk: 14.56MB/s
(21:52:54) INFO:    [Gog]:              Progress for Gloomhaven: 41.81%/5712.50MB/00:28:15 Down: 9.77MB/s / Disk: 18.04MB/s
(21:52:56) INFO:    [Gog]:              Progress for Gloomhaven: 42%/5723.60MB/00:28:04 Down: 11.04MB/s / Disk: 21.41MB/s
(21:52:57) INFO:    [Gog]:              Progress for Gloomhaven: 42%/5723.60MB/00:28:05 Down: 0.5MB/s / Disk: 0MB/s
(21:52:58) INFO:    [Gog]:              Progress for Gloomhaven: 42%/5738.53MB/00:28:07 Down: 0.5MB/s / Disk: 0MB/s
(21:53:00) INFO:    [Gog]:              Progress for Gloomhaven: 42.35%/5783.01MB/00:27:45 Down: 17.92MB/s / Disk: 34.79MB/s
(21:53:01) INFO:    [Gog]:              Progress for Gloomhaven: 42.35%/5797.99MB/00:27:47 Down: 0.5MB/s / Disk: 0MB/s
(21:53:02) INFO:    [Gog]:              Progress for Gloomhaven: 42.35%/5846.07MB/00:27:48 Down: 0.5MB/s / Disk: 0MB/s
(21:53:03) INFO:    [Gog]:              Progress for Gloomhaven: 42.35%/5886.28MB/00:27:49 Down: 0.5MB/s / Disk: 0MB/s
(21:53:04) INFO:    [Gog]:              Progress for Gloomhaven: 42.35%/5913.68MB/00:27:51 Down: 0.5MB/s / Disk: 0MB/s
(21:53:05) INFO:    [Gog]:              Progress for Gloomhaven: 42.41%/5958.14MB/00:27:48 Down: 4.98MB/s / Disk: 9.05MB/s
(21:53:06) INFO:    [Gog]:              Progress for Gloomhaven: 42.41%/5974.44MB/00:27:49 Down: 0.5MB/s / Disk: 0MB/s
(21:53:07) INFO:    [Gog]:              Progress for Gloomhaven: 42.41%/6011.31MB/00:27:51 Down: 0.5MB/s / Disk: 0MB/s
(21:53:08) INFO:    [Gog]:              Progress for Gloomhaven: 42.41%/6025.72MB/00:27:52 Down: 0.5MB/s / Disk: 0MB/s
(21:53:09) INFO:    [Gog]:              Progress for Gloomhaven: 42.41%/6039.78MB/00:27:54 Down: 0.5MB/s / Disk: 0MB/s
(21:53:10) INFO:    [Gog]:              Progress for Gloomhaven: 42.41%/6074.82MB/00:27:55 Down: 0.39MB/s / Disk: 0MB/s
(21:53:11) INFO:    [Gog]:              Progress for Gloomhaven: 42.41%/6074.82MB/00:27:56 Down: 0.5MB/s / Disk: 0MB/s
(21:53:12) INFO:    [Gog]:              Progress for Gloomhaven: 42.41%/6093.02MB/00:27:58 Down: 0.5MB/s / Disk: 0MB/s
(21:53:13) INFO:    [Gog]:              Progress for Gloomhaven: 42.41%/6137.11MB/00:27:59 Down: 0.5MB/s / Disk: 0MB/s
(21:53:14) INFO:    [Gog]:              Progress for Gloomhaven: 42.41%/6161.55MB/00:28:00 Down: 0.5MB/s / Disk: 0MB/s
(21:53:15) INFO:    [Gog]:              Progress for Gloomhaven: 42.41%/6162.18MB/00:28:02 Down: 0.5MB/s / Disk: 0MB/s
(21:53:16) INFO:    [Gog]:              Progress for Gloomhaven: 42.41%/6168.88MB/00:28:03 Down: 0.5MB/s / Disk: 0MB/s
(21:53:17) INFO:    [Gog]:              Progress for Gloomhaven: 42.52%/6180.97MB/00:27:56 Down: 10.93MB/s / Disk: 20.61MB/s
(21:53:18) INFO:    [Gog]:              Progress for Gloomhaven: 43.84%/6192.89MB/00:26:30 Down: 95.41MB/s / Disk: 190.12MB/s
(21:53:19) INFO:    [Gog]:              Progress for Gloomhaven: 43.84%/6199.08MB/00:26:31 Down: 0.5MB/s / Disk: 0MB/s
(21:53:20) INFO:    [Gog]:              Progress for Gloomhaven: 43.84%/6199.08MB/00:26:33 Down: 0.5MB/s / Disk: 0MB/s
(21:53:21) INFO:    [Gog]:              Progress for Gloomhaven: 45.12%/6215.86MB/00:25:14 Down: 69.2MB/s / Disk: 134.39MB/s
(21:53:22) INFO:    [Gog]:              Progress for Gloomhaven: 45.12%/6231.45MB/00:25:15 Down: 0.5MB/s / Disk: 0MB/s
(21:53:24) INFO:    [Gog]:              Progress for Gloomhaven: 45.28%/6265.66MB/00:25:08 Down: 13.99MB/s / Disk: 18.27MB/s
(21:53:25) INFO:    [Gog]:              Progress for Gloomhaven: 45.36%/6266.45MB/00:25:04 Down: 7.21MB/s / Disk: 12.48MB/s
(21:53:26) INFO:    [Gog]:              Progress for Gloomhaven: 45.36%/6284.53MB/00:25:05 Down: 0.5MB/s / Disk: 0MB/s
(21:53:27) INFO:    [Gog]:              Progress for Gloomhaven: 45.36%/6296.06MB/00:25:06 Down: 0.5MB/s / Disk: 0MB/s
(21:53:28) INFO:    [Gog]:              Progress for Gloomhaven: 45.36%/6304.43MB/00:25:08 Down: 0.5MB/s / Disk: 0MB/s
(21:53:29) INFO:    [Gog]:              Progress for Gloomhaven: 45.36%/6308.95MB/00:25:09 Down: 0.5MB/s / Disk: 0MB/s
(21:53:30) INFO:    [Gog]:              Progress for Gloomhaven: 45.36%/6317.97MB/00:25:10 Down: 0.5MB/s / Disk: 0MB/s
(21:53:31) INFO:    [Gog]:              Progress for Gloomhaven: 45.36%/6334.80MB/00:25:11 Down: 0.5MB/s / Disk: 0MB/s
(21:53:32) INFO:    [Gog]:              Progress for Gloomhaven: 45.36%/6337.67MB/00:25:12 Down: 0.5MB/s / Disk: 0MB/s
(21:53:34) INFO:    [Gog]:              Progress for Gloomhaven: 45.52%/6368.70MB/00:25:05 Down: 11.61MB/s / Disk: 18.22MB/s
(21:53:35) INFO:    [Gog]:              Progress for Gloomhaven: 45.52%/6379.33MB/00:25:06 Down: 0.5MB/s / Disk: 0MB/s
(21:53:36) INFO:    [Gog]:              Progress for Gloomhaven: 45.52%/6381.13MB/00:25:07 Down: 0.5MB/s / Disk: 0MB/s
(21:53:37) INFO:    [Gog]:              Progress for Gloomhaven: 45.52%/6383.93MB/00:25:08 Down: 0.5MB/s / Disk: 0MB/s
(21:53:38) INFO:    [Gog]:              Progress for Gloomhaven: 45.52%/6394.53MB/00:25:09 Down: 0.5MB/s / Disk: 0MB/s
(21:53:39) INFO:    [Gog]:              Progress for Gloomhaven: 45.52%/6404.96MB/00:25:11 Down: 0.5MB/s / Disk: 0MB/s
(21:53:40) INFO:    [Gog]:              Progress for Gloomhaven: 45.52%/6418.53MB/00:25:12 Down: 0.5MB/s / Disk: 0MB/s
(21:53:41) INFO:    [Gog]:              Progress for Gloomhaven: 46.49%/6438.22MB/00:24:16 Down: 50.39MB/s / Disk: 92.01MB/s
(21:53:42) INFO:    [Gog]:              Progress for Gloomhaven: 46.49%/6450.42MB/00:24:17 Down: 0.5MB/s / Disk: 0MB/s
(21:53:43) INFO:    [Gog]:              Progress for Gloomhaven: 46.49%/6460.08MB/00:24:18 Down: 0.5MB/s / Disk: 0MB/s
(21:53:44) INFO:    [Gog]:              Progress for Gloomhaven: 46.49%/6477.67MB/00:24:19 Down: 0.5MB/s / Disk: 0MB/s
(21:53:45) INFO:    [Gog]:              Progress for Gloomhaven: 46.49%/6480.87MB/00:24:21 Down: 0.5MB/s / Disk: 0MB/s
(21:53:46) INFO:    [Gog]:              Progress for Gloomhaven: 46.49%/6481.88MB/00:24:22 Down: 0.5MB/s / Disk: 0MB/s
(21:53:47) INFO:    [Gog]:              Progress for Gloomhaven: 46.49%/6483.43MB/00:24:23 Down: 0.5MB/s / Disk: 0MB/s
(21:53:48) INFO:    [Gog]:              Progress for Gloomhaven: 46.49%/6500.27MB/00:24:24 Down: 0.5MB/s / Disk: 0MB/s
(21:53:49) INFO:    [Gog]:              Progress for Gloomhaven: 46.49%/6500.27MB/00:24:25 Down: 0.5MB/s / Disk: 0MB/s
(21:53:50) INFO:    [Gog]:              Progress for Gloomhaven: 46.49%/6512.55MB/00:24:26 Down: 0.5MB/s / Disk: 0MB/s
(21:53:51) INFO:    [Gog]:              Progress for Gloomhaven: 46.49%/6517.53MB/00:24:28 Down: 0.5MB/s / Disk: 0MB/s
(21:53:52) INFO:    [Gog]:              Progress for Gloomhaven: 46.49%/6529.51MB/00:24:29 Down: 0.5MB/s / Disk: 0MB/s
(21:53:54) INFO:    [Gog]:              Progress for Gloomhaven: 46.85%/6564.03MB/00:24:09 Down: 23.36MB/s / Disk: 43.35MB/s
(21:53:55) INFO:    [Gog]:              Progress for Gloomhaven: 46.99%/6574.78MB/00:24:02 Down: 11.11MB/s / Disk: 20.69MB/s
(21:53:56) INFO:    [Gog]:              Progress for Gloomhaven: 46.99%/6588.16MB/00:24:04 Down: 0.5MB/s / Disk: 0MB/s
(21:53:57) INFO:    [Gog]:              Progress for Gloomhaven: 47.59%/6611.42MB/00:23:30 Down: 44.72MB/s / Disk: 81.73MB/s
(21:53:59) INFO:    [Gog]:              Progress for Gloomhaven: 47.9%/6644.00MB/00:23:15 Down: 14.15MB/s / Disk: 26.95MB/s
(21:54:01) INFO:    [Gog]:              Progress for Gloomhaven: 48.04%/6692.45MB/00:23:09 Down: 9.3MB/s / Disk: 17.23MB/s
(21:54:02) INFO:    [Gog]:              Progress for Gloomhaven: 48.42%/6725.58MB/00:22:49 Down: 33.71MB/s / Disk: 61.18MB/s
(21:54:03) INFO:    [Gog]:              Progress for Gloomhaven: 48.48%/6745.07MB/00:22:47 Down: 5.76MB/s / Disk: 9.88MB/s
(21:54:04) INFO:    [Gog]:              Progress for Gloomhaven: 48.53%/6759.01MB/00:22:45 Down: 4.53MB/s / Disk: 6.86MB/s
(21:54:05) INFO:    [Gog]:              Progress for Gloomhaven: 48.86%/6793.92MB/00:22:29 Down: 22.48MB/s / Disk: 37.81MB/s
(21:54:06) INFO:    [Gog]:              Progress for Gloomhaven: 48.95%/6804.26MB/00:22:25 Down: 10.18MB/s / Disk: 16.78MB/s
(21:54:08) INFO:    [Gog]:              Progress for Gloomhaven: 49.14%/6839.02MB/00:22:16 Down: 11.73MB/s / Disk: 20.48MB/s
(21:54:09) INFO:    [Gog]:              Progress for Gloomhaven: 49.38%/6863.22MB/00:22:05 Down: 16.24MB/s / Disk: 27.28MB/s
(21:54:11) INFO:    [Gog]:              Progress for Gloomhaven: 49.47%/6880.33MB/00:22:02 Down: 6.55MB/s / Disk: 11.3MB/s
(21:54:12) INFO:    [Gog]:              Progress for Gloomhaven: 49.47%/6898.80MB/00:22:03 Down: 0.5MB/s / Disk: 0MB/s
(21:54:13) INFO:    [Gog]:              Progress for Gloomhaven: 49.47%/6920.73MB/00:22:04 Down: 0.5MB/s / Disk: 0MB/s
(21:54:14) INFO:    [Gog]:              Progress for Gloomhaven: 49.47%/6925.41MB/00:22:05 Down: 0.5MB/s / Disk: 0MB/s
(21:54:15) INFO:    [Gog]:              Progress for Gloomhaven: 49.47%/6958.55MB/00:22:06 Down: 0.5MB/s / Disk: 0MB/s
(21:54:16) INFO:    [Gog]:              Progress for Gloomhaven: 49.47%/6974.14MB/00:22:07 Down: 0.5MB/s / Disk: 0MB/s
(21:54:17) INFO:    [Gog]:              Progress for Gloomhaven: 50.24%/7000.11MB/00:21:28 Down: 62.46MB/s / Disk: 114.12MB/s
(21:54:18) INFO:    [Gog]:              Progress for Gloomhaven: 50.3%/7014.74MB/00:21:26 Down: 5.35MB/s / Disk: 7.67MB/s
(21:54:19) INFO:    [Gog]:              Progress for Gloomhaven: 50.4%/7031.44MB/00:21:22 Down: 10.69MB/s / Disk: 17.56MB/s
(21:54:21) INFO:    [Gog]:              Progress for Gloomhaven: 50.59%/7054.74MB/00:21:14 Down: 13.84MB/s / Disk: 17.73MB/s
(21:54:22) INFO:    [Gog]:              Progress for Gloomhaven: 50.62%/7078.39MB/00:21:14 Down: 2.75MB/s / Disk: 4.09MB/s
(21:54:23) INFO:    [Gog]:              Progress for Gloomhaven: 50.69%/7096.06MB/00:21:11 Down: 7.5MB/s / Disk: 13.9MB/s
(21:54:24) INFO:    [Gog]:              Progress for Gloomhaven: 50.95%/7114.20MB/00:20:59 Down: 24.61MB/s / Disk: 41.95MB/s
(21:54:25) INFO:    [Gog]:              Progress for Gloomhaven: 51.2%/7137.18MB/00:20:47 Down: 22.96MB/s / Disk: 36.3MB/s
(21:54:27) INFO:    [Gog]:              Progress for Gloomhaven: 51.28%/7158.99MB/00:20:45 Down: 4.08MB/s / Disk: 6.51MB/s
(21:54:28) INFO:    [Gog]:              Progress for Gloomhaven: 51.44%/7179.38MB/00:20:38 Down: 18.84MB/s / Disk: 27.97MB/s
(21:54:29) INFO:    [Gog]:              Progress for Gloomhaven: 51.51%/7193.12MB/00:20:36 Down: 7.36MB/s / Disk: 10.4MB/s
(21:54:30) INFO:    [Gog]:              Progress for Gloomhaven: 51.54%/7204.34MB/00:20:35 Down: 2.96MB/s / Disk: 4.51MB/s
(21:54:31) INFO:    [Gog]:              Progress for Gloomhaven: 51.54%/7217.64MB/00:20:36 Down: 0.5MB/s / Disk: 0MB/s
(21:54:32) INFO:    [Gog]:              Progress for Gloomhaven: 51.76%/7235.46MB/00:20:27 Down: 24.25MB/s / Disk: 36.68MB/s
(21:54:34) INFO:    [Gog]:              Progress for Gloomhaven: 51.83%/7240.50MB/00:20:24 Down: 8.97MB/s / Disk: 10.23MB/s
(21:54:35) INFO:    [Gog]:              Progress for Gloomhaven: 51.83%/7248.72MB/00:20:25 Down: 0.5MB/s / Disk: 0MB/s
(21:54:36) INFO:    [Gog]:              Progress for Gloomhaven: 51.95%/7262.29MB/00:20:20 Down: 12.8MB/s / Disk: 20.67MB/s
(21:54:37) INFO:    [Gog]:              Progress for Gloomhaven: 52.03%/7279.41MB/00:20:18 Down: 4.99MB/s / Disk: 8.12MB/s
(21:54:38) INFO:    [Gog]:              Progress for Gloomhaven: 52.12%/7286.67MB/00:20:14 Down: 9.52MB/s / Disk: 13.5MB/s
(21:54:40) INFO:    [Gog]:              Progress for Gloomhaven: 52.16%/7302.98MB/00:20:14 Down: 3.59MB/s / Disk: 5.33MB/s
(21:54:41) INFO:    [Gog]:              Progress for Gloomhaven: 52.26%/7309.92MB/00:20:10 Down: 9.83MB/s / Disk: 13.68MB/s
(21:54:42) INFO:    [Gog]:              Progress for Gloomhaven: 52.36%/7325.69MB/00:20:06 Down: 7.84MB/s / Disk: 14.57MB/s
(21:54:43) INFO:    [Gog]:              Progress for Gloomhaven: 52.44%/7331.20MB/00:20:03 Down: 8.12MB/s / Disk: 11.18MB/s
(21:54:44) INFO:    [Gog]:              Progress for Gloomhaven: 52.44%/7343.18MB/00:20:04 Down: 0.5MB/s / Disk: 0MB/s
(21:54:45) INFO:    [Gog]:              Progress for Gloomhaven: 52.44%/7346.83MB/00:20:05 Down: 0.5MB/s / Disk: 0MB/s
(21:54:46) INFO:    [Gog]:              Progress for Gloomhaven: 52.44%/7349.92MB/00:20:06 Down: 0.5MB/s / Disk: 0MB/s
(21:54:47) INFO:    [Gog]:              Progress for Gloomhaven: 52.44%/7357.80MB/00:20:07 Down: 0.5MB/s / Disk: 0MB/s
(21:54:48) INFO:    [Gog]:              Progress for Gloomhaven: 52.47%/7363.69MB/00:20:06 Down: 3.99MB/s / Disk: 7.82MB/s
(21:54:49) INFO:    [Gog]:              Progress for Gloomhaven: 52.5%/7370.10MB/00:20:06 Down: 2.43MB/s / Disk: 2.08MB/s
(21:54:50) INFO:    [Gog]:              Progress for Gloomhaven: 52.5%/7383.99MB/00:20:07 Down: 0.5MB/s / Disk: 0MB/s
(21:54:51) INFO:    [Gog]:              Progress for Gloomhaven: 52.5%/7393.98MB/00:20:08 Down: 0.5MB/s / Disk: 0MB/s
(21:54:52) INFO:    [Gog]:              Progress for Gloomhaven: 52.5%/7393.98MB/00:20:09 Down: 0.5MB/s / Disk: 0MB/s
(21:54:53) INFO:    [Gog]:              Progress for Gloomhaven: 52.5%/7398.63MB/00:20:09 Down: 0.5MB/s / Disk: 0MB/s
(21:54:54) INFO:    [Gog]:              Progress for Gloomhaven: 52.5%/7400.22MB/00:20:10 Down: 0.5MB/s / Disk: 0MB/s
(21:54:55) INFO:    [Gog]:              Progress for Gloomhaven: 52.5%/7401.55MB/00:20:11 Down: 0.5MB/s / Disk: 0MB/s
(21:54:57) INFO:    [Gog]:              Progress for Gloomhaven: 52.86%/7406.15MB/00:19:55 Down: 25.37MB/s / Disk: 40.91MB/s
(21:54:58) INFO:    [Gog]:              Progress for Gloomhaven: 52.86%/7420.31MB/00:19:56 Down: 0.5MB/s / Disk: 0MB/s
(21:54:59) INFO:    [Gog]:              Progress for Gloomhaven: 52.86%/7421.81MB/00:19:57 Down: 0.5MB/s / Disk: 0MB/s
(21:55:00) INFO:    [Gog]:              Progress for Gloomhaven: 52.86%/7423.30MB/00:19:58 Down: 0.5MB/s / Disk: 0MB/s
(21:55:01) INFO:    [Gog]:              Progress for Gloomhaven: 52.86%/7423.30MB/00:19:59 Down: 0.09MB/s / Disk: 0MB/s
(21:55:03) INFO:    [Gog]:              Progress for Gloomhaven: 53.13%/7446.58MB/00:19:47 Down: 15.79MB/s / Disk: 27.11MB/s
(21:55:04) INFO:    [Gog]:              Progress for Gloomhaven: 53.19%/7459.48MB/00:19:46 Down: 3.53MB/s / Disk: 5.75MB/s
(21:55:05) INFO:    [Gog]:              Progress for Gloomhaven: 53.19%/7463.45MB/00:19:47 Down: 0.5MB/s / Disk: 0MB/s
(21:55:07) INFO:    [Gog]:              Progress for Gloomhaven: 53.27%/7502.17MB/00:19:45 Down: 5.09MB/s / Disk: 9.98MB/s
(21:55:09) INFO:    [Gog]:              Progress for Gloomhaven: 53.65%/7519.90MB/00:19:28 Down: 17.93MB/s / Disk: 32.94MB/s
(21:55:10) INFO:    [Gog]:              Progress for Gloomhaven: 53.65%/7519.90MB/00:19:29 Down: 0.14MB/s / Disk: 0MB/s
(21:55:11) INFO:    [Gog]:              Progress for Gloomhaven: 53.73%/7546.67MB/00:19:26 Down: 5.37MB/s / Disk: 10.41MB/s
(21:55:12) INFO:    [Gog]:              Progress for Gloomhaven: 53.9%/7575.32MB/00:19:20 Down: 10.8MB/s / Disk: 19.2MB/s
(21:55:14) INFO:    [Gog]:              Progress for Gloomhaven: 54%/7578.60MB/00:19:16 Down: 9.82MB/s / Disk: 15.47MB/s
(21:55:15) INFO:    [Gog]:              Progress for Gloomhaven: 54%/7597.16MB/00:19:17 Down: 3.5MB/s / Disk: 7MB/s
(21:55:16) INFO:    [Gog]:              Progress for Gloomhaven: 54.17%/7617.91MB/00:19:10 Down: 10.62MB/s / Disk: 19.3MB/s
(21:55:17) INFO:    [Gog]:              Progress for Gloomhaven: 54.28%/7624.50MB/00:19:06 Down: 9.75MB/s / Disk: 17.29MB/s
(21:55:18) INFO:    [Gog]:              Progress for Gloomhaven: 54.28%/7651.42MB/00:19:06 Down: 0.5MB/s / Disk: 0MB/s
(21:55:19) INFO:    [Gog]:              Progress for Gloomhaven: 54.68%/7687.64MB/00:18:49 Down: 33.74MB/s / Disk: 55.75MB/s
(21:55:21) INFO:    [Gog]:              Progress for Gloomhaven: 54.79%/7697.90MB/00:18:46 Down: 6.04MB/s / Disk: 9.24MB/s
(21:55:22) INFO:    [Gog]:              Progress for Gloomhaven: 54.79%/7708.64MB/00:18:47 Down: 0.5MB/s / Disk: 0MB/s
(21:55:23) INFO:    [Gog]:              Progress for Gloomhaven: 54.85%/7738.91MB/00:18:45 Down: 5.12MB/s / Disk: 10.11MB/s
(21:55:25) INFO:    [Gog]:              Progress for Gloomhaven: 55.2%/7763.12MB/00:18:30 Down: 19.77MB/s / Disk: 34.69MB/s
(21:55:26) INFO:    [Gog]:              Progress for Gloomhaven: 55.2%/7767.20MB/00:18:31 Down: 0.5MB/s / Disk: 0MB/s
(21:55:27) INFO:    [Gog]:              Progress for Gloomhaven: 55.2%/7793.40MB/00:18:32 Down: 0.5MB/s / Disk: 0MB/s
(21:55:28) INFO:    [Gog]:              Progress for Gloomhaven: 55.2%/7820.64MB/00:18:33 Down: 0.5MB/s / Disk: 0MB/s
(21:55:29) INFO:    [Gog]:              Progress for Gloomhaven: 55.68%/7845.62MB/00:18:12 Down: 41.17MB/s / Disk: 77.92MB/s
(21:55:30) INFO:    [Gog]:              Progress for Gloomhaven: 55.76%/7848.42MB/00:18:09 Down: 7.16MB/s / Disk: 11.54MB/s
(21:55:32) INFO:    [Gog]:              Progress for Gloomhaven: 55.83%/7886.67MB/00:18:08 Down: 3.54MB/s / Disk: 6.03MB/s
(21:55:33) INFO:    [Gog]:              Progress for Gloomhaven: 56.1%/7907.37MB/00:17:57 Down: 23MB/s / Disk: 40.07MB/s
(21:55:34) INFO:    [Gog]:              Progress for Gloomhaven: 56.21%/7919.83MB/00:17:53 Down: 10.43MB/s / Disk: 17.78MB/s
(21:55:35) INFO:    [Gog]:              Progress for Gloomhaven: 56.21%/7927.72MB/00:17:54 Down: 0.5MB/s / Disk: 0MB/s
(21:55:36) INFO:    [Gog]:              Progress for Gloomhaven: 56.21%/7933.91MB/00:17:54 Down: 0.5MB/s / Disk: 0MB/s
(21:55:37) INFO:    [Gog]:              Progress for Gloomhaven: 56.29%/7963.12MB/00:17:52 Down: 5.12MB/s / Disk: 8.82MB/s
(21:55:39) INFO:    [Gog]:              Progress for Gloomhaven: 56.57%/7978.83MB/00:17:41 Down: 21.24MB/s / Disk: 36.34MB/s
(21:55:40) INFO:    [Gog]:              Progress for Gloomhaven: 56.57%/7982.63MB/00:17:42 Down: 0.5MB/s / Disk: 0MB/s
(21:55:41) INFO:    [Gog]:              Progress for Gloomhaven: 56.73%/8026.74MB/00:17:36 Down: 8.87MB/s / Disk: 16.59MB/s
(21:55:42) INFO:    [Gog]:              Progress for Gloomhaven: 56.86%/8029.92MB/00:17:31 Down: 11.87MB/s / Disk: 21.25MB/s
(21:55:44) INFO:    [Gog]:              Progress for Gloomhaven: 57%/8061.37MB/00:17:26 Down: 10.24MB/s / Disk: 20.11MB/s
(21:55:45) INFO:    [Gog]:              Progress for Gloomhaven: 57.12%/8065.78MB/00:17:22 Down: 10.67MB/s / Disk: 19.05MB/s
(21:55:46) INFO:    [Gog]:              Progress for Gloomhaven: 57.12%/8093.83MB/00:17:23 Down: 0.5MB/s / Disk: 0MB/s
(21:55:47) INFO:    [Gog]:              Progress for Gloomhaven: 57.12%/8106.50MB/00:17:23 Down: 0.5MB/s / Disk: 0MB/s
(21:55:49) INFO:    [Gog]:              Progress for Gloomhaven: 57.33%/8145.71MB/00:17:16 Down: 10.13MB/s / Disk: 18.32MB/s
(21:55:50) INFO:    [Gog]:              Progress for Gloomhaven: 57.33%/8175.78MB/00:17:17 Down: 0.5MB/s / Disk: 0MB/s
(21:55:51) INFO:    [Gog]:              Progress for Gloomhaven: 58.07%/8209.31MB/00:16:47 Down: 38.37MB/s / Disk: 67.22MB/s
(21:55:52) INFO:    [Gog]:              Progress for Gloomhaven: 58.07%/8232.12MB/00:16:48 Down: 0.5MB/s / Disk: 0MB/s
(21:55:54) INFO:    [Gog]:              Progress for Gloomhaven: 58.43%/8267.73MB/00:16:34 Down: 21.01MB/s / Disk: 39.01MB/s
(21:55:56) INFO:    [Gog]:              Progress for Gloomhaven: 58.5%/8299.15MB/00:16:32 Down: 4.66MB/s / Disk: 8.08MB/s
(21:55:57) INFO:    [Gog]:              Progress for Gloomhaven: 58.68%/8322.04MB/00:16:26 Down: 10.13MB/s / Disk: 18.19MB/s
(21:55:58) INFO:    [Gog]:              Progress for Gloomhaven: 58.88%/8350.84MB/00:16:19 Down: 16.63MB/s / Disk: 30.73MB/s
(21:55:59) INFO:    [Gog]:              Progress for Gloomhaven: 59.01%/8368.85MB/00:16:14 Down: 10.9MB/s / Disk: 18.83MB/s
(21:56:00) INFO:    [Gog]:              Progress for Gloomhaven: 59.01%/8375.45MB/00:16:15 Down: 0.5MB/s / Disk: 0MB/s
(21:56:01) INFO:    [Gog]:              Progress for Gloomhaven: 59.01%/8382.22MB/00:16:16 Down: 0.5MB/s / Disk: 0MB/s
(21:56:02) INFO:    [Gog]:              Progress for Gloomhaven: 59.01%/8405.22MB/00:16:16 Down: 0.5MB/s / Disk: 0MB/s
(21:56:03) INFO:    [Gog]:              Progress for Gloomhaven: 59.01%/8406.51MB/00:16:17 Down: 0.5MB/s / Disk: 0MB/s
(21:56:05) INFO:    [Gog]:              Progress for Gloomhaven: 59.4%/8437.15MB/00:16:03 Down: 25.68MB/s / Disk: 49.25MB/s
(21:56:06) INFO:    [Gog]:              Progress for Gloomhaven: 59.4%/8442.14MB/00:16:03 Down: 0.09MB/s / Disk: 0MB/s
(21:56:07) INFO:    [Gog]:              Progress for Gloomhaven: 59.4%/8456.64MB/00:16:04 Down: 0.5MB/s / Disk: 0MB/s
(21:56:08) INFO:    [Gog]:              Progress for Gloomhaven: 59.63%/8499.24MB/00:15:56 Down: 17.87MB/s / Disk: 29.34MB/s
(21:56:09) INFO:    [Gog]:              Progress for Gloomhaven: 59.88%/8507.58MB/00:15:46 Down: 21.03MB/s / Disk: 38.14MB/s
(21:56:10) INFO:    [Gog]:              Progress for Gloomhaven: 59.88%/8518.20MB/00:15:47 Down: 0.3MB/s / Disk: 0MB/s
(21:56:11) INFO:    [Gog]:              Progress for Gloomhaven: 59.88%/8527.45MB/00:15:48 Down: 0.5MB/s / Disk: 0MB/s
(21:56:12) INFO:    [Gog]:              Progress for Gloomhaven: 59.88%/8546.73MB/00:15:48 Down: 0.5MB/s / Disk: 0MB/s
(21:56:13) INFO:    [Gog]:              Progress for Gloomhaven: 59.88%/8547.57MB/00:15:49 Down: 0.5MB/s / Disk: 0MB/s
(21:56:15) INFO:    [Gog]:              Progress for Gloomhaven: 60.31%/8573.43MB/00:15:33 Down: 30.12MB/s / Disk: 52.59MB/s
(21:56:16) INFO:    [Gog]:              Progress for Gloomhaven: 60.31%/8579.15MB/00:15:34 Down: 0.5MB/s / Disk: 0MB/s
(21:56:17) INFO:    [Gog]:              Progress for Gloomhaven: 60.31%/8585.20MB/00:15:35 Down: 0.5MB/s / Disk: 0MB/s
(21:56:18) INFO:    [Gog]:              Progress for Gloomhaven: 60.65%/8618.69MB/00:15:22 Down: 22.92MB/s / Disk: 40.25MB/s
(21:56:20) INFO:    [Gog]:              Progress for Gloomhaven: 60.82%/8643.16MB/00:15:17 Down: 8.44MB/s / Disk: 16.76MB/s
(21:56:21) INFO:    [Gog]:              Progress for Gloomhaven: 60.82%/8648.46MB/00:15:17 Down: 0.5MB/s / Disk: 0MB/s
(21:56:22) INFO:    [Gog]:              Progress for Gloomhaven: 60.82%/8656.91MB/00:15:18 Down: 0.5MB/s / Disk: 0MB/s
(21:56:23) INFO:    [Gog]:              Progress for Gloomhaven: 60.82%/8679.31MB/00:15:19 Down: 0.5MB/s / Disk: 0MB/s
(21:56:24) INFO:    [Gog]:              Progress for Gloomhaven: 60.82%/8692.82MB/00:15:19 Down: 0.5MB/s / Disk: 0MB/s
(21:56:25) INFO:    [Gog]:              Progress for Gloomhaven: 60.82%/8705.06MB/00:15:20 Down: 0.5MB/s / Disk: 0MB/s
(21:56:26) INFO:    [Gog]:              Progress for Gloomhaven: 60.82%/8711.22MB/00:15:21 Down: 0.5MB/s / Disk: 0MB/s
(21:56:28) INFO:    [Gog]:              Progress for Gloomhaven: 61.39%/8746.53MB/00:15:00 Down: 32.15MB/s / Disk: 55.27MB/s
(21:56:29) INFO:    [Gog]:              Progress for Gloomhaven: 61.39%/8749.43MB/00:15:01 Down: 0.5MB/s / Disk: 0MB/s
(21:56:30) INFO:    [Gog]:              Progress for Gloomhaven: 61.39%/8759.41MB/00:15:01 Down: 0.5MB/s / Disk: 0MB/s
(21:56:31) INFO:    [Gog]:              Progress for Gloomhaven: 61.76%/8790.71MB/00:14:48 Down: 32.18MB/s / Disk: 58.42MB/s
(21:56:32) INFO:    [Gog]:              Progress for Gloomhaven: 61.85%/8803.49MB/00:14:45 Down: 7.5MB/s / Disk: 13.63MB/s
(21:56:33) INFO:    [Gog]:              Progress for Gloomhaven: 61.85%/8803.49MB/00:14:46 Down: 0.5MB/s / Disk: 0MB/s
(21:56:34) INFO:    [Gog]:              Progress for Gloomhaven: 61.85%/8822.48MB/00:14:46 Down: 0.5MB/s / Disk: 0MB/s
(21:56:35) INFO:    [Gog]:              Progress for Gloomhaven: 61.85%/8826.79MB/00:14:47 Down: 0.5MB/s / Disk: 0MB/s
(21:56:36) INFO:    [Gog]:              Progress for Gloomhaven: 61.85%/8828.82MB/00:14:48 Down: 0.5MB/s / Disk: 0MB/s
(21:56:37) INFO:    [Gog]:              Progress for Gloomhaven: 61.85%/8845.17MB/00:14:48 Down: 0.5MB/s / Disk: 0MB/s
(21:56:38) INFO:    [Gog]:              Progress for Gloomhaven: 61.99%/8880.05MB/00:14:44 Down: 9.69MB/s / Disk: 21.13MB/s
(21:56:40) INFO:    [Gog]:              Progress for Gloomhaven: 62.48%/8905.92MB/00:14:26 Down: 23.65MB/s / Disk: 44.18MB/s
(21:56:41) INFO:    [Gog]:              Progress for Gloomhaven: 62.48%/8914.41MB/00:14:27 Down: 0.5MB/s / Disk: 0MB/s
(21:56:42) INFO:    [Gog]:              Progress for Gloomhaven: 62.48%/8919.53MB/00:14:28 Down: 0.5MB/s / Disk: 0MB/s
(21:56:43) INFO:    [Gog]:              Progress for Gloomhaven: 62.61%/8943.19MB/00:14:24 Down: 7.16MB/s / Disk: 13.7MB/s
(21:56:44) INFO:    [Gog]:              Progress for Gloomhaven: 62.61%/8948.94MB/00:14:24 Down: 0.5MB/s / Disk: 0MB/s
(21:56:45) INFO:    [Gog]:              Progress for Gloomhaven: 62.61%/8956.94MB/00:14:25 Down: 0.5MB/s / Disk: 0MB/s
(21:56:46) INFO:    [Gog]:              Progress for Gloomhaven: 62.61%/8960.14MB/00:14:25 Down: 0.5MB/s / Disk: 0MB/s
(21:56:47) INFO:    [Gog]:              Progress for Gloomhaven: 62.61%/8960.14MB/00:14:26 Down: 0.5MB/s / Disk: 0MB/s
(21:56:48) INFO:    [Gog]:              Progress for Gloomhaven: 62.61%/8968.02MB/00:14:27 Down: 0.5MB/s / Disk: 0MB/s
(21:56:49) INFO:    [Gog]:              Progress for Gloomhaven: 62.61%/8980.63MB/00:14:27 Down: 0.05MB/s / Disk: 0MB/s
(21:56:51) INFO:    [Gog]:              Progress for Gloomhaven: 62.94%/8994.65MB/00:14:16 Down: 19.9MB/s / Disk: 34.54MB/s
(21:56:52) INFO:    [Gog]:              Progress for Gloomhaven: 62.94%/8994.65MB/00:14:17 Down: 0.5MB/s / Disk: 0MB/s
(21:56:53) INFO:    [Gog]:              Progress for Gloomhaven: 62.94%/9014.45MB/00:14:17 Down: 0.5MB/s / Disk: 0MB/s
(21:56:54) INFO:    [Gog]:              Progress for Gloomhaven: 62.94%/9026.65MB/00:14:18 Down: 0.5MB/s / Disk: 0MB/s
(21:56:55) INFO:    [Gog]:              Progress for Gloomhaven: 62.94%/9033.39MB/00:14:18 Down: 0.5MB/s / Disk: 0MB/s
(21:56:56) INFO:    [Gog]:              Progress for Gloomhaven: 62.94%/9038.24MB/00:14:19 Down: 0.5MB/s / Disk: 0MB/s
(21:56:57) INFO:    [Gog]:              Progress for Gloomhaven: 63.41%/9054.90MB/00:14:03 Down: 28.2MB/s / Disk: 52.36MB/s
(21:56:59) INFO:    [Gog]:              Progress for Gloomhaven: 63.41%/9070.05MB/00:14:03 Down: 0.5MB/s / Disk: 0MB/s
(21:57:00) INFO:    [Gog]:              Progress for Gloomhaven: 63.71%/9084.47MB/00:13:53 Down: 19.68MB/s / Disk: 34.36MB/s
(21:57:01) INFO:    [Gog]:              Progress for Gloomhaven: 63.71%/9092.74MB/00:13:54 Down: 0.5MB/s / Disk: 0MB/s
(21:57:02) INFO:    [Gog]:              Progress for Gloomhaven: 63.71%/9098.31MB/00:13:55 Down: 0.5MB/s / Disk: 0MB/s
(21:57:04) INFO:    [Gog]:              Progress for Gloomhaven: 63.95%/9117.03MB/00:13:47 Down: 16.74MB/s / Disk: 26.8MB/s
(21:57:05) INFO:    [Gog]:              Progress for Gloomhaven: 64.01%/9128.17MB/00:13:45 Down: 8MB/s / Disk: 10.33MB/s
(21:57:06) INFO:    [Gog]:              Progress for Gloomhaven: 64.07%/9136.14MB/00:13:44 Down: 3.7MB/s / Disk: 5.94MB/s
(21:57:07) INFO:    [Gog]:              Progress for Gloomhaven: 64.12%/9145.37MB/00:13:43 Down: 4.41MB/s / Disk: 6.48MB/s
(21:57:08) INFO:    [Gog]:              Progress for Gloomhaven: 64.12%/9148.02MB/00:13:43 Down: 0.5MB/s / Disk: 0MB/s
(21:57:09) INFO:    [Gog]:              Progress for Gloomhaven: 64.12%/9149.77MB/00:13:44 Down: 0.5MB/s / Disk: 0MB/s
(21:57:10) INFO:    [Gog]:              Progress for Gloomhaven: 64.12%/9170.23MB/00:13:45 Down: 0.5MB/s / Disk: 0MB/s
(21:57:11) INFO:    [Gog]:              Progress for Gloomhaven: 64.12%/9173.73MB/00:13:45 Down: 0.5MB/s / Disk: 0MB/s
(21:57:12) INFO:    [Gog]:              Progress for Gloomhaven: 64.12%/9189.64MB/00:13:46 Down: 0.5MB/s / Disk: 0MB/s
(21:57:14) INFO:    [Gog]:              Progress for Gloomhaven: 64.36%/9214.73MB/00:13:38 Down: 17.72MB/s / Disk: 33MB/s
(21:57:15) INFO:    [Gog]:              Progress for Gloomhaven: 64.36%/9216.06MB/00:13:38 Down: 0.5MB/s / Disk: 0MB/s
(21:57:16) INFO:    [Gog]:              Progress for Gloomhaven: 64.57%/9245.07MB/00:13:31 Down: 16.66MB/s / Disk: 32.08MB/s
(21:57:17) INFO:    [Gog]:              Progress for Gloomhaven: 64.57%/9250.15MB/00:13:32 Down: 0.5MB/s / Disk: 0MB/s
(21:57:18) INFO:    [Gog]:              Progress for Gloomhaven: 64.57%/9267.12MB/00:13:33 Down: 0.5MB/s / Disk: 0MB/s
(21:57:19) INFO:    [Gog]:              Progress for Gloomhaven: 64.57%/9272.34MB/00:13:33 Down: 0.43MB/s / Disk: 0MB/s
(21:57:20) INFO:    [Gog]:              Progress for Gloomhaven: 64.57%/9277.34MB/00:13:34 Down: 0.5MB/s / Disk: 0MB/s
(21:57:21) INFO:    [Gog]:              Progress for Gloomhaven: 64.57%/9277.34MB/00:13:34 Down: 0.5MB/s / Disk: 0MB/s
(21:57:22) INFO:    [Gog]:              Progress for Gloomhaven: 64.57%/9277.34MB/00:13:35 Down: 0.5MB/s / Disk: 0MB/s
(21:57:23) INFO:    [Gog]:              Progress for Gloomhaven: 64.57%/9277.34MB/00:13:35 Down: 0.5MB/s / Disk: 0MB/s
(21:57:24) INFO:    [Gog]:              Progress for Gloomhaven: 64.57%/9277.34MB/00:13:36 Down: 0.5MB/s / Disk: 0MB/s
(21:57:26) INFO:    [Gog]:              Progress for Gloomhaven: 65.11%/9296.66MB/00:13:18 Down: 29.97MB/s / Disk: 48.53MB/s
(21:57:27) INFO:    [Gog]:              Progress for Gloomhaven: 65.13%/9305.90MB/00:13:18 Down: 2.55MB/s / Disk: 3.49MB/s
(21:57:28) INFO:    [Gog]:              Progress for Gloomhaven: 65.23%/9325.31MB/00:13:15 Down: 6.42MB/s / Disk: 10.4MB/s
(21:57:29) INFO:    [Gog]:              Progress for Gloomhaven: 65.23%/9329.39MB/00:13:15 Down: 0.5MB/s / Disk: 0MB/s
(21:57:30) INFO:    [Gog]:              Progress for Gloomhaven: 65.39%/9343.99MB/00:13:10 Down: 19.11MB/s / Disk: 27.9MB/s
(21:57:31) INFO:    [Gog]:              Progress for Gloomhaven: 65.44%/9343.99MB/00:13:09 Down: 14.32MB/s / Disk: 6.2MB/s
(21:57:32) INFO:    [Gog]:              Progress for Gloomhaven: 65.44%/9352.96MB/00:13:10 Down: 0.5MB/s / Disk: 0MB/s
(21:57:33) INFO:    [Gog]:              Progress for Gloomhaven: 65.44%/9361.88MB/00:13:10 Down: 0.5MB/s / Disk: 0MB/s
(21:57:34) INFO:    [Gog]:              Progress for Gloomhaven: 65.44%/9375.23MB/00:13:11 Down: 0.5MB/s / Disk: 0MB/s
(21:57:36) INFO:    [Gog]:              Progress for Gloomhaven: 65.44%/9375.23MB/00:13:12 Down: 0.5MB/s / Disk: 0MB/s
(21:57:37) INFO:    [Gog]:              Progress for Gloomhaven: 65.68%/9389.64MB/00:13:04 Down: 15.73MB/s / Disk: 28.58MB/s
(21:57:38) INFO:    [Gog]:              Progress for Gloomhaven: 65.68%/9396.04MB/00:13:04 Down: 0.5MB/s / Disk: 0MB/s
(21:57:39) INFO:    [Gog]:              Progress for Gloomhaven: 65.68%/9404.10MB/00:13:05 Down: 0.5MB/s / Disk: 0MB/s
(21:57:40) INFO:    [Gog]:              Progress for Gloomhaven: 65.88%/9419.51MB/00:12:59 Down: 12.94MB/s / Disk: 27.62MB/s
(21:57:41) INFO:    [Gog]:              Progress for Gloomhaven: 65.88%/9421.82MB/00:12:59 Down: 0.5MB/s / Disk: 0MB/s
(21:57:42) INFO:    [Gog]:              Progress for Gloomhaven: 65.98%/9434.18MB/00:12:56 Down: 5.95MB/s / Disk: 12.82MB/s
(21:57:43) INFO:    [Gog]:              Progress for Gloomhaven: 65.98%/9436.02MB/00:12:57 Down: 0.02MB/s / Disk: 0MB/s
(21:57:45) INFO:    [Gog]:              Progress for Gloomhaven: 65.98%/9439.97MB/00:12:57 Down: 0.5MB/s / Disk: 0MB/s
(21:57:46) INFO:    [Gog]:              Progress for Gloomhaven: 65.98%/9443.92MB/00:12:58 Down: 0.5MB/s / Disk: 0MB/s
(21:57:47) INFO:    [Gog]:              Progress for Gloomhaven: 65.98%/9455.10MB/00:12:58 Down: 0.5MB/s / Disk: 0MB/s
(21:57:48) INFO:    [Gog]:              Progress for Gloomhaven: 65.98%/9459.87MB/00:12:59 Down: 0.01MB/s / Disk: 0MB/s
(21:57:49) INFO:    [Gog]:              Progress for Gloomhaven: 66.1%/9472.88MB/00:12:56 Down: 6.91MB/s / Disk: 11.26MB/s
(21:57:51) INFO:    [Gog]:              Progress for Gloomhaven: 66.27%/9488.40MB/00:12:51 Down: 9.04MB/s / Disk: 14.74MB/s
(21:57:52) INFO:    [Gog]:              Progress for Gloomhaven: 66.27%/9490.50MB/00:12:51 Down: 0.25MB/s / Disk: 0MB/s
(21:57:53) INFO:    [Gog]:              Progress for Gloomhaven: 66.27%/9497.14MB/00:12:52 Down: 0.5MB/s / Disk: 0MB/s
(21:57:54) INFO:    [Gog]:              Progress for Gloomhaven: 66.27%/9516.11MB/00:12:52 Down: 0.5MB/s / Disk: 0MB/s
(21:57:56) INFO:    [Gog]:              Progress for Gloomhaven: 66.68%/9544.19MB/00:12:39 Down: 26.9MB/s / Disk: 48.68MB/s
(21:57:57) INFO:    [Gog]:              Progress for Gloomhaven: 66.76%/9551.24MB/00:12:37 Down: 8.66MB/s / Disk: 10.96MB/s
(21:57:58) INFO:    [Gog]:              Progress for Gloomhaven: 66.76%/9554.79MB/00:12:37 Down: 0.5MB/s / Disk: 0MB/s
(21:57:59) INFO:    [Gog]:              Progress for Gloomhaven: 66.76%/9574.28MB/00:12:38 Down: 0.5MB/s / Disk: 0MB/s
(21:58:00) INFO:    [Gog]:              Progress for Gloomhaven: 66.89%/9587.50MB/00:12:34 Down: 8.78MB/s / Disk: 15.51MB/s
(21:58:01) INFO:    [Gog]:              Progress for Gloomhaven: 66.89%/9598.41MB/00:12:35 Down: 0.5MB/s / Disk: 0MB/s
(21:58:02) INFO:    [Gog]:              Progress for Gloomhaven: 67.07%/9618.22MB/00:12:29 Down: 16.55MB/s / Disk: 31.11MB/s
(21:58:04) INFO:    [Gog]:              Progress for Gloomhaven: 67.19%/9633.57MB/00:12:26 Down: 7.93MB/s / Disk: 16.11MB/s
(21:58:05) INFO:    [Gog]:              Progress for Gloomhaven: 67.31%/9640.04MB/00:12:22 Down: 12.4MB/s / Disk: 18.06MB/s
(21:58:06) INFO:    [Gog]:              Progress for Gloomhaven: 67.32%/9653.30MB/00:12:22 Down: 1.35MB/s / Disk: 1.51MB/s
(21:58:07) INFO:    [Gog]:              Progress for Gloomhaven: 67.32%/9654.37MB/00:12:23 Down: 0.5MB/s / Disk: 0MB/s
(21:58:09) INFO:    [Gog]:              Progress for Gloomhaven: 67.54%/9674.96MB/00:12:16 Down: 16.76MB/s / Disk: 22.13MB/s
(21:58:10) INFO:    [Gog]:              Progress for Gloomhaven: 67.56%/9680.85MB/00:12:16 Down: 1.49MB/s / Disk: 1.57MB/s
(21:58:12) INFO:    [Gog]:              Progress for Gloomhaven: 67.61%/9708.12MB/00:12:15 Down: 2.29MB/s / Disk: 4.17MB/s
(21:58:13) INFO:    [Gog]:              Progress for Gloomhaven: 67.61%/9726.16MB/00:12:16 Down: 0.5MB/s / Disk: 0MB/s
(21:58:14) INFO:    [Gog]:              Progress for Gloomhaven: 67.68%/9733.06MB/00:12:14 Down: 6.12MB/s / Disk: 12.42MB/s
(21:58:15) INFO:    [Gog]:              Progress for Gloomhaven: 67.92%/9750.19MB/00:12:07 Down: 18.34MB/s / Disk: 35.75MB/s
(21:58:16) INFO:    [Gog]:              Progress for Gloomhaven: 67.92%/9755.92MB/00:12:07 Down: 0.5MB/s / Disk: 0MB/s
(21:58:17) INFO:    [Gog]:              Progress for Gloomhaven: 67.92%/9766.29MB/00:12:08 Down: 0.5MB/s / Disk: 0MB/s
(21:58:18) INFO:    [Gog]:              Progress for Gloomhaven: 67.92%/9772.54MB/00:12:08 Down: 0.5MB/s / Disk: 0MB/s
(21:58:19) INFO:    [Gog]:              Progress for Gloomhaven: 68.04%/9806.07MB/00:12:04 Down: 8.54MB/s / Disk: 17.78MB/s
(21:58:21) INFO:    [Gog]:              Progress for Gloomhaven: 68.42%/9828.24MB/00:11:53 Down: 31.13MB/s / Disk: 53.68MB/s
(21:58:22) INFO:    [Gog]:              Progress for Gloomhaven: 68.42%/9839.36MB/00:11:53 Down: 0.5MB/s / Disk: 0MB/s
(21:58:23) INFO:    [Gog]:              Progress for Gloomhaven: 68.69%/9860.21MB/00:11:45 Down: 19.32MB/s / Disk: 35.67MB/s
(21:58:24) INFO:    [Gog]:              Progress for Gloomhaven: 68.81%/9878.43MB/00:11:41 Down: 11.26MB/s / Disk: 18.86MB/s
(21:58:25) INFO:    [Gog]:              Progress for Gloomhaven: 68.81%/9897.81MB/00:11:41 Down: 0.5MB/s / Disk: 0MB/s
(21:58:26) INFO:    [Gog]:              Progress for Gloomhaven: 68.81%/9911.63MB/00:11:42 Down: 0.5MB/s / Disk: 0MB/s
(21:58:27) INFO:    [Gog]:              Progress for Gloomhaven: 68.81%/9926.16MB/00:11:42 Down: 0.5MB/s / Disk: 0MB/s
(21:58:28) INFO:    [Gog]:              Progress for Gloomhaven: 68.81%/9926.16MB/00:11:43 Down: 0.5MB/s / Disk: 0MB/s
(21:58:29) INFO:    [Gog]:              Progress for Gloomhaven: 68.81%/9926.16MB/00:11:43 Down: 0.4MB/s / Disk: 0MB/s
(21:58:31) INFO:    [Gog]:              Progress for Gloomhaven: 69.28%/9953.74MB/00:11:29 Down: 29.01MB/s / Disk: 44.4MB/s
(21:58:32) INFO:    [Gog]:              Progress for Gloomhaven: 69.52%/9988.35MB/00:11:22 Down: 12.56MB/s / Disk: 24.33MB/s
(21:58:34) INFO:    [Gog]:              Progress for Gloomhaven: 69.64%/10036.80MB/00:11:19 Down: 4.85MB/s / Disk: 9.61MB/s
(21:58:36) INFO:    [Gog]:              Progress for Gloomhaven: 70.15%/10078.32MB/00:11:03 Down: 32.89MB/s / Disk: 69.8MB/s
(21:58:37) INFO:    [Gog]:              Progress for Gloomhaven: 70.2%/10099.57MB/00:11:02 Down: 4.65MB/s / Disk: 7.35MB/s
(21:58:38) INFO:    [Gog]:              Progress for Gloomhaven: 70.22%/10129.04MB/00:11:02 Down: 3.54MB/s / Disk: 7.28MB/s
(21:58:39) INFO:    [Gog]:              Progress for Gloomhaven: 70.68%/10166.96MB/00:10:48 Down: 34.2MB/s / Disk: 64.47MB/s
(21:58:40) INFO:    [Gog]:              Progress for Gloomhaven: 70.75%/10182.14MB/00:10:46 Down: 6.99MB/s / Disk: 12.83MB/s
(21:58:41) INFO:    [Gog]:              Progress for Gloomhaven: 70.93%/10200.54MB/00:10:41 Down: 18.51MB/s / Disk: 28.35MB/s
(21:58:42) INFO:    [Gog]:              Progress for Gloomhaven: 70.98%/10213.78MB/00:10:40 Down: 7.06MB/s / Disk: 11.17MB/s
(21:58:43) INFO:    [Gog]:              Progress for Gloomhaven: 71.19%/10245.31MB/00:10:34 Down: 17.12MB/s / Disk: 26.29MB/s
(21:58:44) INFO:    [Gog]:              Progress for Gloomhaven: 71.26%/10262.45MB/00:10:32 Down: 6.29MB/s / Disk: 11.07MB/s
(21:58:45) INFO:    [Gog]:              Progress for Gloomhaven: 71.26%/10283.72MB/00:10:32 Down: 0.09MB/s / Disk: 0MB/s
(21:58:47) INFO:    [Gog]:              Progress for Gloomhaven: 71.62%/10318.69MB/00:10:22 Down: 24.79MB/s / Disk: 37.7MB/s
(21:58:48) INFO:    [Gog]:              Progress for Gloomhaven: 71.82%/10352.14MB/00:10:17 Down: 13.42MB/s / Disk: 22.93MB/s
(21:58:50) INFO:    [Gog]:              Progress for Gloomhaven: 72.15%/10391.28MB/00:10:07 Down: 15.17MB/s / Disk: 30.51MB/s
(21:58:51) INFO:    [Gog]:              Progress for Gloomhaven: 72.15%/10397.79MB/00:10:08 Down: 0.5MB/s / Disk: 0MB/s
(21:58:52) INFO:    [Gog]:              Progress for Gloomhaven: 72.21%/10436.25MB/00:10:06 Down: 5.67MB/s / Disk: 8.37MB/s
(21:58:54) INFO:    [Gog]:              Progress for Gloomhaven: 72.34%/10455.58MB/00:10:03 Down: 9.39MB/s / Disk: 18.54MB/s
(21:58:55) INFO:    [Gog]:              Progress for Gloomhaven: 72.34%/10470.60MB/00:10:03 Down: 0.5MB/s / Disk: 0MB/s
(21:58:56) INFO:    [Gog]:              Progress for Gloomhaven: 72.34%/10483.10MB/00:10:03 Down: 0.5MB/s / Disk: 0MB/s
(21:58:57) INFO:    [Gog]:              Progress for Gloomhaven: 72.34%/10507.29MB/00:10:04 Down: 0.5MB/s / Disk: 0MB/s
(21:58:58) INFO:    [Gog]:              Progress for Gloomhaven: 72.34%/10511.51MB/00:10:04 Down: 0.5MB/s / Disk: 0MB/s
(21:58:59) INFO:    [Gog]:              Progress for Gloomhaven: 72.8%/10560.37MB/00:09:51 Down: 39.69MB/s / Disk: 76.79MB/s
(21:59:00) INFO:    [Gog]:              Progress for Gloomhaven: 73.14%/10567.64MB/00:09:41 Down: 25.93MB/s / Disk: 49.91MB/s
(21:59:01) INFO:    [Gog]:              Progress for Gloomhaven: 73.14%/10583.46MB/00:09:41 Down: 0.5MB/s / Disk: 0MB/s
(21:59:02) INFO:    [Gog]:              Progress for Gloomhaven: 73.38%/10609.62MB/00:09:35 Down: 23.38MB/s / Disk: 38.04MB/s
(21:59:03) INFO:    [Gog]:              Progress for Gloomhaven: 73.41%/10622.09MB/00:09:34 Down: 2.97MB/s / Disk: 4.5MB/s
(21:59:05) INFO:    [Gog]:              Progress for Gloomhaven: 73.65%/10657.70MB/00:09:28 Down: 10.7MB/s / Disk: 21.18MB/s
(21:59:06) INFO:    [Gog]:              Progress for Gloomhaven: 73.65%/10660.08MB/00:09:28 Down: 0.5MB/s / Disk: 0MB/s
(21:59:07) INFO:    [Gog]:              Progress for Gloomhaven: 73.65%/10683.54MB/00:09:29 Down: 0.5MB/s / Disk: 0MB/s
(21:59:08) INFO:    [Gog]:              Progress for Gloomhaven: 73.65%/10701.81MB/00:09:29 Down: 0.5MB/s / Disk: 0MB/s
(21:59:09) INFO:    [Gog]:              Progress for Gloomhaven: 74.08%/10749.70MB/00:09:17 Down: 24.35MB/s / Disk: 47.58MB/s
(21:59:11) INFO:    [Gog]:              Progress for Gloomhaven: 74.39%/10787.22MB/00:09:09 Down: 17.95MB/s / Disk: 34.39MB/s
(21:59:12) INFO:    [Gog]:              Progress for Gloomhaven: 74.89%/10822.78MB/00:08:55 Down: 34.05MB/s / Disk: 64.25MB/s
(21:59:14) INFO:    [Gog]:              Progress for Gloomhaven: 75.04%/10860.59MB/00:08:51 Down: 9.71MB/s / Disk: 18.86MB/s
(21:59:15) INFO:    [Gog]:              Progress for Gloomhaven: 75.29%/10883.18MB/00:08:44 Down: 21.01MB/s / Disk: 36.63MB/s
(21:59:16) INFO:    [Gog]:              Progress for Gloomhaven: 75.56%/10919.15MB/00:08:37 Down: 22.13MB/s / Disk: 44.85MB/s
(21:59:17) INFO:    [Gog]:              Progress for Gloomhaven: 75.61%/10935.19MB/00:08:36 Down: 4.12MB/s / Disk: 8.79MB/s
(21:59:18) INFO:    [Gog]:              Progress for Gloomhaven: 75.81%/10973.14MB/00:08:31 Down: 15.94MB/s / Disk: 30.91MB/s
(21:59:19) INFO:    [Gog]:              Progress for Gloomhaven: 75.92%/10996.47MB/00:08:28 Down: 10.38MB/s / Disk: 17.42MB/s
(21:59:20) INFO:    [Gog]:              Progress for Gloomhaven: 75.92%/11007.94MB/00:08:28 Down: 0.5MB/s / Disk: 0MB/s
(21:59:22) INFO:    [Gog]:              Progress for Gloomhaven: 76.21%/11061.17MB/00:08:21 Down: 14.53MB/s / Disk: 28.14MB/s
(21:59:24) INFO:    [Gog]:              Progress for Gloomhaven: 76.61%/11096.95MB/00:08:10 Down: 18.24MB/s / Disk: 34.63MB/s
(21:59:25) INFO:    [Gog]:              Progress for Gloomhaven: 76.61%/11112.02MB/00:08:11 Down: 0.5MB/s / Disk: 0MB/s
(21:59:26) INFO:    [Gog]:              Progress for Gloomhaven: 76.61%/11136.26MB/00:08:11 Down: 0.5MB/s / Disk: 0MB/s
(21:59:27) INFO:    [Gog]:              Progress for Gloomhaven: 76.61%/11151.67MB/00:08:11 Down: 0.5MB/s / Disk: 0MB/s
(21:59:28) INFO:    [Gog]:              Progress for Gloomhaven: 76.74%/11177.08MB/00:08:08 Down: 11.18MB/s / Disk: 23.3MB/s
(21:59:29) INFO:    [Gog]:              Progress for Gloomhaven: 76.94%/11199.97MB/00:08:03 Down: 16.46MB/s / Disk: 29.16MB/s
(21:59:30) INFO:    [Gog]:              Progress for Gloomhaven: 76.94%/11222.52MB/00:08:03 Down: 0.5MB/s / Disk: 0MB/s
(21:59:31) INFO:    [Gog]:              Progress for Gloomhaven: 77.65%/11251.61MB/00:07:44 Down: 65MB/s / Disk: 121.47MB/s
(21:59:32) INFO:    [Gog]:              Progress for Gloomhaven: 77.78%/11262.74MB/00:07:41 Down: 7.49MB/s / Disk: 13.3MB/s
(21:59:33) INFO:    [Gog]:              Progress for Gloomhaven: 77.78%/11282.28MB/00:07:42 Down: 0.5MB/s / Disk: 0MB/s
(21:59:34) INFO:    [Gog]:              Progress for Gloomhaven: 77.78%/11291.49MB/00:07:42 Down: 0.02MB/s / Disk: 0MB/s
(21:59:35) INFO:    [Gog]:              Progress for Gloomhaven: 77.78%/11312.65MB/00:07:42 Down: 0.5MB/s / Disk: 0MB/s
(21:59:36) INFO:    [Gog]:              Progress for Gloomhaven: 77.78%/11331.19MB/00:07:42 Down: 0.5MB/s / Disk: 0MB/s
(21:59:37) INFO:    [Gog]:              Progress for Gloomhaven: 77.78%/11350.16MB/00:07:43 Down: 0.3MB/s / Disk: 0MB/s
(21:59:38) INFO:    [Gog]:              Progress for Gloomhaven: 77.78%/11362.95MB/00:07:43 Down: 0.5MB/s / Disk: 0MB/s
(21:59:39) INFO:    [Gog]:              Progress for Gloomhaven: 77.78%/11368.30MB/00:07:43 Down: 0.5MB/s / Disk: 0MB/s
(21:59:40) INFO:    [Gog]:              Progress for Gloomhaven: 77.78%/11378.66MB/00:07:44 Down: 0.5MB/s / Disk: 0MB/s
(21:59:41) INFO:    [Gog]:              Progress for Gloomhaven: 77.78%/11378.66MB/00:07:44 Down: 0.5MB/s / Disk: 0MB/s
(21:59:42) INFO:    [Gog]:              Progress for Gloomhaven: 77.78%/11378.66MB/00:07:44 Down: 0.5MB/s / Disk: 0MB/s
(21:59:43) INFO:    [Gog]:              Progress for Gloomhaven: 77.78%/11378.66MB/00:07:44 Down: 0.5MB/s / Disk: 0MB/s
(21:59:44) INFO:    [Gog]:              Progress for Gloomhaven: 77.78%/11378.66MB/00:07:45 Down: 0.45MB/s / Disk: 0MB/s
(21:59:45) INFO:    [Gog]:              Progress for Gloomhaven: 77.78%/11384.89MB/00:07:45 Down: 0.08MB/s / Disk: 0MB/s
(21:59:46) INFO:    [Gog]:              Progress for Gloomhaven: 78.69%/11395.23MB/00:07:21 Down: 71.8MB/s / Disk: 137.79MB/s
(21:59:48) INFO:    [Gog]:              Progress for Gloomhaven: 78.74%/11419.46MB/00:07:20 Down: 3.91MB/s / Disk: 7.45MB/s
(21:59:49) INFO:    [Gog]:              Progress for Gloomhaven: 78.91%/11434.96MB/00:07:16 Down: 16.16MB/s / Disk: 25.64MB/s
(21:59:51) INFO:    [Gog]:              Progress for Gloomhaven: 78.98%/11463.14MB/00:07:15 Down: 4.74MB/s / Disk: 6.85MB/s
(21:59:52) INFO:    [Gog]:              Progress for Gloomhaven: 79.04%/11481.18MB/00:07:13 Down: 6.11MB/s / Disk: 10.11MB/s
(21:59:53) INFO:    [Gog]:              Progress for Gloomhaven: 79.04%/11501.55MB/00:07:13 Down: 0.5MB/s / Disk: 0MB/s
(21:59:54) INFO:    [Gog]:              Progress for Gloomhaven: 79.04%/11517.63MB/00:07:14 Down: 0.5MB/s / Disk: 0MB/s
(21:59:55) INFO:    [Gog]:              Progress for Gloomhaven: 79.27%/11549.32MB/00:07:08 Down: 14.63MB/s / Disk: 30.62MB/s
(21:59:56) INFO:    [Gog]:              Progress for Gloomhaven: 79.8%/11589.72MB/00:06:55 Down: 34.4MB/s / Disk: 64.73MB/s
(21:59:57) INFO:    [Gog]:              Progress for Gloomhaven: 79.8%/11617.28MB/00:06:55 Down: 0.5MB/s / Disk: 0MB/s
(21:59:58) INFO:    [Gog]:              Progress for Gloomhaven: 79.8%/11628.24MB/00:06:55 Down: 0.5MB/s / Disk: 0MB/s
(21:59:59) INFO:    [Gog]:              Progress for Gloomhaven: 79.8%/11645.26MB/00:06:55 Down: 0.5MB/s / Disk: 0MB/s
(22:00:00) INFO:    [Gog]:              Progress for Gloomhaven: 79.8%/11657.54MB/00:06:56 Down: 0.5MB/s / Disk: 0MB/s
(22:00:01) INFO:    [Gog]:              Progress for Gloomhaven: 79.8%/11666.62MB/00:06:56 Down: 0.5MB/s / Disk: 0MB/s
(22:00:02) INFO:    [Gog]:              Progress for Gloomhaven: 80%/11683.31MB/00:06:51 Down: 21.54MB/s / Disk: 38.83MB/s
(22:00:03) INFO:    [Gog]:              Progress for Gloomhaven: 80.61%/11699.15MB/00:06:36 Down: 52.91MB/s / Disk: 94.75MB/s
(22:00:04) INFO:    [Gog]:              Progress for Gloomhaven: 80.62%/11712.27MB/00:06:36 Down: 1.49MB/s / Disk: 1.25MB/s
(22:00:06) INFO:    [Gog]:              Progress for Gloomhaven: 80.67%/11718.63MB/00:06:35 Down: 5.2MB/s / Disk: 5.96MB/s
(22:00:07) INFO:    [Gog]:              Progress for Gloomhaven: 80.67%/11741.85MB/00:06:35 Down: 0.5MB/s / Disk: 0MB/s
(22:00:08) INFO:    [Gog]:              Progress for Gloomhaven: 80.86%/11763.79MB/00:06:30 Down: 17.26MB/s / Disk: 27.79MB/s
(22:00:10) INFO:    [Gog]:              Progress for Gloomhaven: 81.08%/11788.42MB/00:06:25 Down: 9.03MB/s / Disk: 19.01MB/s
(22:00:11) INFO:    [Gog]:              Progress for Gloomhaven: 81.08%/11832.05MB/00:06:26 Down: 0.5MB/s / Disk: 0MB/s
(22:00:12) INFO:    [Gog]:              Progress for Gloomhaven: 81.08%/11861.88MB/00:06:26 Down: 0.5MB/s / Disk: 0MB/s
(22:00:13) INFO:    [Gog]:              Progress for Gloomhaven: 81.08%/11861.88MB/00:06:26 Down: 0.5MB/s / Disk: 0MB/s
(22:00:14) INFO:    [Gog]:              Progress for Gloomhaven: 81.08%/11891.30MB/00:06:26 Down: 0.5MB/s / Disk: 0MB/s
(22:00:15) INFO:    [Gog]:              Progress for Gloomhaven: 81.47%/11926.67MB/00:06:17 Down: 19.5MB/s / Disk: 40.8MB/s
(22:00:16) INFO:    [Gog]:              Progress for Gloomhaven: 81.47%/11940.17MB/00:06:17 Down: 0.5MB/s / Disk: 0MB/s
(22:00:17) INFO:    [Gog]:              Progress for Gloomhaven: 81.47%/11963.66MB/00:06:17 Down: 0.5MB/s / Disk: 0MB/s
(22:00:18) INFO:    [Gog]:              Progress for Gloomhaven: 81.47%/11984.33MB/00:06:18 Down: 0.5MB/s / Disk: 0MB/s
(22:00:19) INFO:    [Gog]:              Progress for Gloomhaven: 81.47%/12003.67MB/00:06:18 Down: 0.5MB/s / Disk: 0MB/s
(22:00:21) INFO:    [Gog]:              Progress for Gloomhaven: 82.49%/12018.93MB/00:05:53 Down: 67.9MB/s / Disk: 137.19MB/s
(22:00:22) INFO:    [Gog]:              Progress for Gloomhaven: 82.49%/12035.46MB/00:05:53 Down: 0.5MB/s / Disk: 0MB/s
(22:00:23) INFO:    [Gog]:              Progress for Gloomhaven: 82.49%/12055.54MB/00:05:53 Down: 0.5MB/s / Disk: 0MB/s
(22:00:24) INFO:    [Gog]:              Progress for Gloomhaven: 82.49%/12075.33MB/00:05:53 Down: 0.5MB/s / Disk: 0MB/s
(22:00:25) INFO:    [Gog]:              Progress for Gloomhaven: 82.49%/12075.33MB/00:05:54 Down: 0.5MB/s / Disk: 0MB/s
(22:00:26) INFO:    [Gog]:              Progress for Gloomhaven: 82.49%/12090.88MB/00:05:54 Down: 0.5MB/s / Disk: 0MB/s
(22:00:27) INFO:    [Gog]:              Progress for Gloomhaven: 82.55%/12145.12MB/00:05:53 Down: 3.47MB/s / Disk: 5.65MB/s
(22:00:29) INFO:    [Gog]:              Progress for Gloomhaven: 83.17%/12167.58MB/00:05:38 Down: 36.23MB/s / Disk: 72.92MB/s
(22:00:30) INFO:    [Gog]:              Progress for Gloomhaven: 83.17%/12173.68MB/00:05:38 Down: 0.5MB/s / Disk: 0MB/s
(22:00:31) INFO:    [Gog]:              Progress for Gloomhaven: 83.17%/12182.17MB/00:05:38 Down: 0.5MB/s / Disk: 0MB/s
(22:00:32) INFO:    [Gog]:              Progress for Gloomhaven: 83.17%/12202.76MB/00:05:39 Down: 0.5MB/s / Disk: 0MB/s
(22:00:33) INFO:    [Gog]:              Progress for Gloomhaven: 83.17%/12209.18MB/00:05:39 Down: 0.5MB/s / Disk: 0MB/s
(22:00:34) INFO:    [Gog]:              Progress for Gloomhaven: 83.17%/12228.17MB/00:05:39 Down: 0.5MB/s / Disk: 0MB/s
(22:00:35) INFO:    [Gog]:              Progress for Gloomhaven: 83.17%/12242.06MB/00:05:39 Down: 0.5MB/s / Disk: 0MB/s
(22:00:36) INFO:    [Gog]:              Progress for Gloomhaven: 83.17%/12242.06MB/00:05:39 Down: 0.5MB/s / Disk: 0MB/s
(22:00:37) INFO:    [Gog]:              Progress for Gloomhaven: 83.17%/12252.03MB/00:05:40 Down: 0.5MB/s / Disk: 0MB/s
(22:00:38) INFO:    [Gog]:              Progress for Gloomhaven: 83.17%/12268.47MB/00:05:40 Down: 0.5MB/s / Disk: 0MB/s
(22:00:39) INFO:    [Gog]:              Progress for Gloomhaven: 83.17%/12276.91MB/00:05:40 Down: 0.5MB/s / Disk: 0MB/s
(22:00:40) INFO:    [Gog]:              Progress for Gloomhaven: 83.17%/12286.40MB/00:05:40 Down: 0.34MB/s / Disk: 0MB/s
(22:00:41) INFO:    [Gog]:              Progress for Gloomhaven: 83.17%/12286.53MB/00:05:40 Down: 0.5MB/s / Disk: 0MB/s
(22:00:42) INFO:    [Gog]:              Progress for Gloomhaven: 83.17%/12321.47MB/00:05:41 Down: 0.98MB/s / Disk: 1.95MB/s
(22:00:43) INFO:    [Gog]:              Progress for Gloomhaven: 83.95%/12336.61MB/00:05:22 Down: 64.33MB/s / Disk: 125.31MB/s
(22:00:45) INFO:    [Gog]:              Progress for Gloomhaven: 84.88%/12354.01MB/00:05:00 Down: 42.54MB/s / Disk: 89.73MB/s
(22:00:46) INFO:    [Gog]:              Progress for Gloomhaven: 85.02%/12378.95MB/00:04:57 Down: 7.77MB/s / Disk: 14.85MB/s
(22:00:47) INFO:    [Gog]:              Progress for Gloomhaven: 85.02%/12384.35MB/00:04:58 Down: 0.5MB/s / Disk: 0MB/s
(22:00:48) INFO:    [Gog]:              Progress for Gloomhaven: 85.02%/12389.90MB/00:04:58 Down: 0.5MB/s / Disk: 0MB/s
(22:00:50) INFO:    [Gog]:              Progress for Gloomhaven: 85.18%/12410.90MB/00:04:54 Down: 13.42MB/s / Disk: 24.02MB/s
(22:00:51) INFO:    [Gog]:              Progress for Gloomhaven: 85.18%/12421.04MB/00:04:54 Down: 0.5MB/s / Disk: 0MB/s
(22:00:52) INFO:    [Gog]:              Progress for Gloomhaven: 85.18%/12424.57MB/00:04:54 Down: 0.5MB/s / Disk: 0MB/s
(22:00:53) INFO:    [Gog]:              Progress for Gloomhaven: 85.44%/12440.78MB/00:04:49 Down: 16.87MB/s / Disk: 29.8MB/s
(22:00:54) INFO:    [Gog]:              Progress for Gloomhaven: 85.52%/12459.88MB/00:04:47 Down: 7.67MB/s / Disk: 12.02MB/s
(22:00:55) INFO:    [Gog]:              Progress for Gloomhaven: 85.59%/12459.88MB/00:04:46 Down: 6.31MB/s / Disk: 10.24MB/s
(22:00:57) INFO:    [Gog]:              Progress for Gloomhaven: 85.7%/12485.86MB/00:04:43 Down: 6.69MB/s / Disk: 12.76MB/s
(22:00:58) INFO:    [Gog]:              Progress for Gloomhaven: 85.76%/12485.86MB/00:04:42 Down: 4.87MB/s / Disk: 8.2MB/s
(22:00:59) INFO:    [Gog]:              Progress for Gloomhaven: 85.81%/12494.14MB/00:04:41 Down: 3.31MB/s / Disk: 7.23MB/s
(22:01:01) INFO:    [Gog]:              Progress for Gloomhaven: 85.96%/12500.64MB/00:04:38 Down: 9.01MB/s / Disk: 15.15MB/s
(22:01:02) INFO:    [Gog]:              Progress for Gloomhaven: 85.96%/12500.64MB/00:04:38 Down: 0.5MB/s / Disk: 0MB/s
(22:01:03) INFO:    [Gog]:              Progress for Gloomhaven: 85.96%/12519.74MB/00:04:38 Down: 0.5MB/s / Disk: 0MB/s
(22:01:04) INFO:    [Gog]:              Progress for Gloomhaven: 85.96%/12519.74MB/00:04:38 Down: 0.5MB/s / Disk: 0MB/s
(22:01:05) INFO:    [Gog]:              Progress for Gloomhaven: 85.96%/12548.82MB/00:04:39 Down: 0.5MB/s / Disk: 0MB/s
(22:01:06) INFO:    [Gog]:              Progress for Gloomhaven: 85.96%/12558.81MB/00:04:39 Down: 0.5MB/s / Disk: 0MB/s
(22:01:07) INFO:    [Gog]:              Progress for Gloomhaven: 85.96%/12568.79MB/00:04:39 Down: 0.5MB/s / Disk: 0MB/s
(22:01:08) INFO:    [Gog]:              Progress for Gloomhaven: 85.96%/12587.89MB/00:04:39 Down: 0.5MB/s / Disk: 0MB/s
(22:01:09) INFO:    [Gog]:              Progress for Gloomhaven: 85.96%/12597.88MB/00:04:39 Down: 0.03MB/s / Disk: 0MB/s
(22:01:10) INFO:    [Gog]:              Progress for Gloomhaven: 85.96%/12617.85MB/00:04:39 Down: 0.5MB/s / Disk: 0MB/s
(22:01:11) INFO:    [Gog]:              Progress for Gloomhaven: 85.96%/12617.85MB/00:04:40 Down: 0.5MB/s / Disk: 0MB/s
(22:01:12) INFO:    [Gog]:              Progress for Gloomhaven: 85.96%/12663.99MB/00:04:40 Down: 0.5MB/s / Disk: 0MB/s
(22:01:13) INFO:    [Gog]:              Progress for Gloomhaven: 85.96%/12673.99MB/00:04:40 Down: 0.23MB/s / Disk: 0MB/s
(22:01:15) INFO:    [Gog]:              Progress for Gloomhaven: 87.39%/12751.44MB/00:04:08 Down: 57.69MB/s / Disk: 123.11MB/s
(22:01:16) INFO:    [Gog]:              Progress for Gloomhaven: 87.39%/12771.45MB/00:04:08 Down: 0.5MB/s / Disk: 0MB/s
(22:01:17) INFO:    [Gog]:              Progress for Gloomhaven: 87.5%/12801.66MB/00:04:05 Down: 7.89MB/s / Disk: 15.4MB/s
(22:01:18) INFO:    [Gog]:              Progress for Gloomhaven: 87.5%/12821.67MB/00:04:05 Down: 0.5MB/s / Disk: 0MB/s
(22:01:19) INFO:    [Gog]:              Progress for Gloomhaven: 87.5%/12831.48MB/00:04:06 Down: 0.5MB/s / Disk: 0MB/s
(22:01:20) INFO:    [Gog]:              Progress for Gloomhaven: 87.5%/12857.89MB/00:04:06 Down: 0.5MB/s / Disk: 0MB/s
(22:01:21) INFO:    [Gog]:              Progress for Gloomhaven: 87.5%/12881.72MB/00:04:06 Down: 0.5MB/s / Disk: 0MB/s
(22:01:22) INFO:    [Gog]:              Progress for Gloomhaven: 87.5%/12890.18MB/00:04:06 Down: 0.08MB/s / Disk: 0MB/s
(22:01:23) INFO:    [Gog]:              Progress for Gloomhaven: 87.5%/12898.60MB/00:04:06 Down: 0.5MB/s / Disk: 0MB/s
(22:01:24) INFO:    [Gog]:              Progress for Gloomhaven: 87.5%/12923.23MB/00:04:06 Down: 0.5MB/s / Disk: 0MB/s
(22:01:25) INFO:    [Gog]:              Progress for Gloomhaven: 87.5%/12941.67MB/00:04:06 Down: 0.5MB/s / Disk: 0MB/s
(22:01:26) INFO:    [Gog]:              Progress for Gloomhaven: 87.5%/12941.67MB/00:04:07 Down: 0.5MB/s / Disk: 0MB/s
(22:01:27) INFO:    [Gog]:              Progress for Gloomhaven: 87.5%/12979.35MB/00:04:07 Down: 0.5MB/s / Disk: 0MB/s
(22:01:28) INFO:    [Gog]:              Progress for Gloomhaven: 87.5%/12993.50MB/00:04:07 Down: 0.5MB/s / Disk: 0MB/s
(22:01:29) INFO:    [Gog]:              Progress for Gloomhaven: 87.5%/13021.54MB/00:04:07 Down: 0.5MB/s / Disk: 0MB/s
(22:01:30) INFO:    [Gog]:              Progress for Gloomhaven: 87.5%/13049.47MB/00:04:07 Down: 0.5MB/s / Disk: 0MB/s
(22:01:31) INFO:    [Gog]:              Progress for Gloomhaven: 87.5%/13066.02MB/00:04:07 Down: 0.5MB/s / Disk: 0MB/s
(22:01:32) INFO:    [Gog]:              Progress for Gloomhaven: 87.5%/13087.22MB/00:04:07 Down: 0.42MB/s / Disk: 0MB/s
(22:01:34) INFO:    [Gog]:              Progress for Gloomhaven: 89.13%/13117.07MB/00:03:32 Down: 70.05MB/s / Disk: 146.99MB/s
(22:01:35) INFO:    [Gog]:              Progress for Gloomhaven: 89.13%/13147.06MB/00:03:32 Down: 0.5MB/s / Disk: 0MB/s
(22:01:36) INFO:    [Gog]:              Progress for Gloomhaven: 89.13%/13174.36MB/00:03:32 Down: 0.5MB/s / Disk: 0MB/s
(22:01:37) INFO:    [Gog]:              Progress for Gloomhaven: 89.13%/13204.36MB/00:03:32 Down: 0.5MB/s / Disk: 0MB/s
(22:01:38) INFO:    [Gog]:              Progress for Gloomhaven: 89.13%/13214.35MB/00:03:32 Down: 0.5MB/s / Disk: 0MB/s
(22:01:39) INFO:    [Gog]:              Progress for Gloomhaven: 89.13%/13246.63MB/00:03:32 Down: 0.5MB/s / Disk: 0MB/s
(22:01:40) INFO:    [Gog]:              Progress for Gloomhaven: 89.13%/13266.57MB/00:03:32 Down: 0.45MB/s / Disk: 0MB/s
(22:01:41) INFO:    [Gog]:              Progress for Gloomhaven: 89.13%/13276.50MB/00:03:32 Down: 0.5MB/s / Disk: 0MB/s
(22:01:42) INFO:    [Gog]:              Progress for Gloomhaven: 89.13%/13300.49MB/00:03:33 Down: 0.01MB/s / Disk: 0MB/s
(22:01:43) INFO:    [Gog]:              Progress for Gloomhaven: 89.13%/13336.10MB/00:03:33 Down: 0.5MB/s / Disk: 0MB/s
(22:01:44) INFO:    [Gog]:              Progress for Gloomhaven: 89.7%/13394.41MB/00:03:20 Down: 42.87MB/s / Disk: 86.76MB/s
(22:01:45) INFO:    [Gog]:              Progress for Gloomhaven: 91.38%/13414.27MB/00:02:44 Down: 114.02MB/s / Disk: 243.66MB/s
(22:01:46) INFO:    [Gog]:              Progress for Gloomhaven: 91.38%/13424.22MB/00:02:45 Down: 0.5MB/s / Disk: 0MB/s
(22:01:47) INFO:    [Gog]:              Progress for Gloomhaven: 91.38%/13445.62MB/00:02:45 Down: 0.5MB/s / Disk: 0MB/s
(22:01:49) INFO:    [Gog]:              Progress for Gloomhaven: 91.44%/13503.93MB/00:02:44 Down: 3.27MB/s / Disk: 5.94MB/s
(22:01:50) INFO:    [Gog]:              Progress for Gloomhaven: 91.44%/13517.63MB/00:02:44 Down: 0.5MB/s / Disk: 0MB/s
(22:01:51) INFO:    [Gog]:              Progress for Gloomhaven: 91.44%/13527.60MB/00:02:44 Down: 0.5MB/s / Disk: 0MB/s
(22:01:52) INFO:    [Gog]:              Progress for Gloomhaven: 91.44%/13537.54MB/00:02:44 Down: 0.5MB/s / Disk: 0MB/s
(22:01:53) INFO:    [Gog]:              Progress for Gloomhaven: 91.64%/13594.60MB/00:02:40 Down: 13.93MB/s / Disk: 27.72MB/s
(22:01:54) INFO:    [Gog]:              Progress for Gloomhaven: 91.64%/13594.60MB/00:02:40 Down: 0.28MB/s / Disk: 0MB/s
(22:01:55) INFO:    [Gog]:              Progress for Gloomhaven: 91.64%/13623.34MB/00:02:40 Down: 0.5MB/s / Disk: 0MB/s
(22:01:56) INFO:    [Gog]:              Progress for Gloomhaven: 91.64%/13664.07MB/00:02:40 Down: 0.2MB/s / Disk: 0MB/s
(22:01:57) INFO:    [Gog]:              Progress for Gloomhaven: 91.64%/13673.80MB/00:02:40 Down: 0.5MB/s / Disk: 0MB/s
(22:01:58) INFO:    [Gog]:              Progress for Gloomhaven: 91.64%/13714.12MB/00:02:40 Down: 0.11MB/s / Disk: 0MB/s
(22:01:59) INFO:    [Gog]:              Progress for Gloomhaven: 91.64%/13734.12MB/00:02:40 Down: 0.5MB/s / Disk: 0MB/s
(22:02:00) INFO:    [Gog]:              Progress for Gloomhaven: 91.64%/13765.05MB/00:02:40 Down: 0.5MB/s / Disk: 0MB/s
(22:02:01) INFO:    [Gog]:              Progress for Gloomhaven: 91.64%/13795.02MB/00:02:41 Down: 0.5MB/s / Disk: 0MB/s
(22:02:02) INFO:    [Gog]:              Progress for Gloomhaven: 91.64%/13814.78MB/00:02:41 Down: 0.5MB/s / Disk: 0MB/s
(22:02:03) INFO:    [Gog]:              Progress for Gloomhaven: 91.64%/13844.35MB/00:02:41 Down: 0.5MB/s / Disk: 0MB/s
(22:02:04) INFO:    [Gog]:              Progress for Gloomhaven: 91.64%/13864.07MB/00:02:41 Down: 0.5MB/s / Disk: 0MB/s
(22:02:06) INFO:    [Gog]:              Progress for Gloomhaven: 93.44%/13917.01MB/00:02:04 Down: 96.92MB/s / Disk: 204.54MB/s
(22:02:07) INFO:    [Gog]:              Progress for Gloomhaven: 93.44%/13926.96MB/00:02:04 Down: 0.5MB/s / Disk: 0MB/s
(22:02:08) INFO:    [Gog]:              Progress for Gloomhaven: 93.44%/13957.80MB/00:02:04 Down: 0.5MB/s / Disk: 0MB/s
(22:02:09) INFO:    [Gog]:              Progress for Gloomhaven: 93.44%/13967.77MB/00:02:04 Down: 0.5MB/s / Disk: 0MB/s
(22:02:10) INFO:    [Gog]:              Progress for Gloomhaven: 93.44%/13997.56MB/00:02:04 Down: 0.5MB/s / Disk: 0MB/s
(22:02:11) INFO:    [Gog]:              Progress for Gloomhaven: 93.44%/14017.54MB/00:02:04 Down: 0.5MB/s / Disk: 0MB/s
(22:02:12) INFO:    [Gog]:              Progress for Gloomhaven: 93.44%/14047.35MB/00:02:04 Down: 0.5MB/s / Disk: 0MB/s
(22:02:13) INFO:    [Gog]:              Progress for Gloomhaven: 93.44%/14067.25MB/00:02:04 Down: 0.5MB/s / Disk: 0MB/s
(22:02:14) INFO:    [Gog]:              Progress for Gloomhaven: 93.44%/14096.77MB/00:02:04 Down: 0.5MB/s / Disk: 0MB/s
(22:02:15) INFO:    [Gog]:              Progress for Gloomhaven: 93.44%/14096.77MB/00:02:04 Down: 0.5MB/s / Disk: 0MB/s
(22:02:16) INFO:    [Gog]:              Progress for Gloomhaven: 93.44%/14159.59MB/00:02:05 Down: 0.5MB/s / Disk: 0MB/s
(22:02:17) INFO:    [Gog]:              Progress for Gloomhaven: 93.44%/14189.32MB/00:02:05 Down: 0.08MB/s / Disk: 0MB/s
(22:02:18) INFO:    [Gog]:              Progress for Gloomhaven: 93.44%/14189.32MB/00:02:05 Down: 0.5MB/s / Disk: 0MB/s
(22:02:20) INFO:    [Gog]:              Progress for Gloomhaven: 94.26%/14228.92MB/00:01:48 Down: 33.64MB/s / Disk: 70.17MB/s
(22:02:21) INFO:    [Gog]:              Progress for Gloomhaven: 94.33%/14284.50MB/00:01:47 Down: 6.99MB/s / Disk: 13.57MB/s
(22:02:22) INFO:    [Gog]:              Progress for Gloomhaven: 96.25%/14306.06MB/00:01:09 Down: 114.65MB/s / Disk: 249.5MB/s
(22:02:23) INFO:    [Gog]:              Progress for Gloomhaven: 96.25%/14315.82MB/00:01:09 Down: 0.08MB/s / Disk: 0MB/s
(22:02:24) INFO:    [Gog]:              Progress for Gloomhaven: 96.57%/14345.58MB/00:01:03 Down: 25.4MB/s / Disk: 54.93MB/s
(22:02:25) INFO:    [Gog]:              Progress for Gloomhaven: 96.69%/14365.37MB/00:01:01 Down: 8.23MB/s / Disk: 18.43MB/s
(22:02:26) INFO:    [Gog]:              Progress for Gloomhaven: 96.69%/14406.36MB/00:01:01 Down: 0.4MB/s / Disk: 0MB/s
(22:02:27) INFO:    [Gog]:              Progress for Gloomhaven: 96.69%/14406.36MB/00:01:01 Down: 0.5MB/s / Disk: 0MB/s
(22:02:28) INFO:    [Gog]:              Progress for Gloomhaven: 96.69%/14426.05MB/00:01:01 Down: 0.33MB/s / Disk: 0MB/s
(22:02:29) INFO:    [Gog]:              Progress for Gloomhaven: 96.69%/14435.99MB/00:01:01 Down: 0.5MB/s / Disk: 0MB/s
(22:02:30) INFO:    [Gog]:              Progress for Gloomhaven: 96.69%/14475.45MB/00:01:01 Down: 0.5MB/s / Disk: 0MB/s
(22:02:31) INFO:    [Gog]:              Progress for Gloomhaven: 96.69%/14495.19MB/00:01:01 Down: 0.5MB/s / Disk: 0MB/s
(22:02:32) INFO:    [Gog]:              Progress for Gloomhaven: 96.69%/14505.13MB/00:01:01 Down: 0.5MB/s / Disk: 0MB/s
(22:02:33) INFO:    [Gog]:              Progress for Gloomhaven: 96.69%/14525.23MB/00:01:01 Down: 0.5MB/s / Disk: 0MB/s
(22:02:34) INFO:    [Gog]:              Progress for Gloomhaven: 96.69%/14535.17MB/00:01:01 Down: 0.5MB/s / Disk: 0MB/s
(22:02:35) INFO:    [Gog]:              Progress for Gloomhaven: 96.69%/14564.84MB/00:01:01 Down: 0.5MB/s / Disk: 0MB/s
(22:02:36) INFO:    [Gog]:              Progress for Gloomhaven: 96.69%/14609.79MB/00:01:01 Down: 0.5MB/s / Disk: 0MB/s
(22:02:37) INFO:    [Gog]:              Progress for Gloomhaven: 96.69%/14609.79MB/00:01:01 Down: 0.5MB/s / Disk: 0MB/s
(22:02:38) INFO:    [Gog]:              Progress for Gloomhaven: 96.69%/14639.85MB/00:01:01 Down: 0.5MB/s / Disk: 0MB/s
(22:02:39) INFO:    [Gog]:              Progress for Gloomhaven: 96.69%/14659.56MB/00:01:01 Down: 0.5MB/s / Disk: 0MB/s
(22:02:40) INFO:    [Gog]:              Progress for Gloomhaven: 96.69%/14669.38MB/00:01:01 Down: 0.5MB/s / Disk: 0MB/s
(22:02:42) INFO:    [Gog]:              Progress for Gloomhaven: 96.69%/14689.48MB/00:01:01 Down: 0.5MB/s / Disk: 0MB/s
(22:02:43) INFO:    [Gog]:              Progress for Gloomhaven: 96.69%/14718.92MB/00:01:01 Down: 0.5MB/s / Disk: 0MB/s
(22:02:44) INFO:    [Gog]:              Progress for Gloomhaven: 96.69%/14738.62MB/00:01:01 Down: 0.5MB/s / Disk: 0MB/s
(22:02:45) INFO:    [Gog]:              Progress for Gloomhaven: 96.69%/14748.44MB/00:01:01 Down: 0.5MB/s / Disk: 0MB/s
(22:02:46) INFO:    [Gog]:              Progress for Gloomhaven: 98.75%/14768.33MB/00:00:22 Down: 123.46MB/s / Disk: 274.85MB/s
(22:02:48) INFO:    [Gog]:              Progress for Gloomhaven: 99.17%/14793.22MB/00:00:15 Down: 20.64MB/s / Disk: 48.39MB/s
(22:02:49) INFO:    [Gog]:              Progress for Gloomhaven: 99.17%/14793.23MB/00:00:15 Down: 0.5MB/s / Disk: 0MB/s
(22:02:50) INFO:    [Gog]:              Progress for Gloomhaven: 99.17%/14803.15MB/00:00:15 Down: 0.5MB/s / Disk: 0MB/s
(22:02:51) INFO:    [Gog]:              Progress for Gloomhaven: 99.17%/14803.15MB/00:00:15 Down: 0.5MB/s / Disk: 0MB/s
(22:02:52) INFO:    [Gog]:              Progress for Gloomhaven: 99.17%/14803.15MB/00:00:15 Down: 0.43MB/s / Disk: 0MB/s
(22:02:53) INFO:    [Gog]:              Progress for Gloomhaven: 99.17%/14803.15MB/00:00:15 Down: 0.5MB/s / Disk: 0MB/s
(22:02:54) INFO:    [Gog]:              Progress for Gloomhaven: 99.17%/14803.15MB/00:00:15 Down: 0.5MB/s / Disk: 0MB/s
(22:02:55) INFO:    [Gog]:              Progress for Gloomhaven: 99.85%/14822.98MB/00:00:02 Down: 71.46MB/s / Disk: 115.69MB/s
(22:02:56) INFO:    [Gog]:              Progress for Gloomhaven: 99.85%/14823.01MB/00:00:02 Down: 14.91MB/s / Disk: 0.24MB/s
(22:02:57) INFO:    [Gog]:              Progress for Gloomhaven: 99.86%/14823.04MB/00:00:02 Down: 15.04MB/s / Disk: 0.18MB/s
(22:02:58) INFO:    [Gog]:              Progress for Gloomhaven: 99.86%/14823.07MB/00:00:02 Down: 14.17MB/s / Disk: 0.23MB/s
(22:02:59) INFO:    [Gog]:              Progress for Gloomhaven: 99.86%/14823.11MB/00:00:02 Down: 15.08MB/s / Disk: 0.23MB/s
(22:03:00) INFO:    [Gog]:              Progress for Gloomhaven: 99.86%/14823.14MB/00:00:02 Down: 15.32MB/s / Disk: 0.18MB/s
(22:03:01) INFO:    [Gog]:              Progress for Gloomhaven: 99.86%/14823.16MB/00:00:02 Down: 12.01MB/s / Disk: 0.12MB/s
(22:03:02) INFO:    [Gog]:              Progress for Gloomhaven: 99.86%/14823.19MB/00:00:02 Down: 15.32MB/s / Disk: 0.19MB/s
(22:03:03) INFO:    [Gog]:              Progress for Gloomhaven: 99.86%/14823.21MB/00:00:02 Down: 11.53MB/s / Disk: 0.08MB/s
(22:03:04) INFO:    [Gog]:              Progress for Gloomhaven: 99.86%/14823.23MB/00:00:02 Down: 15.96MB/s / Disk: 0.1MB/s
(22:03:05) INFO:    [Gog]:              Progress for Gloomhaven: 99.86%/14823.25MB/00:00:02 Down: 15.81MB/s / Disk: 0.1MB/s
(22:03:06) INFO:    [Gog]:              Progress for Gloomhaven: 99.86%/14823.27MB/00:00:02 Down: 12.56MB/s / Disk: 0.09MB/s
(22:03:07) INFO:    [Gog]:              Progress for Gloomhaven: 99.86%/14823.30MB/00:00:02 Down: 13.63MB/s / Disk: 0.11MB/s
(22:03:08) INFO:    [Gog]:              Progress for Gloomhaven: 99.86%/14823.31MB/00:00:02 Down: 13.34MB/s / Disk: 0.11MB/s
(22:03:09) INFO:    [Gog]:              Progress for Gloomhaven: 99.86%/14823.33MB/00:00:02 Down: 15.55MB/s / Disk: 0.08MB/s
(22:03:10) INFO:    [Gog]:              Progress for Gloomhaven: 99.87%/14823.35MB/00:00:02 Down: 14.04MB/s / Disk: 0.1MB/s
(22:03:11) INFO:    [Gog]:              Progress for Gloomhaven: 99.87%/14823.38MB/00:00:02 Down: 15.27MB/s / Disk: 0.16MB/s
(22:03:12) INFO:    [Gog]:              Progress for Gloomhaven: 99.87%/14823.40MB/00:00:02 Down: 13.37MB/s / Disk: 0.12MB/s
(22:03:13) INFO:    [Gog]:              Progress for Gloomhaven: 99.87%/14823.42MB/00:00:02 Down: 14.73MB/s / Disk: 0.13MB/s
(22:03:15) INFO:    [Gog]:              Progress for Gloomhaven: 99.87%/14823.45MB/00:00:02 Down: 14.99MB/s / Disk: 0.13MB/s
(22:03:16) INFO:    [Gog]:              Progress for Gloomhaven: 99.87%/14823.47MB/00:00:02 Down: 11.16MB/s / Disk: 0.07MB/s
(22:03:17) INFO:    [Gog]:              Progress for Gloomhaven: 99.87%/14823.48MB/00:00:02 Down: 13.48MB/s / Disk: 0.05MB/s
(22:03:18) INFO:    [Gog]:              Progress for Gloomhaven: 99.87%/14823.49MB/00:00:02 Down: 14.71MB/s / Disk: 0.04MB/s
(22:03:19) INFO:    [Gog]:              Progress for Gloomhaven: 99.87%/14823.51MB/00:00:02 Down: 14.91MB/s / Disk: 0.12MB/s
(22:03:20) INFO:    [Gog]:              Progress for Gloomhaven: 99.87%/14823.53MB/00:00:02 Down: 17.02MB/s / Disk: 0.11MB/s
(22:03:21) INFO:    [Gog]:              Progress for Gloomhaven: 99.87%/14823.56MB/00:00:02 Down: 11.34MB/s / Disk: 0.12MB/s
(22:03:22) INFO:    [Gog]:              Progress for Gloomhaven: 99.87%/14823.57MB/00:00:02 Down: 12.46MB/s / Disk: 0.06MB/s
(22:03:23) INFO:    [Gog]:              Progress for Gloomhaven: 99.87%/14823.59MB/00:00:02 Down: 14.26MB/s / Disk: 0.07MB/s
(22:03:24) INFO:    [Gog]:              Progress for Gloomhaven: 99.87%/14823.60MB/00:00:02 Down: 14.38MB/s / Disk: 0.08MB/s
(22:03:25) INFO:    [Gog]:              Progress for Gloomhaven: 99.87%/14823.62MB/00:00:02 Down: 16.21MB/s / Disk: 0.08MB/s
(22:03:26) INFO:    [Gog]:              Progress for Gloomhaven: 99.87%/14823.64MB/00:00:02 Down: 14.01MB/s / Disk: 0.16MB/s
(22:03:27) INFO:    [Gog]:              Progress for Gloomhaven: 99.88%/14823.68MB/00:00:02 Down: 14.85MB/s / Disk: 0.16MB/s
(22:03:28) INFO:    [Gog]:              Progress for Gloomhaven: 99.88%/14823.71MB/00:00:02 Down: 15.2MB/s / Disk: 0.22MB/s
(22:03:29) INFO:    [Gog]:              Progress for Gloomhaven: 99.88%/14823.73MB/00:00:02 Down: 16.08MB/s / Disk: 0.19MB/s
(22:03:30) INFO:    [Gog]:              Progress for Gloomhaven: 99.88%/14823.77MB/00:00:02 Down: 13.2MB/s / Disk: 0.21MB/s
(22:03:31) INFO:    [Gog]:              Progress for Gloomhaven: 99.88%/14823.80MB/00:00:02 Down: 15.15MB/s / Disk: 0.22MB/s
(22:03:33) INFO:    [Gog]:              Progress for Gloomhaven: 99.88%/14824.30MB/00:00:02 Down: 6.38MB/s / Disk: 0.05MB/s
(22:03:34) INFO:    [Gog]:              Progress for Gloomhaven: 99.91%/14827.53MB/00:00:01 Down: 23.33MB/s / Disk: 7.85MB/s
(22:03:35) INFO:    [Gog]:              Progress for Gloomhaven: 99.91%/14827.54MB/00:00:01 Down: 15.44MB/s / Disk: 0.05MB/s
(22:03:36) INFO:    [Gog]:              Progress for Gloomhaven: 99.91%/14827.55MB/00:00:01 Down: 14.4MB/s / Disk: 0.06MB/s
(22:03:37) INFO:    [Gog]:              Progress for Gloomhaven: 99.91%/14827.56MB/00:00:01 Down: 15.2MB/s / Disk: 0.03MB/s
(22:03:38) INFO:    [Gog]:              Progress for Gloomhaven: 99.91%/14827.70MB/00:00:01 Down: 10.96MB/s / Disk: 0.04MB/s
(22:03:39) INFO:    [Gog]:              Progress for Gloomhaven: 99.92%/14829.12MB/00:00:01 Down: 17.87MB/s / Disk: 2.1MB/s
(22:03:40) INFO:    [Gog]:              Progress for Gloomhaven: 99.92%/14829.13MB/00:00:01 Down: 15.39MB/s / Disk: 0.04MB/s
(22:03:42) INFO:    [Gog]:              Progress for Gloomhaven: 99.92%/14829.14MB/00:00:01 Down: 10.15MB/s / Disk: 0.02MB/s
(22:03:43) INFO:    [Gog]:              Progress for Gloomhaven: 99.92%/14829.15MB/00:00:01 Down: 20.73MB/s / Disk: 0.06MB/s
(22:03:44) INFO:    [Gog]:              Progress for Gloomhaven: 99.92%/14829.18MB/00:00:01 Down: 13.68MB/s / Disk: 0.08MB/s
(22:03:45) INFO:    [Gog]:              Progress for Gloomhaven: 99.92%/14829.20MB/00:00:01 Down: 15.45MB/s / Disk: 0.1MB/s
(22:03:46) INFO:    [Gog]:              Progress for Gloomhaven: 99.92%/14829.22MB/00:00:01 Down: 14.36MB/s / Disk: 0.1MB/s
(22:03:47) INFO:    [Gog]:              Progress for Gloomhaven: 99.92%/14829.24MB/00:00:01 Down: 12.08MB/s / Disk: 0.08MB/s
(22:03:48) INFO:    [Gog]:              Progress for Gloomhaven: 99.92%/14829.73MB/00:00:01 Down: 5.3MB/s / Disk: 0.02MB/s
(22:03:49) INFO:    [Gog]:              Progress for Gloomhaven: 99.97%/14832.69MB/00:00:00 Down: 9.89MB/s / Disk: 8.45MB/s
(22:03:50) INFO:    [Gog]:              Progress for Gloomhaven: 100%/14832.69MB/00:00:00 Down: 10.09MB/s / Disk: 4.14MB/s
(22:03:50) INFO:    [Gog]:              Got install info from cache for 2102122491 on windows platform
(22:03:51) INFO:    [Backend]:          Adding shortcuts for Gloomhaven
(22:03:51) INFO:    [ExtraGameInfo]:    Using cached ExtraGameInfo data for Gloomhaven
(22:03:51) INFO:    [DownloadManager]:  Finished Installation of 2102122491
(22:03:51) INFO:    [DownloadManager]:  2102122491 added to download manager finished.
(22:03:51) INFO:    [DownloadManager]:  2102122491 removed from download manager.
(22:03:51) INFO:    [Gog]:              Running command: GOGDL_CONFIG_PATH=/home/strobelt/.config/heroic/gogdlConfig /opt/Heroic/resources/app.asar.unpacked/build/bin/x64/linux/gogdl --auth-config-path /home/strobelt/.config/heroic/gog_store/auth.json auth
(22:03:51) INFO:    [Frontend]:         Refreshing gog Library
(22:03:51) INFO:    [Gog]:              Running command: GOGDL_CONFIG_PATH=/home/strobelt/.config/heroic/gogdlConfig /opt/Heroic/resources/app.asar.unpacked/build/bin/x64/linux/gogdl --auth-config-path /home/strobelt/.config/heroic/gog_store/auth.json auth
(22:03:51) INFO:    [Backend]:          Stopping Power Saver Blocker
(22:03:51) INFO:    [Backend]:          Preventing machine to sleep
(22:03:51) INFO:    [Gog]:              Installing 1453375253: GOGDL_CONFIG_PATH=/home/strobelt/.config/heroic/gogdlConfig /opt/Heroic/resources/app.asar.unpacked/build/bin/x64/linux/gogdl --auth-config-path /home/strobelt/.config/heroic/gog_store/auth.json download 1453375253 --platform linux --path /home/strobelt/Games/Heroic --support /home/strobelt/.config/heroic/gogdlConfig/heroic_gogdl/gog-support/1453375253 --skip-dlcs --lang en
(22:03:51) DEBUG:   [Gog]:              Logging to file "/home/strobelt/.config/heroic/GamesConfig/1453375253.log"
(22:03:51) INFO:    [Gog]:              Getting GOG library
(22:03:51) INFO:    [Gog]:              Running command: GOGDL_CONFIG_PATH=/home/strobelt/.config/heroic/gogdlConfig /opt/Heroic/resources/app.asar.unpacked/build/bin/x64/linux/gogdl --auth-config-path /home/strobelt/.config/heroic/gog_store/auth.json auth
(22:03:51) INFO:    [Shortcuts]:        Prepare Steam images for Gloomhaven
(22:03:51) INFO:    [Shortcuts]:        Gloomhaven was successfully added to Steam.
(22:03:52) INFO:    [DownloadManager]:  Downloader: Finished downloading https://cdn.cloudflare.steamstatic.com/steam/apps/780290/library_hero.jpg
(22:03:52) INFO:    [Gog]:              Saved games data
(22:03:53) INFO:    [DownloadManager]:  Downloader: Finished downloading https://cdn.cloudflare.steamstatic.com/steam/apps/780290/library_hero.jpg
(22:03:53) INFO:    [DownloadManager]:  Downloader: Finished downloading https://cdn.cloudflare.steamstatic.com/steam/apps/780290/library_600x900_2x.jpg
(22:03:54) INFO:    [DownloadManager]:  Downloader: Finished downloading https://cdn.cloudflare.steamstatic.com/steam/apps/780290/logo.png
(22:03:57) INFO:    [Gog]:              Progress for Stardew Valley: 1.17%/0.00MB/00:00:00 Down: 0.03MB/s / Disk: 0.71MB/s
(22:03:58) INFO:    [Gog]:              Progress for Stardew Valley: 3.26%/17.19MB/00:01:33 Down: 6.52MB/s / Disk: 12.69MB/s
(22:03:59) INFO:    [Gog]:              Progress for Stardew Valley: 3.55%/18.95MB/00:01:53 Down: 1.76MB/s / Disk: 21.13MB/s
(22:04:00) INFO:    [Gog]:              Progress for Stardew Valley: 3.85%/20.95MB/00:02:10 Down: 1.91MB/s / Disk: 3.39MB/s
(22:04:01) INFO:    [Gog]:              Progress for Stardew Valley: 4.16%/23.02MB/00:02:23 Down: 1.99MB/s / Disk: 1.64MB/s
(22:04:02) INFO:    [Gog]:              Progress for Stardew Valley: 4.22%/23.37MB/00:02:45 Down: 0.36MB/s / Disk: 3.19MB/s
(22:04:03) INFO:    [Gog]:              Progress for Stardew Valley: 4.28%/23.78MB/00:03:05 Down: 0.38MB/s / Disk: 3.27MB/s
(22:04:04) INFO:    [Gog]:              Progress for Stardew Valley: 4.31%/23.99MB/00:03:26 Down: 0.23MB/s / Disk: 1.48MB/s
(22:04:05) INFO:    [Gog]:              Progress for Stardew Valley: 4.36%/24.29MB/00:03:46 Down: 0.3MB/s / Disk: 0.41MB/s
(22:04:06) INFO:    [Gog]:              Progress for Stardew Valley: 4.41%/24.60MB/00:04:06 Down: 0.31MB/s / Disk: 0.39MB/s
(22:04:07) INFO:    [Gog]:              Progress for Stardew Valley: 4.41%/24.63MB/00:04:27 Down: 0.03MB/s / Disk: 0.32MB/s
(22:04:08) INFO:    [Gog]:              Progress for Stardew Valley: 4.42%/24.66MB/00:04:50 Down: 0.03MB/s / Disk: 0.26MB/s
(22:04:09) INFO:    [Gog]:              Progress for Stardew Valley: 4.42%/24.69MB/00:05:12 Down: 0.03MB/s / Disk: 0.35MB/s
(22:04:10) INFO:    [Gog]:              Progress for Stardew Valley: 4.43%/24.72MB/00:05:33 Down: 0.03MB/s / Disk: 0.03MB/s
(22:04:11) INFO:    [Gog]:              Progress for Stardew Valley: 4.43%/24.75MB/00:05:55 Down: 0.03MB/s / Disk: 0.03MB/s
(22:04:12) INFO:    [Gog]:              Progress for Stardew Valley: 4.44%/24.78MB/00:06:17 Down: 0.03MB/s / Disk: 0.03MB/s
(22:04:13) INFO:    [Gog]:              Progress for Stardew Valley: 4.45%/24.88MB/00:06:38 Down: 0.09MB/s / Disk: 0.03MB/s
(22:04:14) INFO:    [Gog]:              Progress for Stardew Valley: 4.5%/25.24MB/00:06:54 Down: 0.37MB/s / Disk: 0.03MB/s
(22:04:15) INFO:    [Gog]:              Progress for Stardew Valley: 4.55%/25.52MB/00:07:11 Down: 0.27MB/s / Disk: 0.03MB/s
(22:04:16) INFO:    [Gog]:              Progress for Stardew Valley: 4.57%/25.66MB/00:07:30 Down: 0.15MB/s / Disk: 0.08MB/s
(22:04:17) INFO:    [Gog]:              Progress for Stardew Valley: 4.63%/26.06MB/00:07:46 Down: 0.37MB/s / Disk: 0.43MB/s
(22:04:18) INFO:    [Gog]:              Progress for Stardew Valley: 4.64%/26.13MB/00:08:07 Down: 0.07MB/s / Disk: 0.25MB/s
(22:04:19) INFO:    [Gog]:              Progress for Stardew Valley: 4.67%/26.33MB/00:08:25 Down: 0.19MB/s / Disk: 0.16MB/s
(22:04:20) INFO:    [Gog]:              Progress for Stardew Valley: 4.7%/26.52MB/00:08:43 Down: 0.18MB/s / Disk: 0.7MB/s
(22:04:21) INFO:    [Gog]:              Progress for Stardew Valley: 4.73%/26.72MB/00:09:01 Down: 0.18MB/s / Disk: 0.08MB/s
(22:04:22) INFO:    [Gog]:              Progress for Stardew Valley: 4.76%/26.92MB/00:09:18 Down: 0.2MB/s / Disk: 0.1MB/s
(22:04:23) INFO:    [Gog]:              Progress for Stardew Valley: 4.78%/27.07MB/00:09:35 Down: 0.16MB/s / Disk: 0.19MB/s
(22:04:24) INFO:    [Gog]:              Progress for Stardew Valley: 4.82%/27.28MB/00:09:52 Down: 0.2MB/s / Disk: 0.21MB/s
(22:04:25) INFO:    [Gog]:              Progress for Stardew Valley: 4.84%/27.47MB/00:10:08 Down: 0.19MB/s / Disk: 0.21MB/s
(22:04:26) INFO:    [Gog]:              Progress for Stardew Valley: 4.87%/27.67MB/00:10:24 Down: 0.19MB/s / Disk: 0.19MB/s
(22:04:28) INFO:    [Gog]:              Progress for Stardew Valley: 4.91%/27.88MB/00:10:41 Down: 0.19MB/s / Disk: 0.17MB/s
(22:04:29) INFO:    [Gog]:              Progress for Stardew Valley: 4.94%/28.07MB/00:10:57 Down: 0.2MB/s / Disk: 0.2MB/s
(22:04:30) INFO:    [Gog]:              Progress for Stardew Valley: 4.97%/28.27MB/00:11:13 Down: 0.19MB/s / Disk: 0.19MB/s
(22:04:31) INFO:    [Gog]:              Progress for Stardew Valley: 5%/28.47MB/00:11:28 Down: 0.19MB/s / Disk: 0.22MB/s
(22:04:32) INFO:    [Gog]:              Progress for Stardew Valley: 5.01%/28.56MB/00:11:46 Down: 0.08MB/s / Disk: 0.18MB/s
(22:04:33) INFO:    [Gog]:              Progress for Stardew Valley: 5.1%/29.17MB/00:11:51 Down: 0.61MB/s / Disk: 0.18MB/s
(22:04:34) INFO:    [Gog]:              Progress for Stardew Valley: 5.17%/29.62MB/00:11:59 Down: 0.46MB/s / Disk: 0.19MB/s
(22:04:35) INFO:    [Gog]:              Progress for Stardew Valley: 5.2%/29.79MB/00:12:14 Down: 0.16MB/s / Disk: 0.16MB/s
(22:04:36) INFO:    [Gog]:              Progress for Stardew Valley: 5.44%/31.50MB/00:11:58 Down: 1.64MB/s / Disk: 0.09MB/s
(22:04:37) INFO:    [Gog]:              Progress for Stardew Valley: 5.69%/33.09MB/00:11:41 Down: 1.53MB/s / Disk: 0.91MB/s
(22:04:38) INFO:    [Gog]:              Progress for Stardew Valley: 5.98%/34.88MB/00:11:22 Down: 1.71MB/s / Disk: 0.85MB/s
(22:04:39) INFO:    [Gog]:              Progress for Stardew Valley: 6.12%/36.50MB/00:11:21 Down: 1.51MB/s / Disk: 0.07MB/s
(22:04:40) INFO:    [Gog]:              Progress for Stardew Valley: 6.39%/37.68MB/00:11:06 Down: 1.18MB/s / Disk: 0.1MB/s
(22:04:41) INFO:    [Gog]:              Progress for Stardew Valley: 6.62%/39.12MB/00:10:55 Down: 1.41MB/s / Disk: 0.46MB/s
(22:04:42) INFO:    [Gog]:              Progress for Stardew Valley: 6.93%/41.09MB/00:10:38 Down: 2MB/s / Disk: 2.18MB/s
(22:04:43) INFO:    [Gog]:              Progress for Stardew Valley: 7.18%/42.76MB/00:10:28 Down: 1.51MB/s / Disk: 2.33MB/s
(22:04:44) INFO:    [Gog]:              Progress for Stardew Valley: 7.42%/44.46MB/00:10:19 Down: 1.64MB/s / Disk: 2.39MB/s
(22:04:45) INFO:    [Gog]:              Progress for Stardew Valley: 7.6%/45.56MB/00:10:15 Down: 1.06MB/s / Disk: 1.72MB/s
(22:04:46) INFO:    [Gog]:              Progress for Stardew Valley: 7.64%/45.99MB/00:10:24 Down: 0.48MB/s / Disk: 2.41MB/s
(22:04:47) INFO:    [Gog]:              Progress for Stardew Valley: 7.73%/46.32MB/00:10:28 Down: 0.36MB/s / Disk: 2.87MB/s
(22:04:48) INFO:    [Gog]:              Progress for Stardew Valley: 7.97%/48.21MB/00:10:19 Down: 1.82MB/s / Disk: 1.91MB/s
(22:04:49) INFO:    [Gog]:              Progress for Stardew Valley: 8.08%/48.64MB/00:10:22 Down: 0.42MB/s / Disk: 2.58MB/s
(22:04:50) INFO:    [Gog]:              Progress for Stardew Valley: 8.11%/48.81MB/00:10:31 Down: 0.17MB/s / Disk: 2.44MB/s
(22:04:51) INFO:    [Gog]:              Progress for Stardew Valley: 8.11%/48.83MB/00:10:43 Down: 14.05MB/s / Disk: 1.98MB/s
(22:04:52) INFO:    [Gog]:              Progress for Stardew Valley: 8.11%/48.83MB/00:10:54 Down: 20.9MB/s / Disk: 1.05MB/s
(22:04:53) INFO:    [Gog]:              Progress for Stardew Valley: 8.11%/48.83MB/00:11:06 Down: 20.71MB/s / Disk: 2.51MB/s
(22:04:54) INFO:    [Gog]:              Progress for Stardew Valley: 8.11%/68.83MB/00:11:18 Down: 19.33MB/s / Disk: 1.46MB/s
(22:04:55) INFO:    [Gog]:              Progress for Stardew Valley: 8.11%/88.83MB/00:11:30 Down: 20.42MB/s / Disk: 1.64MB/s
(22:04:56) INFO:    [Gog]:              Progress for Stardew Valley: 14.17%/108.83MB/00:06:15 Down: 18.74MB/s / Disk: 0.76MB/s
(22:04:57) INFO:    [Gog]:              Progress for Stardew Valley: 14.17%/108.83MB/00:06:21 Down: 19.46MB/s / Disk: 0.32MB/s
(22:04:58) INFO:    [Gog]:              Progress for Stardew Valley: 14.17%/128.83MB/00:06:27 Down: 20.05MB/s / Disk: 0.39MB/s
(22:04:59) INFO:    [Gog]:              Progress for Stardew Valley: 14.17%/168.83MB/00:06:34 Down: 18.24MB/s / Disk: 2.18MB/s
(22:05:01) INFO:    [Gog]:              Progress for Stardew Valley: 14.17%/168.83MB/00:06:40 Down: 19.56MB/s / Disk: 1.89MB/s
(22:05:02) INFO:    [Gog]:              Progress for Stardew Valley: 14.17%/168.83MB/00:06:46 Down: 20.31MB/s / Disk: 0.19MB/s
(22:05:03) INFO:    [Gog]:              Progress for Stardew Valley: 14.17%/228.83MB/00:06:52 Down: 17.37MB/s / Disk: 0.11MB/s
(22:05:04) INFO:    [Gog]:              Progress for Stardew Valley: 14.17%/228.83MB/00:06:59 Down: 19.04MB/s / Disk: 0.15MB/s
(22:05:05) INFO:    [Gog]:              Progress for Stardew Valley: 14.17%/238.14MB/00:07:05 Down: 19.71MB/s / Disk: 31.08MB/s
(22:05:06) INFO:    [Gog]:              Progress for Stardew Valley: 14.17%/278.15MB/00:07:12 Down: 3.9MB/s / Disk: 6.94MB/s
(22:05:07) INFO:    [Gog]:              Progress for Stardew Valley: 14.17%/278.49MB/00:07:18 Down: 0.5MB/s / Disk: 0MB/s
(22:05:08) INFO:    [Gog]:              Progress for Stardew Valley: 14.17%/318.62MB/00:07:24 Down: 0.5MB/s / Disk: 0MB/s
(22:05:09) INFO:    [Gog]:              Progress for Stardew Valley: 14.17%/318.97MB/00:07:30 Down: 0.5MB/s / Disk: 0MB/s
(22:05:10) INFO:    [Gog]:              Progress for Stardew Valley: 14.17%/340.16MB/00:07:36 Down: 0.5MB/s / Disk: 0MB/s
(22:05:11) INFO:    [Gog]:              Progress for Stardew Valley: 26.3%/380.49MB/00:03:35 Down: 23.35MB/s / Disk: 50MB/s
(22:05:12) INFO:    [Gog]:              Progress for Stardew Valley: 26.3%/380.49MB/00:03:38 Down: 0MB/s / Disk: 0MB/s
(22:05:13) INFO:    [Gog]:              Progress for Stardew Valley: 26.3%/380.49MB/00:03:41 Down: 0.5MB/s / Disk: 0MB/s
(22:05:14) INFO:    [Gog]:              Progress for Stardew Valley: 26.3%/380.49MB/00:03:44 Down: 0.5MB/s / Disk: 0MB/s
(22:05:15) INFO:    [Gog]:              Progress for Stardew Valley: 26.3%/380.49MB/00:03:47 Down: 0.5MB/s / Disk: 0MB/s
(22:05:16) INFO:    [Gog]:              Progress for Stardew Valley: 26.3%/388.50MB/00:03:49 Down: 0.5MB/s / Disk: 0MB/s
(22:05:17) INFO:    [Gog]:              Progress for Stardew Valley: 26.3%/388.50MB/00:03:52 Down: 0.5MB/s / Disk: 0MB/s
(22:05:18) INFO:    [Gog]:              Progress for Stardew Valley: 26.3%/388.50MB/00:03:55 Down: 0.5MB/s / Disk: 0MB/s
(22:05:20) INFO:    [Gog]:              Progress for Stardew Valley: 26.3%/388.50MB/00:03:58 Down: 0.5MB/s / Disk: 0MB/s
(22:05:21) INFO:    [Gog]:              Progress for Stardew Valley: 26.3%/388.50MB/00:04:03 Down: 0.5MB/s / Disk: 0MB/s
(22:05:22) INFO:    [Gog]:              Progress for Stardew Valley: 26.3%/388.50MB/00:04:06 Down: 0.5MB/s / Disk: 0MB/s
(22:05:23) INFO:    [Gog]:              Progress for Stardew Valley: 26.3%/388.50MB/00:04:09 Down: 0.5MB/s / Disk: 0MB/s
(22:05:24) INFO:    [Gog]:              Progress for Stardew Valley: 26.3%/388.50MB/00:04:12 Down: 0.5MB/s / Disk: 0MB/s
(22:05:25) INFO:    [Gog]:              Progress for Stardew Valley: 26.3%/388.50MB/00:04:15 Down: 0.03MB/s / Disk: 0MB/s
(22:05:26) INFO:    [Gog]:              Progress for Stardew Valley: 26.3%/388.50MB/00:04:18 Down: 0.5MB/s / Disk: 0MB/s
(22:05:27) INFO:    [Gog]:              Progress for Stardew Valley: 26.3%/388.50MB/00:04:20 Down: 0.5MB/s / Disk: 0MB/s
(22:05:28) INFO:    [Gog]:              Progress for Stardew Valley: 26.3%/388.50MB/00:04:23 Down: 0.5MB/s / Disk: 0MB/s
(22:05:29) INFO:    [Gog]:              Progress for Stardew Valley: 26.3%/388.50MB/00:04:26 Down: 0.5MB/s / Disk: 0MB/s
(22:05:30) INFO:    [Gog]:              Progress for Stardew Valley: 26.3%/388.50MB/00:04:29 Down: 0.5MB/s / Disk: 0MB/s
(22:05:31) INFO:    [Gog]:              Progress for Stardew Valley: 26.3%/388.50MB/00:04:32 Down: 0.5MB/s / Disk: 0MB/s
(22:05:33) INFO:    [Gog]:              Progress for Stardew Valley: 58.01%/409.04MB/00:01:11 Down: 16.15MB/s / Disk: 51.17MB/s
(22:05:34) INFO:    [Gog]:              Progress for Stardew Valley: 58.01%/409.04MB/00:01:12 Down: 0MB/s / Disk: 1MB/s
(22:05:35) INFO:    [Gog]:              Progress for Stardew Valley: 80.56%/409.52MB/00:00:24 Down: 0.44MB/s / Disk: 25.5MB/s
(22:05:36) INFO:    [Gog]:              Progress for Stardew Valley: 80.59%/409.76MB/00:00:24 Down: 0.23MB/s / Disk: 51.81MB/s
(22:05:38) INFO:    [Gog]:              Progress for Stardew Valley: 80.63%/409.98MB/00:00:24 Down: 0.21MB/s / Disk: 54.87MB/s
(22:05:39) INFO:    [Gog]:              Progress for Stardew Valley: 80.66%/410.19MB/00:00:24 Down: 0.2MB/s / Disk: 68.9MB/s
(22:05:40) INFO:    [Gog]:              Progress for Stardew Valley: 80.68%/410.36MB/00:00:25 Down: 0.17MB/s / Disk: 66.84MB/s
(22:05:41) INFO:    [Gog]:              Progress for Stardew Valley: 80.71%/410.53MB/00:00:25 Down: 0.16MB/s / Disk: 69.24MB/s
(22:05:42) INFO:    [Gog]:              Progress for Stardew Valley: 80.73%/410.67MB/00:00:25 Down: 0.15MB/s / Disk: 68.59MB/s
(22:05:43) INFO:    [Gog]:              Progress for Stardew Valley: 80.76%/410.86MB/00:00:25 Down: 0.18MB/s / Disk: 65.79MB/s
(22:05:44) INFO:    [Gog]:              Progress for Stardew Valley: 80.79%/411.04MB/00:00:25 Down: 0.18MB/s / Disk: 62.4MB/s
(22:05:45) INFO:    [Gog]:              Progress for Stardew Valley: 80.82%/411.23MB/00:00:26 Down: 0.19MB/s / Disk: 56.08MB/s
(22:05:46) INFO:    [Gog]:              Progress for Stardew Valley: 80.85%/411.46MB/00:00:26 Down: 0.22MB/s / Disk: 11.2MB/s
(22:05:47) INFO:    [Gog]:              Progress for Stardew Valley: 80.88%/411.66MB/00:00:26 Down: 0.19MB/s / Disk: 3.4MB/s
(22:05:48) INFO:    [Gog]:              Progress for Stardew Valley: 80.91%/411.83MB/00:00:26 Down: 0.17MB/s / Disk: 0.32MB/s
(22:05:49) INFO:    [Gog]:              Progress for Stardew Valley: 80.94%/412.04MB/00:00:26 Down: 0.2MB/s / Disk: 0.24MB/s
(22:05:50) INFO:    [Gog]:              Progress for Stardew Valley: 80.98%/412.29MB/00:00:27 Down: 0.25MB/s / Disk: 0.25MB/s
(22:05:51) INFO:    [Gog]:              Progress for Stardew Valley: 81.02%/412.57MB/00:00:27 Down: 0.28MB/s / Disk: 0.19MB/s
(22:05:52) INFO:    [Gog]:              Progress for Stardew Valley: 81.06%/412.80MB/00:00:27 Down: 0.22MB/s / Disk: 0.15MB/s
(22:05:53) INFO:    [Gog]:              Progress for Stardew Valley: 81.36%/414.20MB/00:00:27 Down: 3.38MB/s / Disk: 0.14MB/s
(22:05:54) INFO:    [Gog]:              Progress for Stardew Valley: 83.76%/420.63MB/00:00:23 Down: 4.73MB/s / Disk: 0.12MB/s
(22:05:55) INFO:    [Gog]:              Progress for Stardew Valley: 84.38%/423.64MB/00:00:22 Down: 5.37MB/s / Disk: 0.08MB/s
(22:05:56) INFO:    [Gog]:              Progress for Stardew Valley: 84.38%/428.16MB/00:00:22 Down: 4.51MB/s / Disk: 0.12MB/s
(22:05:57) INFO:    [Gog]:              Progress for Stardew Valley: 84.38%/432.18MB/00:00:22 Down: 4.7MB/s / Disk: 0.04MB/s
(22:05:58) INFO:    [Gog]:              Progress for Stardew Valley: 85.92%/436.53MB/00:00:20 Down: 2.32MB/s / Disk: 0.04MB/s
(22:05:59) INFO:    [Gog]:              Progress for Stardew Valley: 90.99%/440.64MB/00:00:12 Down: 1.1MB/s / Disk: 0.05MB/s
(22:06:00) INFO:    [Gog]:              Progress for Stardew Valley: 92.19%/443.71MB/00:00:10 Down: 3.07MB/s / Disk: 0.14MB/s
(22:06:01) INFO:    [Gog]:              Progress for Stardew Valley: 93.78%/447.63MB/00:00:08 Down: 5.36MB/s / Disk: 0.14MB/s
(22:06:02) INFO:    [Gog]:              Progress for Stardew Valley: 95.36%/455.43MB/00:00:06 Down: 7.25MB/s / Disk: 0.16MB/s
(22:06:04) INFO:    [Gog]:              Progress for Stardew Valley: 95.36%/458.31MB/00:00:06 Down: 2.71MB/s / Disk: 0.08MB/s
(22:06:06) INFO:    [Gog]:              Progress for Stardew Valley: 95.36%/458.31MB/00:00:06 Down: 0.88MB/s / Disk: 0.01MB/s
(22:06:08) INFO:    [Gog]:              Progress for Stardew Valley: 95.36%/458.31MB/00:00:06 Down: 0.28MB/s / Disk: 0MB/s
(22:06:09) INFO:    [Gog]:              Progress for Stardew Valley: 100%/462.40MB/00:00:00 Down: 0.43MB/s / Disk: 0.01MB/s
(22:06:11) INFO:    [Gog]:              Got install info from cache for 1453375253 on linux platform
(22:06:11) INFO:    [Gog]:              Running /home/strobelt/Games/Heroic/Stardew Valley/support/postinst.sh
(22:06:11) INFO:    [Backend]:          Adding shortcuts for Stardew Valley
(22:06:11) INFO:    [ExtraGameInfo]:    Getting ExtraGameInfo data for Stardew Valley
(22:06:11) INFO:    [ExtraGameInfo]:    Getting PCGamingWiki data for Stardew Valley
(22:06:11) INFO:    [ExtraGameInfo]:    Getting HowLongToBeat data for Stardew Valley
(22:06:11) INFO:    [ExtraGameInfo]:    Getting GamesDB data for Stardew Valley
(22:06:11) INFO:    [DownloadManager]:  Finished Installation of 1453375253
(22:06:11) INFO:    [DownloadManager]:  1453375253 added to download manager finished.
(22:06:11) INFO:    [DownloadManager]:  1453375253 removed from download manager.
(22:06:11) INFO:    [Frontend]:         Refreshing gog Library
(22:06:11) INFO:    [Gog]:              Running command: GOGDL_CONFIG_PATH=/home/strobelt/.config/heroic/gogdlConfig /opt/Heroic/resources/app.asar.unpacked/build/bin/x64/linux/gogdl --auth-config-path /home/strobelt/.config/heroic/gog_store/auth.json auth
(22:06:11) INFO:    [Backend]:          Stopping Power Saver Blocker
(22:06:11) INFO:    [Gog]:              Getting GOG library
(22:06:11) INFO:    [Gog]:              Running command: GOGDL_CONFIG_PATH=/home/strobelt/.config/heroic/gogdlConfig /opt/Heroic/resources/app.asar.unpacked/build/bin/x64/linux/gogdl --auth-config-path /home/strobelt/.config/heroic/gog_store/auth.json auth
(22:06:12) ERROR:   [ExtraGameInfo]:    Got AxiosError when sending HowLongToBeat request for Stardew Valley: {
  "message": "Request failed with status code 404",
  "name": "Error",
  "stack": "Error: Request failed with status code 404\n    at createError (/opt/Heroic/resources/app.asar/node_modules/axios/lib/core/createError.js:16:15)\n    at settle (/opt/Heroic/resources/app.asar/node_modules/axios/lib/core/settle.js:17:12)\n    at IncomingMessage.handleStreamEnd (/opt/Heroic/resources/app.asar/node_modules/axios/lib/adapters/http.js:322:11)\n    at IncomingMessage.emit (node:events:531:35)\n    at endReadableNT (node:internal/streams/readable:1696:12)\n    at processTicksAndRejections (node:internal/process/task_queues:82:21)",
  "config": {
    "transitional": {
      "silentJSONParsing": true,
      "forcedJSONParsing": true,
      "clarifyTimeoutError": false
    },
    "transformRequest": [
      null
    ],
    "transformResponse": [
      null
    ],
    "timeout": 0,
    "xsrfCookieName": "XSRF-TOKEN",
    "xsrfHeaderName": "X-XSRF-TOKEN",
    "maxContentLength": -1,
    "maxBodyLength": -1,
    "headers": {
      "Accept": "*/*",
      "Content-Type": "application/json",
      "User-Agent": "HeroicGamesLauncher/2.15.1",
      "Referer": "https://howlongtobeat.com/",
      "Content-Length": 351
    },
    "method": "post",
    "url": "https://www.howlongtobeat.com/api/search",
    "data": "{\"searchType\":\"games\",\"searchTerms\":[\"Stardew\",\"Valley\"],\"searchPage\":1,\"size\":20,\"searchOptions\":{\"games\":{\"userId\":0,\"platform\":\"\",\"sortCategory\":\"popular\",\"rangeCategory\":\"main\",\"rangeTime\":{\"min\":0,\"max\":0},\"gameplay\":{\"perspective\":\"\",\"flow\":\"\",\"genre\":\"\"},\"modifier\":\"\"},\"users\":{\"sortCategory\":\"postcount\"},\"filter\":\"\",\"sort\":0,\"randomizer\":0}}"
  },
  "status": 404
}
(22:06:12) DEBUG:   [Backend]:          ProtonDB data for 413150 {"bestReportedTier":"platinum","confidence":"strong","score":0.93,"tier":"platinum","total":163,"trendingTier":"platinum"}
(22:06:12) DEBUG:   [Backend]:          SteamDeck data for 413150 {"success":1,"results":{"appid":413150,"resolved_category":3,"resolved_items":[{"display_type":4,"loc_token":"#SteamDeckVerified_TestResult_DefaultControllerConfigFullyFunctional"},{"display_type":4,"loc_token":"#SteamDeckVerified_TestResult_ControllerGlyphsMatchDeckDevice"},{"display_type":4,"loc_token":"#SteamDeckVerified_TestResult_InterfaceTextIsLegible"},{"display_type":4,"loc_token":"#SteamDeckVerified_TestResult_DefaultConfigurationIsPerformant"}],"steam_deck_blog_url":"","search_id":null}}
(22:06:12) INFO:    [Shortcuts]:        Prepare Steam images for Stardew Valley
(22:06:12) INFO:    [Shortcuts]:        Stardew Valley was successfully added to Steam.
(22:06:13) INFO:    [Gog]:              Saved games data
(22:06:13) INFO:    [DownloadManager]:  Downloader: Finished downloading https://cdn.cloudflare.steamstatic.com/steam/apps/413150/library_hero.jpg
(22:06:13) INFO:    [DownloadManager]:  Downloader: Finished downloading https://cdn.cloudflare.steamstatic.com/steam/apps/413150/library_hero.jpg
(22:06:14) INFO:    [DownloadManager]:  Downloader: Finished downloading https://cdn.cloudflare.steamstatic.com/steam/apps/413150/logo.png
(22:06:14) INFO:    [DownloadManager]:  Downloader: Finished downloading https://cdn.cloudflare.steamstatic.com/steam/apps/413150/library_600x900_2x.jpg
(22:06:26) INFO:    [Backend]:          Launching Gloomhaven (2102122491)
(22:06:26) INFO:    [Backend]:          Preventing display from sleep
(22:06:26) INFO:    [Backend]:          Checking if wine version exists: Default Wine - Not Found
(22:06:26) ERROR:   [Backend]:          Wine version Default Wine - Not Found is not valid, trying another one.
(22:06:26) INFO:    [Backend]:          Checking if wine version exists: Default Wine - Not Found
(22:06:26) INFO:    [Backend]:          Checking if wine version exists: Proton - Proton - Experimental
(22:06:26) INFO:    [Backend]:          Preventing machine to sleep
(22:06:32) INFO:    [Backend]:          Changing wine version to Proton - Proton - Experimental
(22:06:32) INFO:    [Backend]:          2102122491: Setting wineVersion to {"bin":"/home/strobelt/.local/share/Steam/steamapps/common/Proton - Experimental/proton","name":"Proton - Proton - Experimental","type":"proton"}
(22:06:32) INFO:    [Gog]:              Running command: GOGDL_CONFIG_PATH=/home/strobelt/.config/heroic/gogdlConfig /opt/Heroic/resources/app.asar.unpacked/build/bin/x64/linux/gogdl --auth-config-path /home/strobelt/.config/heroic/gog_store/auth.json auth
(22:06:32) INFO:    [Backend]:          Checking if wine version exists: Proton - Proton - Experimental
(22:06:32) INFO:    [Backend]:          Checking if wine version exists: Proton - Proton - Experimental
(22:06:32) INFO:    [Backend]:          Checking if wine version exists: Proton - Proton - Experimental
(22:06:32) DEBUG:   [Backend]:          Running Wine command: run wineboot --init
(22:06:33) INFO:    [Gog]:              GOG presence set
(22:06:35) INFO:    [Backend]:          Created/Updated Wineprefix at /home/strobelt/Games/Heroic/Prefixes/default/Gloomhaven
(22:06:35) INFO:    [Backend]:          Checking if wine version exists: Proton - Proton - Experimental
(22:06:35) INFO:    [Backend]:          Checking if wine version exists: Proton - Proton - Experimental
(22:06:35) INFO:    [Backend]:          Checking if wine version exists: Proton - Proton - Experimental
(22:06:35) DEBUG:   [Backend]:          Running Wine command: run wineboot --init
(22:06:36) INFO:    [Backend]:          Checking if wine version exists: Proton - Proton - Experimental
(22:06:36) DEBUG:   [Backend]:          Running Wine command: runinprefix cmd /c winepath -w /home/strobelt/.config/heroic/gogdlConfig/heroic_gogdl/gog-support/2102122491
(22:06:37) INFO:    [Backend]:          Checking if wine version exists: Proton - Proton - Experimental
(22:06:37) DEBUG:   [Backend]:          Running Wine command: runinprefix cmd /c winepath -w /home/strobelt/Games/Heroic/Gloomhaven
(22:06:37) INFO:    [Backend]:          Checking if wine version exists: Proton - Proton - Experimental
(22:06:37) DEBUG:   [Backend]:          Running Wine command: run /home/strobelt/.config/heroic/tools/redist/gog/__redist/ISI/scriptinterpreter.exe /VERYSILENT /DIR=Z:\home\strobelt\Games\Heroic\Gloomhaven /Language=English /LANG=English /ProductId=2102122491 /galaxyclient /buildId=57191771427622656 /versionName=1.1.8307.0 /lang-code=en-US /supportDir=Z:\home\strobelt\.config\heroic\gogdlConfig\heroic_gogdl\gog-support\2102122491 /nodesktopshorctut /nodesktopshortcut
(22:09:00) INFO:    [ExtraGameInfo]:    Using cached ExtraGameInfo data for Gloomhaven
(22:09:00) INFO:    [Gog]:              Running command: GOGDL_CONFIG_PATH=/home/strobelt/.config/heroic/gogdlConfig /opt/Heroic/resources/app.asar.unpacked/build/bin/x64/linux/gogdl --auth-config-path /home/strobelt/.config/heroic/gog_store/auth.json auth
(22:09:00) INFO:    [ExtraGameInfo]:    Using cached ExtraGameInfo data for Gloomhaven
(22:09:00) INFO:    [Gog]:              Got install info from cache for 2102122491 on windows platform
(22:09:00) INFO:    [Gog]:              Got install info from cache for 2102122491 on windows platform
(22:09:42) INFO:    [ExtraGameInfo]:    Using cached ExtraGameInfo data for Gloomhaven
(22:09:42) INFO:    [Gog]:              Running command: GOGDL_CONFIG_PATH=/home/strobelt/.config/heroic/gogdlConfig /opt/Heroic/resources/app.asar.unpacked/build/bin/x64/linux/gogdl --auth-config-path /home/strobelt/.config/heroic/gog_store/auth.json auth
(22:09:42) INFO:    [ExtraGameInfo]:    Using cached ExtraGameInfo data for Gloomhaven
(22:09:42) INFO:    [Gog]:              Got install info from cache for 2102122491 on windows platform
(22:09:42) INFO:    [Gog]:              Got install info from cache for 2102122491 on windows platform
(22:10:50) INFO:    [Gog]:              Running command: GOGDL_CONFIG_PATH=/home/strobelt/.config/heroic/gogdlConfig /opt/Heroic/resources/app.asar.unpacked/build/bin/x64/linux/gogdl --auth-config-path /home/strobelt/.config/heroic/gog_store/auth.json auth
