[11/08/2024, 21:29:52] GOGDL_CONFIG_PATH=/home/strobelt/.config/heroic/gogdlConfig /opt/Heroic/resources/app.asar.unpacked/build/bin/x64/linux/gogdl --auth-config-path /home/strobelt/.config/heroic/gog_store/auth.json auth
null
[11/08/2024, 21:29:52] GOGDL_CONFIG_PATH=/home/strobelt/.config/heroic/gogdlConfig /opt/Heroic/resources/app.asar.unpacked/build/bin/x64/linux/gogdl --auth-config-path /home/strobelt/.config/heroic/gog_store/auth.json --version
1.1.1
[11/08/2024, 21:31:05] GOGDL_CONFIG_PATH=/home/strobelt/.config/heroic/gogdlConfig /opt/Heroic/resources/app.asar.unpacked/build/bin/x64/linux/gogdl --auth-config-path /home/strobelt/.config/heroic/gog_store/auth.json auth --code <redacted>
{"access_token":"<redacted>","expires_in":3600,"token_type":"bearer","scope":"","session_id":"<redacted>","refresh_token":"<redacted>","user_id":"<redacted>","loginTime":1723422666.301182}
[11/08/2024, 21:31:06] GOGDL_CONFIG_PATH=/home/strobelt/.config/heroic/gogdlConfig /opt/Heroic/resources/app.asar.unpacked/build/bin/x64/linux/gogdl --auth-config-path /home/strobelt/.config/heroic/gog_store/auth.json auth
{"access_token":"<redacted>","expires_in":3600,"token_type":"bearer","scope":"","session_id":"<redacted>","refresh_token":"<redacted>","user_id":"<redacted>","loginTime":1723422666.301182}
[11/08/2024, 21:31:07] GOGDL_CONFIG_PATH=/home/strobelt/.config/heroic/gogdlConfig /opt/Heroic/resources/app.asar.unpacked/build/bin/x64/linux/gogdl --auth-config-path /home/strobelt/.config/heroic/gog_store/auth.json auth
{"access_token":"<redacted>","expires_in":3600,"token_type":"bearer","scope":"","session_id":"<redacted>","refresh_token":"<redacted>","user_id":"<redacted>","loginTime":1723422666.301182}
[11/08/2024, 21:31:08] GOGDL_CONFIG_PATH=/home/strobelt/.config/heroic/gogdlConfig /opt/Heroic/resources/app.asar.unpacked/build/bin/x64/linux/gogdl --auth-config-path /home/strobelt/.config/heroic/gog_store/auth.json auth
{"access_token":"<redacted>","expires_in":3600,"token_type":"bearer","scope":"","session_id":"<redacted>","refresh_token":"<redacted>","user_id":"<redacted>","loginTime":1723422666.301182}
[11/08/2024, 21:31:17] GOGDL_CONFIG_PATH=/home/strobelt/.config/heroic/gogdlConfig /opt/Heroic/resources/app.asar.unpacked/build/bin/x64/linux/gogdl --auth-config-path /home/strobelt/.config/heroic/gog_store/auth.json auth
{"access_token":"<redacted>","expires_in":3600,"token_type":"bearer","scope":"","session_id":"<redacted>","refresh_token":"<redacted>","user_id":"<redacted>","loginTime":1723422666.301182}
[11/08/2024, 21:31:18] GOGDL_CONFIG_PATH=/home/strobelt/.config/heroic/gogdlConfig /opt/Heroic/resources/app.asar.unpacked/build/bin/x64/linux/gogdl --auth-config-path /home/strobelt/.config/heroic/gog_store/auth.json auth
{"access_token":"<redacted>","expires_in":3600,"token_type":"bearer","scope":"","session_id":"<redacted>","refresh_token":"<redacted>","user_id":"<redacted>","loginTime":1723422666.301182}
[11/08/2024, 21:31:28] GOGDL_CONFIG_PATH=/home/strobelt/.config/heroic/gogdlConfig /opt/Heroic/resources/app.asar.unpacked/build/bin/x64/linux/gogdl --auth-config-path /home/strobelt/.config/heroic/gog_store/auth.json auth
{"access_token":"<redacted>","expires_in":3600,"token_type":"bearer","scope":"","session_id":"<redacted>","refresh_token":"<redacted>","user_id":"<redacted>","loginTime":1723422666.301182}
[11/08/2024, 21:31:28] GOGDL_CONFIG_PATH=/home/strobelt/.config/heroic/gogdlConfig /opt/Heroic/resources/app.asar.unpacked/build/bin/x64/linux/gogdl --auth-config-path /home/strobelt/.config/heroic/gog_store/auth.json info 2102122491 --os windows
[GENERIC DOWNLOAD_MANAGER] INFO: Depot version: 2
[V2] INFO: Initialized V2 Download Manager
[API] INFO: Getting Dependencies repository
{"size": {"*": {"download_size": 44, "disk_size": 38}, "en-US": {"download_size": 15557143366, "disk_size": 17802454304}}, "dlcs": [{"title": "Gloomhaven - Jaws of the Lion Expansion", "id": "1938055224", "size": {"*": {"download_size": 0, "disk_size": 0}, "en-US": {"download_size": 289, "disk_size": 458}}}, {"title": "Gloomhaven - Solo Scenarios Pack: Mercenary Challenges", "id": "1855458475", "size": {"*": {"download_size": 0, "disk_size": 0}, "en-US": {"download_size": 299, "disk_size": 473}}}, {"title": "Gloomhaven - Jaws of the Lion Alternative Skins", "id": "1590284319", "size": {"*": {"download_size": 0, "disk_size": 0}, "en-US": {"download_size": 296, "disk_size": 466}}}], "buildId": "57191771427622656", "languages": ["en-US"], "folder_name": "Gloomhaven", "dependencies": ["DirectX", "MSVC2019_x64", "MSVC2017_x64", "MSVC2015_x64", "dotNet47"], "versionEtag": "\"3675210829\"", "versionName": "1.1.8307.0", "available_branches": [null, "v28009"], "builds": {"total_count": 414, "count": 6, "items": [{"build_id": "57191771427622656", "product_id": "2102122491", "os": "windows", "branch": null, "version_name": "1.1.8307.0", "tags": ["receiver_v2", "csb_10_6_1_w_147"], "public": true, "date_published": "2024-01-05T09:42:36+0000", "generation": 2, "link": "https://gog-cdn-fastly.gog.com/content-system/v2/meta/bd/13/bd13f6c1c2f8632dd5220271c11d74fa"}, {"build_id": "57065168868288629", "product_id": "2102122491", "os": "windows", "branch": null, "version_name": "1.1.7967.0", "tags": ["receiver_v2", "csb_10_6_1_w_147"], "public": true, "date_published": "2023-11-22T17:38:21+0000", "generation": 2, "link": "https://gog-cdn-fastly.gog.com/content-system/v2/meta/92/25/9225edc2a0273dc31df8552e5c36031d"}, {"build_id": "57061144939357527", "product_id": "2102122491", "os": "windows", "branch": null, "version_name": "1.1.7944.0", "tags": ["receiver_v2", "csb_10_6_1_w_147"], "public": true, "date_published": "2023-11-21T08:19:31+0000", "generation": 2, "link": "https://gog-cdn-fastly.gog.com/content-system/v2/meta/83/25/8325e8c505258773a6cac96d04792152"}, {"build_id": "56997323872787873", "product_id": "2102122491", "os": "windows", "branch": null, "version_name": "1.1.7560.0", "tags": ["receiver_v2", "csb_10_6_1_w_147"], "public": true, "date_published": "2023-10-30T07:59:22+0000", "generation": 2, "link": "https://gog-cdn-fastly.gog.com/content-system/v2/meta/09/74/097426416f37b2cd0ca4a6daea1c580a"}, {"build_id": "56959812150710874", "product_id": "2102122491", "os": "windows", "branch": null, "version_name": "1.1.7413.0", "tags": ["receiver_v2", "csb_10_6_1_w_147"], "public": true, "date_published": "2023-10-17T09:26:58+0000", "generation": 2, "link": "https://gog-cdn-fastly.gog.com/content-system/v2/meta/9d/4b/9d4bc156e714056e607f2eec73c0502f"}, {"build_id": "55820513285673966", "product_id": "2102122491", "os": "windows", "branch": "v28009", "version_name": "1.0.10700.28009", "tags": ["csb_10_6_1_w_147"], "public": true, "date_published": "2022-09-19T09:56:29+0000", "generation": 2, "link": "https://gog-cdn-fastly.gog.com/content-system/v2/meta/ae/62/ae62d05e4c0cec7addcc20e379c5b4bf"}], "has_private_branches": true}}
[11/08/2024, 21:31:36] GOGDL_CONFIG_PATH=/home/strobelt/.config/heroic/gogdlConfig /opt/Heroic/resources/app.asar.unpacked/build/bin/x64/linux/gogdl --auth-config-path /home/strobelt/.config/heroic/gog_store/auth.json redist --ids ISI,DirectX,MSVC2019_x64,MSVC2017_x64,MSVC2015_x64,dotNet47 --path /home/strobelt/.config/heroic/tools/redist/gog
[API] INFO: Getting Dependencies repository
(186.5495023727417, 'MB') 195611331
(237.57841777801514, 'MB') 249119027
[PROGRESS] INFO: = Progress: 0.00 0/249119027, Running for: 00:00:00, ETA: 00:00:00
[PROGRESS] INFO: = Downloaded: 0.00 MiB, Written: 0.00 MiB
[PROGRESS] INFO:  + Download	- 0.00 MiB/s (raw) / 0.00 MiB/s (decompressed)
[PROGRESS] INFO:  + Disk	- 0.00 MiB/s (write) / 0.00 MiB/s (read)
[PROGRESS] INFO: = Progress: 0.00 0/249119027, Running for: 00:00:01, ETA: 00:00:00
[PROGRESS] INFO: = Downloaded: 2.21 MiB, Written: 0.00 MiB
[PROGRESS] INFO:  + Download	- 0.01 MiB/s (raw) / 0.02 MiB/s (decompressed)
[PROGRESS] INFO:  + Disk	- 0.81 MiB/s (write) / 0.00 MiB/s (read)
[PROGRESS] INFO: = Progress: 0.50 1253424/249119027, Running for: 00:00:02, ETA: 00:07:28
[PROGRESS] INFO: = Downloaded: 24.02 MiB, Written: 1.20 MiB
[PROGRESS] INFO:  + Download	- 0.27 MiB/s (raw) / 0.27 MiB/s (decompressed)
[PROGRESS] INFO:  + Disk	- 0.19 MiB/s (write) / 0.00 MiB/s (read)
[PROGRESS] INFO: = Progress: 0.50 1253424/249119027, Running for: 00:00:03, ETA: 00:10:46
[PROGRESS] INFO: = Downloaded: 39.50 MiB, Written: 1.20 MiB
[PROGRESS] INFO:  + Download	- 0.26 MiB/s (raw) / 0.26 MiB/s (decompressed)
[PROGRESS] INFO:  + Disk	- 0.00 MiB/s (write) / 0.00 MiB/s (read)
[PROGRESS] INFO: = Progress: 0.50 1253424/249119027, Running for: 00:00:04, ETA: 00:14:04
[PROGRESS] INFO: = Downloaded: 39.50 MiB, Written: 1.20 MiB
[PROGRESS] INFO:  + Download	- 0.26 MiB/s (raw) / 0.26 MiB/s (decompressed)
[PROGRESS] INFO:  + Disk	- 0.00 MiB/s (write) / 0.00 MiB/s (read)
[PROGRESS] INFO: = Progress: 0.50 1253424/249119027, Running for: 00:00:05, ETA: 00:17:22
[PROGRESS] INFO: = Downloaded: 39.50 MiB, Written: 1.20 MiB
[PROGRESS] INFO:  + Download	- 0.09 MiB/s (raw) / 0.09 MiB/s (decompressed)
[PROGRESS] INFO:  + Disk	- 0.00 MiB/s (write) / 0.00 MiB/s (read)
[PROGRESS] INFO: = Progress: 0.50 1253424/249119027, Running for: 00:00:06, ETA: 00:20:40
[PROGRESS] INFO: = Downloaded: 39.59 MiB, Written: 1.20 MiB
[PROGRESS] INFO:  + Download	- 0.17 MiB/s (raw) / 0.17 MiB/s (decompressed)
[PROGRESS] INFO:  + Disk	- 0.00 MiB/s (write) / 0.00 MiB/s (read)
[PROGRESS] INFO: = Progress: 0.50 1253424/249119027, Running for: 00:00:07, ETA: 00:23:58
[PROGRESS] INFO: = Downloaded: 39.59 MiB, Written: 1.20 MiB
[PROGRESS] INFO:  + Download	- 0.50 MiB/s (raw) / 0.58 MiB/s (decompressed)
[PROGRESS] INFO:  + Disk	- 0.00 MiB/s (write) / 0.00 MiB/s (read)
[PROGRESS] INFO: = Progress: 0.50 1253424/249119027, Running for: 00:00:08, ETA: 00:27:16
[PROGRESS] INFO: = Downloaded: 39.59 MiB, Written: 1.20 MiB
[PROGRESS] INFO:  + Download	- 0.04 MiB/s (raw) / 0.04 MiB/s (decompressed)
[PROGRESS] INFO:  + Disk	- 0.00 MiB/s (write) / 0.00 MiB/s (read)
[PROGRESS] INFO: = Progress: 18.00 44850235/249119027, Running for: 00:00:09, ETA: 00:00:45
[PROGRESS] INFO: = Downloaded: 57.14 MiB, Written: 42.77 MiB
[PROGRESS] INFO:  + Download	- 18.04 MiB/s (raw) / 18.91 MiB/s (decompressed)
[PROGRESS] INFO:  + Disk	- 24.86 MiB/s (write) / 0.00 MiB/s (read)
[PROGRESS] INFO: = Progress: 18.00 44850235/249119027, Running for: 00:00:10, ETA: 00:00:49
[PROGRESS] INFO: = Downloaded: 70.31 MiB, Written: 42.77 MiB
[PROGRESS] INFO:  + Download	- 0.50 MiB/s (raw) / 0.50 MiB/s (decompressed)
[PROGRESS] INFO:  + Disk	- 0.00 MiB/s (write) / 0.00 MiB/s (read)
[PROGRESS] INFO: = Progress: 18.00 44850235/249119027, Running for: 00:00:11, ETA: 00:00:54
[PROGRESS] INFO: = Downloaded: 79.58 MiB, Written: 42.77 MiB
[PROGRESS] INFO:  + Download	- 0.50 MiB/s (raw) / 0.50 MiB/s (decompressed)
[PROGRESS] INFO:  + Disk	- 0.00 MiB/s (write) / 0.00 MiB/s (read)
[PROGRESS] INFO: = Progress: 26.07 64955377/249119027, Running for: 00:00:13, ETA: 00:00:36
[PROGRESS] INFO: = Downloaded: 96.07 MiB, Written: 61.95 MiB
[PROGRESS] INFO:  + Download	- 10.97 MiB/s (raw) / 11.03 MiB/s (decompressed)
[PROGRESS] INFO:  + Disk	- 17.80 MiB/s (write) / 0.00 MiB/s (read)
[PROGRESS] INFO: = Progress: 41.82 104184379/249119027, Running for: 00:00:14, ETA: 00:00:20
[PROGRESS] INFO: = Downloaded: 127.10 MiB, Written: 99.36 MiB
[PROGRESS] INFO:  + Download	- 15.28 MiB/s (raw) / 15.37 MiB/s (decompressed)
[PROGRESS] INFO:  + Disk	- 21.93 MiB/s (write) / 0.00 MiB/s (read)
[PROGRESS] INFO: = Progress: 41.82 104184379/249119027, Running for: 00:00:15, ETA: 00:00:21
[PROGRESS] INFO: = Downloaded: 127.10 MiB, Written: 99.36 MiB
[PROGRESS] INFO:  + Download	- 0.13 MiB/s (raw) / 0.13 MiB/s (decompressed)
[PROGRESS] INFO:  + Disk	- 0.00 MiB/s (write) / 0.00 MiB/s (read)
[PROGRESS] INFO: = Progress: 41.82 104184379/249119027, Running for: 00:00:16, ETA: 00:00:23
[PROGRESS] INFO: = Downloaded: 142.64 MiB, Written: 99.36 MiB
[PROGRESS] INFO:  + Download	- 0.50 MiB/s (raw) / 0.50 MiB/s (decompressed)
[PROGRESS] INFO:  + Disk	- 0.00 MiB/s (write) / 0.00 MiB/s (read)
[PROGRESS] INFO: = Progress: 41.82 104184379/249119027, Running for: 00:00:17, ETA: 00:00:24
[PROGRESS] INFO: = Downloaded: 142.64 MiB, Written: 99.36 MiB
[PROGRESS] INFO:  + Download	- 0.50 MiB/s (raw) / 0.50 MiB/s (decompressed)
[PROGRESS] INFO:  + Disk	- 0.00 MiB/s (write) / 0.00 MiB/s (read)
[PROGRESS] INFO: = Progress: 41.82 104184379/249119027, Running for: 00:00:18, ETA: 00:00:26
[PROGRESS] INFO: = Downloaded: 142.64 MiB, Written: 99.36 MiB
[PROGRESS] INFO:  + Download	- 0.04 MiB/s (raw) / 0.04 MiB/s (decompressed)
[PROGRESS] INFO:  + Disk	- 0.00 MiB/s (write) / 0.00 MiB/s (read)
[PROGRESS] INFO: = Progress: 41.82 104184379/249119027, Running for: 00:00:19, ETA: 00:00:27
[PROGRESS] INFO: = Downloaded: 142.64 MiB, Written: 99.36 MiB
[PROGRESS] INFO:  + Download	- 0.22 MiB/s (raw) / 0.22 MiB/s (decompressed)
[PROGRESS] INFO:  + Disk	- 0.00 MiB/s (write) / 0.00 MiB/s (read)
[PROGRESS] INFO: = Progress: 41.82 104184379/249119027, Running for: 00:00:20, ETA: 00:00:28
[PROGRESS] INFO: = Downloaded: 142.64 MiB, Written: 99.36 MiB
[PROGRESS] INFO:  + Download	- 0.50 MiB/s (raw) / 0.50 MiB/s (decompressed)
[PROGRESS] INFO:  + Disk	- 0.00 MiB/s (write) / 0.00 MiB/s (read)
[PROGRESS] INFO: = Progress: 41.82 104184379/249119027, Running for: 00:00:21, ETA: 00:00:30
[PROGRESS] INFO: = Downloaded: 142.64 MiB, Written: 99.36 MiB
[PROGRESS] INFO:  + Download	- 0.50 MiB/s (raw) / 0.50 MiB/s (decompressed)
[PROGRESS] INFO:  + Disk	- 0.00 MiB/s (write) / 0.00 MiB/s (read)
[PROGRESS] INFO: = Progress: 41.82 104184379/249119027, Running for: 00:00:22, ETA: 00:00:31
[PROGRESS] INFO: = Downloaded: 142.64 MiB, Written: 99.36 MiB
[PROGRESS] INFO:  + Download	- 0.18 MiB/s (raw) / 0.19 MiB/s (decompressed)
[PROGRESS] INFO:  + Disk	- 0.00 MiB/s (write) / 0.00 MiB/s (read)
[PROGRESS] INFO: = Progress: 41.82 104184379/249119027, Running for: 00:00:23, ETA: 00:00:33
[PROGRESS] INFO: = Downloaded: 142.64 MiB, Written: 99.36 MiB
[PROGRESS] INFO:  + Download	- 0.50 MiB/s (raw) / 0.50 MiB/s (decompressed)
[PROGRESS] INFO:  + Disk	- 0.00 MiB/s (write) / 0.00 MiB/s (read)
[PROGRESS] INFO: = Progress: 54.45 135641659/249119027, Running for: 00:00:25, ETA: 00:00:21
[PROGRESS] INFO: = Downloaded: 152.56 MiB, Written: 129.36 MiB
[PROGRESS] INFO:  + Download	- 6.02 MiB/s (raw) / 6.28 MiB/s (decompressed)
[PROGRESS] INFO:  + Disk	- 18.12 MiB/s (write) / 0.00 MiB/s (read)
[PROGRESS] INFO: = Progress: 54.45 135641659/249119027, Running for: 00:00:26, ETA: 00:00:22
[PROGRESS] INFO: = Downloaded: 152.56 MiB, Written: 129.36 MiB
[PROGRESS] INFO:  + Download	- 0.50 MiB/s (raw) / 0.50 MiB/s (decompressed)
[PROGRESS] INFO:  + Disk	- 0.00 MiB/s (write) / 0.00 MiB/s (read)
[PROGRESS] INFO: = Progress: 54.45 135641659/249119027, Running for: 00:00:27, ETA: 00:00:22
[PROGRESS] INFO: = Downloaded: 152.56 MiB, Written: 129.36 MiB
[PROGRESS] INFO:  + Download	- 0.50 MiB/s (raw) / 0.50 MiB/s (decompressed)
[PROGRESS] INFO:  + Disk	- 0.00 MiB/s (write) / 0.00 MiB/s (read)
[PROGRESS] INFO: = Progress: 54.45 135641659/249119027, Running for: 00:00:28, ETA: 00:00:23
[PROGRESS] INFO: = Downloaded: 152.56 MiB, Written: 129.36 MiB
[PROGRESS] INFO:  + Download	- 0.30 MiB/s (raw) / 0.30 MiB/s (decompressed)
[PROGRESS] INFO:  + Disk	- 0.00 MiB/s (write) / 0.00 MiB/s (read)
[PROGRESS] INFO: = Progress: 54.45 135641659/249119027, Running for: 00:00:29, ETA: 00:00:24
[PROGRESS] INFO: = Downloaded: 152.56 MiB, Written: 129.36 MiB
[PROGRESS] INFO:  + Download	- 0.50 MiB/s (raw) / 0.50 MiB/s (decompressed)
[PROGRESS] INFO:  + Disk	- 0.00 MiB/s (write) / 0.00 MiB/s (read)
[PROGRESS] INFO: = Progress: 54.45 135641659/249119027, Running for: 00:00:30, ETA: 00:00:25
[PROGRESS] INFO: = Downloaded: 152.56 MiB, Written: 129.36 MiB
[PROGRESS] INFO:  + Download	- 0.50 MiB/s (raw) / 0.50 MiB/s (decompressed)
[PROGRESS] INFO:  + Disk	- 0.00 MiB/s (write) / 0.00 MiB/s (read)
[PROGRESS] INFO: = Progress: 54.45 135641659/249119027, Running for: 00:00:31, ETA: 00:00:26
[PROGRESS] INFO: = Downloaded: 152.56 MiB, Written: 129.36 MiB
[PROGRESS] INFO:  + Download	- 0.37 MiB/s (raw) / 0.38 MiB/s (decompressed)
[PROGRESS] INFO:  + Disk	- 0.00 MiB/s (write) / 0.00 MiB/s (read)
[PROGRESS] INFO: = Progress: 54.45 135641659/249119027, Running for: 00:00:32, ETA: 00:00:27
[PROGRESS] INFO: = Downloaded: 152.56 MiB, Written: 129.36 MiB
[PROGRESS] INFO:  + Download	- 0.22 MiB/s (raw) / 0.22 MiB/s (decompressed)
[PROGRESS] INFO:  + Disk	- 0.00 MiB/s (write) / 0.00 MiB/s (read)
[PROGRESS] INFO: = Progress: 54.45 135641659/249119027, Running for: 00:00:33, ETA: 00:00:27
[PROGRESS] INFO: = Downloaded: 152.56 MiB, Written: 129.36 MiB
[PROGRESS] INFO:  + Download	- 0.49 MiB/s (raw) / 0.49 MiB/s (decompressed)
[PROGRESS] INFO:  + Disk	- 0.00 MiB/s (write) / 0.00 MiB/s (read)
[PROGRESS] INFO: = Progress: 54.45 135641659/249119027, Running for: 00:00:34, ETA: 00:00:28
[PROGRESS] INFO: = Downloaded: 152.56 MiB, Written: 129.36 MiB
[PROGRESS] INFO:  + Download	- 0.50 MiB/s (raw) / 0.50 MiB/s (decompressed)
[PROGRESS] INFO:  + Disk	- 0.00 MiB/s (write) / 0.00 MiB/s (read)
[PROGRESS] INFO: = Progress: 54.45 135641659/249119027, Running for: 00:00:35, ETA: 00:00:29
[PROGRESS] INFO: = Downloaded: 152.56 MiB, Written: 129.36 MiB
[PROGRESS] INFO:  + Download	- 0.26 MiB/s (raw) / 0.26 MiB/s (decompressed)
[PROGRESS] INFO:  + Disk	- 0.00 MiB/s (write) / 0.00 MiB/s (read)
[PROGRESS] INFO: = Progress: 54.45 135641659/249119027, Running for: 00:00:36, ETA: 00:00:30
[PROGRESS] INFO: = Downloaded: 152.56 MiB, Written: 129.36 MiB
[PROGRESS] INFO:  + Download	- 0.50 MiB/s (raw) / 0.50 MiB/s (decompressed)
[PROGRESS] INFO:  + Disk	- 0.00 MiB/s (write) / 0.00 MiB/s (read)
[PROGRESS] INFO: = Progress: 54.45 135641659/249119027, Running for: 00:00:37, ETA: 00:00:31
[PROGRESS] INFO: = Downloaded: 152.56 MiB, Written: 129.36 MiB
[PROGRESS] INFO:  + Download	- 0.03 MiB/s (raw) / 0.03 MiB/s (decompressed)
[PROGRESS] INFO:  + Disk	- 0.00 MiB/s (write) / 0.00 MiB/s (read)
[PROGRESS] INFO: = Progress: 54.45 135641659/249119027, Running for: 00:00:38, ETA: 00:00:32
[PROGRESS] INFO: = Downloaded: 152.56 MiB, Written: 129.36 MiB
[PROGRESS] INFO:  + Download	- 0.26 MiB/s (raw) / 0.26 MiB/s (decompressed)
[PROGRESS] INFO:  + Disk	- 0.00 MiB/s (write) / 0.00 MiB/s (read)
[PROGRESS] INFO: = Progress: 54.45 135641659/249119027, Running for: 00:00:39, ETA: 00:00:32
[PROGRESS] INFO: = Downloaded: 152.56 MiB, Written: 129.36 MiB
[PROGRESS] INFO:  + Download	- 0.50 MiB/s (raw) / 0.50 MiB/s (decompressed)
[PROGRESS] INFO:  + Disk	- 0.00 MiB/s (write) / 0.00 MiB/s (read)
[PROGRESS] INFO: = Progress: 54.45 135641659/249119027, Running for: 00:00:40, ETA: 00:00:33
[PROGRESS] INFO: = Downloaded: 152.56 MiB, Written: 129.36 MiB
[PROGRESS] INFO:  + Download	- 0.28 MiB/s (raw) / 0.28 MiB/s (decompressed)
[PROGRESS] INFO:  + Disk	- 0.00 MiB/s (write) / 0.00 MiB/s (read)
[PROGRESS] INFO: = Progress: 54.45 135641659/249119027, Running for: 00:00:41, ETA: 00:00:34
[PROGRESS] INFO: = Downloaded: 152.56 MiB, Written: 129.36 MiB
[PROGRESS] INFO:  + Download	- 0.50 MiB/s (raw) / 0.50 MiB/s (decompressed)
[PROGRESS] INFO:  + Disk	- 0.00 MiB/s (write) / 0.00 MiB/s (read)
[PROGRESS] INFO: = Progress: 54.45 135641659/249119027, Running for: 00:00:42, ETA: 00:00:35
[PROGRESS] INFO: = Downloaded: 152.56 MiB, Written: 129.36 MiB
[PROGRESS] INFO:  + Download	- 0.12 MiB/s (raw) / 0.13 MiB/s (decompressed)
[PROGRESS] INFO:  + Disk	- 0.00 MiB/s (write) / 0.00 MiB/s (read)
[PROGRESS] INFO: = Progress: 54.45 135641659/249119027, Running for: 00:00:43, ETA: 00:00:36
[PROGRESS] INFO: = Downloaded: 152.56 MiB, Written: 129.36 MiB
[PROGRESS] INFO:  + Download	- 0.19 MiB/s (raw) / 0.19 MiB/s (decompressed)
[PROGRESS] INFO:  + Disk	- 0.00 MiB/s (write) / 0.00 MiB/s (read)
[PROGRESS] INFO: = Progress: 54.45 135641659/249119027, Running for: 00:00:44, ETA: 00:00:37
[PROGRESS] INFO: = Downloaded: 152.56 MiB, Written: 129.36 MiB
[PROGRESS] INFO:  + Download	- 0.50 MiB/s (raw) / 0.50 MiB/s (decompressed)
[PROGRESS] INFO:  + Disk	- 0.00 MiB/s (write) / 0.00 MiB/s (read)
[PROGRESS] INFO: = Progress: 54.45 135641659/249119027, Running for: 00:00:45, ETA: 00:00:38
[PROGRESS] INFO: = Downloaded: 152.56 MiB, Written: 129.36 MiB
[PROGRESS] INFO:  + Download	- 0.50 MiB/s (raw) / 0.50 MiB/s (decompressed)
[PROGRESS] INFO:  + Disk	- 0.00 MiB/s (write) / 0.00 MiB/s (read)
[PROGRESS] INFO: = Progress: 54.45 135641659/249119027, Running for: 00:00:46, ETA: 00:00:38
[PROGRESS] INFO: = Downloaded: 152.56 MiB, Written: 129.36 MiB
[PROGRESS] INFO:  + Download	- 0.50 MiB/s (raw) / 0.50 MiB/s (decompressed)
[PROGRESS] INFO:  + Disk	- 0.00 MiB/s (write) / 0.00 MiB/s (read)
[PROGRESS] INFO: = Progress: 69.42 172926491/249119027, Running for: 00:00:48, ETA: 00:00:21
[PROGRESS] INFO: = Downloaded: 162.56 MiB, Written: 164.92 MiB
[PROGRESS] INFO:  + Download	- 9.26 MiB/s (raw) / 9.33 MiB/s (decompressed)
[PROGRESS] INFO:  + Disk	- 20.76 MiB/s (write) / 0.00 MiB/s (read)
[PROGRESS] INFO: = Progress: 73.62 183412251/249119027, Running for: 00:00:49, ETA: 00:00:17
[PROGRESS] INFO: = Downloaded: 186.55 MiB, Written: 174.92 MiB
[PROGRESS] INFO:  + Download	- 4.68 MiB/s (raw) / 4.68 MiB/s (decompressed)
[PROGRESS] INFO:  + Disk	- 16.39 MiB/s (write) / 0.00 MiB/s (read)
[PROGRESS] INFO: = Progress: 100.00 249119027/249119027, Running for: 00:00:50, ETA: 00:00:00
[PROGRESS] INFO: = Downloaded: 186.55 MiB, Written: 237.58 MiB
[PROGRESS] INFO:  + Download	- 29.88 MiB/s (raw) / 29.89 MiB/s (decompressed)
[PROGRESS] INFO:  + Disk	- 73.06 MiB/s (write) / 46.64 MiB/s (read)
[11/08/2024, 21:32:29] GOGDL_CONFIG_PATH=/home/strobelt/.config/heroic/gogdlConfig /opt/Heroic/resources/app.asar.unpacked/build/bin/x64/linux/gogdl --auth-config-path /home/strobelt/.config/heroic/gog_store/auth.json auth
[11/08/2024, 21:32:29] GOGDL_CONFIG_PATH=/home/strobelt/.config/heroic/gogdlConfig /opt/Heroic/resources/app.asar.unpacked/build/bin/x64/linux/gogdl --auth-config-path /home/strobelt/.config/heroic/gog_store/auth.json auth
{"access_token":"<redacted>","expires_in":3600,"token_type":"bearer","scope":"","session_id":"<redacted>","refresh_token":"<redacted>","user_id":"<redacted>","loginTime":1723422666.301182}
[11/08/2024, 21:32:29] GOGDL_CONFIG_PATH=/home/strobelt/.config/heroic/gogdlConfig /opt/Heroic/resources/app.asar.unpacked/build/bin/x64/linux/gogdl --auth-config-path /home/strobelt/.config/heroic/gog_store/auth.json download 2102122491 --platform windows --path /home/strobelt/Games/Heroic --support /home/strobelt/.config/heroic/gogdlConfig/heroic_gogdl/gog-support/2102122491 --with-dlcs --dlcs 1938055224,1855458475,1590284319 --lang en-US
[11/08/2024, 21:32:29] GOGDL_CONFIG_PATH=/home/strobelt/.config/heroic/gogdlConfig /opt/Heroic/resources/app.asar.unpacked/build/bin/x64/linux/gogdl --auth-config-path /home/strobelt/.config/heroic/gog_store/auth.json auth
{"access_token":"<redacted>","expires_in":3600,"token_type":"bearer","scope":"","session_id":"<redacted>","refresh_token":"<redacted>","user_id":"<redacted>","loginTime":1723422666.301182}
[GENERIC DOWNLOAD_MANAGER] INFO: Depot version: 2
[V2] INFO: Initialized V2 Download Manager
[V2] INFO: Requested dlcs 1938055224,1855458475,1590284319
[V2] INFO: Owned dlcs [{'title': 'Gloomhaven - Jaws of the Lion Expansion', 'id': '1938055224'}, {'title': 'Gloomhaven - Solo Scenarios Pack: Mercenary Challenges', 'id': '1855458475'}, {'title': 'Gloomhaven - Jaws of the Lion Alternative Skins', 'id': '1590284319'}]
[11/08/2024, 21:32:31] GOGDL_CONFIG_PATH=/home/strobelt/.config/heroic/gogdlConfig /opt/Heroic/resources/app.asar.unpacked/build/bin/x64/linux/gogdl --auth-config-path /home/strobelt/.config/heroic/gog_store/auth.json auth
{"access_token":"<redacted>","expires_in":3600,"token_type":"bearer","scope":"","session_id":"<redacted>","refresh_token":"<redacted>","user_id":"<redacted>","loginTime":1723422666.301182}
[V2] INFO: Deleted: 0 New: 5263 Changed: 0
[API] INFO: Getting Dependencies repository
(14.485044189728796, 'GB') 15553197769
(16.57982891332358, 'GB') 17802455739
[PROGRESS] INFO: = Progress: 0.00 0/17802455739, Running for: 00:00:00, ETA: 00:00:00
[PROGRESS] INFO: = Downloaded: 0.00 MiB, Written: 0.00 MiB
[PROGRESS] INFO:  + Download	- 0.00 MiB/s (raw) / 0.00 MiB/s (decompressed)
[PROGRESS] INFO:  + Disk	- 0.00 MiB/s (write) / 0.00 MiB/s (read)
[PROGRESS] INFO: = Progress: 0.00 0/17802455739, Running for: 00:00:01, ETA: 00:00:00
[PROGRESS] INFO: = Downloaded: 1.20 MiB, Written: 0.00 MiB
[PROGRESS] INFO:  + Download	- 0.00 MiB/s (raw) / 0.00 MiB/s (decompressed)
[PROGRESS] INFO:  + Disk	- 0.83 MiB/s (write) / 0.00 MiB/s (read)
[PROGRESS] INFO: = Progress: 0.21 38271267/17802455739, Running for: 00:00:02, ETA: 00:17:34
[PROGRESS] INFO: = Downloaded: 18.35 MiB, Written: 36.50 MiB
[PROGRESS] INFO:  + Download	- 15.68 MiB/s (raw) / 47.54 MiB/s (decompressed)
[PROGRESS] INFO:  + Disk	- 33.69 MiB/s (write) / 0.00 MiB/s (read)
[PROGRESS] INFO: = Progress: 0.52 92830235/17802455739, Running for: 00:00:03, ETA: 00:10:27
[PROGRESS] INFO: = Downloaded: 34.38 MiB, Written: 88.53 MiB
[PROGRESS] INFO:  + Download	- 27.34 MiB/s (raw) / 87.35 MiB/s (decompressed)
[PROGRESS] INFO:  + Disk	- 51.13 MiB/s (write) / 0.06 MiB/s (read)
[PROGRESS] INFO: = Progress: 0.70 124513395/17802455739, Running for: 00:00:04, ETA: 00:11:46
[PROGRESS] INFO: = Downloaded: 69.00 MiB, Written: 118.75 MiB
[PROGRESS] INFO:  + Download	- 9.19 MiB/s (raw) / 23.77 MiB/s (decompressed)
[PROGRESS] INFO:  + Disk	- 17.97 MiB/s (write) / 0.00 MiB/s (read)
[PROGRESS] INFO: = Progress: 0.70 124513395/17802455739, Running for: 00:00:05, ETA: 00:14:08
[PROGRESS] INFO: = Downloaded: 69.00 MiB, Written: 118.75 MiB
[PROGRESS] INFO:  + Download	- 0.50 MiB/s (raw) / 1.82 MiB/s (decompressed)
[PROGRESS] INFO:  + Disk	- 0.00 MiB/s (write) / 0.00 MiB/s (read)
[PROGRESS] INFO: = Progress: 0.70 124513395/17802455739, Running for: 00:00:06, ETA: 00:16:30
[PROGRESS] INFO: = Downloaded: 98.43 MiB, Written: 118.75 MiB
[PROGRESS] INFO:  + Download	- 0.50 MiB/s (raw) / 0.60 MiB/s (decompressed)
[PROGRESS] INFO:  + Disk	- 0.00 MiB/s (write) / 0.00 MiB/s (read)
[PROGRESS] INFO: = Progress: 0.70 124513395/17802455739, Running for: 00:00:07, ETA: 00:18:52
[PROGRESS] INFO: = Downloaded: 116.94 MiB, Written: 118.75 MiB
[PROGRESS] INFO:  + Download	- 0.50 MiB/s (raw) / 1.66 MiB/s (decompressed)
[PROGRESS] INFO:  + Disk	- 0.00 MiB/s (write) / 0.00 MiB/s (read)
[PROGRESS] INFO: = Progress: 0.70 124513395/17802455739, Running for: 00:00:08, ETA: 00:21:14
[PROGRESS] INFO: = Downloaded: 116.94 MiB, Written: 118.75 MiB
[PROGRESS] INFO:  + Download	- 0.50 MiB/s (raw) / 0.60 MiB/s (decompressed)
[PROGRESS] INFO:  + Disk	- 0.00 MiB/s (write) / 0.00 MiB/s (read)
[PROGRESS] INFO: = Progress: 0.70 124513395/17802455739, Running for: 00:00:09, ETA: 00:23:37
[PROGRESS] INFO: = Downloaded: 123.96 MiB, Written: 118.75 MiB
[PROGRESS] INFO:  + Download	- 0.50 MiB/s (raw) / 0.60 MiB/s (decompressed)
[PROGRESS] INFO:  + Disk	- 0.00 MiB/s (write) / 0.00 MiB/s (read)
[PROGRESS] INFO: = Progress: 0.70 124513395/17802455739, Running for: 00:00:10, ETA: 00:25:59
[PROGRESS] INFO: = Downloaded: 131.30 MiB, Written: 118.75 MiB
[PROGRESS] INFO:  + Download	- 0.50 MiB/s (raw) / 0.98 MiB/s (decompressed)
[PROGRESS] INFO:  + Disk	- 0.00 MiB/s (write) / 0.00 MiB/s (read)
[PROGRESS] INFO: = Progress: 0.70 124513395/17802455739, Running for: 00:00:11, ETA: 00:28:21
[PROGRESS] INFO: = Downloaded: 139.08 MiB, Written: 118.75 MiB
[PROGRESS] INFO:  + Download	- 0.50 MiB/s (raw) / 0.87 MiB/s (decompressed)
[PROGRESS] INFO:  + Disk	- 0.00 MiB/s (write) / 0.00 MiB/s (read)
[PROGRESS] INFO: = Progress: 0.70 124513395/17802455739, Running for: 00:00:12, ETA: 00:30:43
[PROGRESS] INFO: = Downloaded: 139.08 MiB, Written: 118.75 MiB
[PROGRESS] INFO:  + Download	- 0.21 MiB/s (raw) / 0.25 MiB/s (decompressed)
[PROGRESS] INFO:  + Disk	- 0.00 MiB/s (write) / 0.00 MiB/s (read)
[PROGRESS] INFO: = Progress: 0.70 124513395/17802455739, Running for: 00:00:13, ETA: 00:33:06
[PROGRESS] INFO: = Downloaded: 139.08 MiB, Written: 118.75 MiB
[PROGRESS] INFO:  + Download	- 0.50 MiB/s (raw) / 1.51 MiB/s (decompressed)
[PROGRESS] INFO:  + Disk	- 0.00 MiB/s (write) / 0.00 MiB/s (read)
[PROGRESS] INFO: = Progress: 0.70 124513395/17802455739, Running for: 00:00:14, ETA: 00:35:28
[PROGRESS] INFO: = Downloaded: 146.50 MiB, Written: 118.75 MiB
[PROGRESS] INFO:  + Download	- 0.50 MiB/s (raw) / 1.44 MiB/s (decompressed)
[PROGRESS] INFO:  + Disk	- 0.00 MiB/s (write) / 0.00 MiB/s (read)
[PROGRESS] INFO: = Progress: 0.70 124513395/17802455739, Running for: 00:00:15, ETA: 00:37:50
[PROGRESS] INFO: = Downloaded: 152.77 MiB, Written: 118.75 MiB
[PROGRESS] INFO:  + Download	- 0.31 MiB/s (raw) / 1.78 MiB/s (decompressed)
[PROGRESS] INFO:  + Disk	- 0.00 MiB/s (write) / 0.00 MiB/s (read)
[PROGRESS] INFO: = Progress: 0.70 124513395/17802455739, Running for: 00:00:16, ETA: 00:40:12
[PROGRESS] INFO: = Downloaded: 152.77 MiB, Written: 118.75 MiB
[PROGRESS] INFO:  + Download	- 0.50 MiB/s (raw) / 0.70 MiB/s (decompressed)
[PROGRESS] INFO:  + Disk	- 0.00 MiB/s (write) / 0.00 MiB/s (read)
[PROGRESS] INFO: = Progress: 0.70 124513395/17802455739, Running for: 00:00:17, ETA: 00:42:35
[PROGRESS] INFO: = Downloaded: 173.16 MiB, Written: 118.75 MiB
[PROGRESS] INFO:  + Download	- 0.50 MiB/s (raw) / 0.82 MiB/s (decompressed)
[PROGRESS] INFO:  + Disk	- 0.00 MiB/s (write) / 0.00 MiB/s (read)
[PROGRESS] INFO: = Progress: 0.70 124513395/17802455739, Running for: 00:00:18, ETA: 00:44:57
[PROGRESS] INFO: = Downloaded: 173.16 MiB, Written: 118.75 MiB
[PROGRESS] INFO:  + Download	- 0.46 MiB/s (raw) / 0.66 MiB/s (decompressed)
[PROGRESS] INFO:  + Disk	- 0.00 MiB/s (write) / 0.00 MiB/s (read)
[PROGRESS] INFO: = Progress: 0.70 124513395/17802455739, Running for: 00:00:20, ETA: 00:47:19
[PROGRESS] INFO: = Downloaded: 173.16 MiB, Written: 118.75 MiB
[PROGRESS] INFO:  + Download	- 0.50 MiB/s (raw) / 1.73 MiB/s (decompressed)
[PROGRESS] INFO:  + Disk	- 0.00 MiB/s (write) / 0.00 MiB/s (read)
[PROGRESS] INFO: = Progress: 0.70 124513395/17802455739, Running for: 00:00:21, ETA: 00:49:41
[PROGRESS] INFO: = Downloaded: 173.16 MiB, Written: 118.75 MiB
[PROGRESS] INFO:  + Download	- 0.50 MiB/s (raw) / 0.78 MiB/s (decompressed)
[PROGRESS] INFO:  + Disk	- 0.00 MiB/s (write) / 0.00 MiB/s (read)
[PROGRESS] INFO: = Progress: 0.70 124513395/17802455739, Running for: 00:00:22, ETA: 00:52:04
[PROGRESS] INFO: = Downloaded: 180.23 MiB, Written: 118.75 MiB
[PROGRESS] INFO:  + Download	- 0.50 MiB/s (raw) / 1.41 MiB/s (decompressed)
[PROGRESS] INFO:  + Disk	- 0.00 MiB/s (write) / 0.00 MiB/s (read)
[PROGRESS] INFO: = Progress: 0.70 124513395/17802455739, Running for: 00:00:23, ETA: 00:54:26
[PROGRESS] INFO: = Downloaded: 187.11 MiB, Written: 118.75 MiB
[PROGRESS] INFO:  + Download	- 0.50 MiB/s (raw) / 1.74 MiB/s (decompressed)
[PROGRESS] INFO:  + Disk	- 0.00 MiB/s (write) / 0.00 MiB/s (read)
[PROGRESS] INFO: = Progress: 1.93 343780083/17802455739, Running for: 00:00:24, ETA: 00:21:08
[PROGRESS] INFO: = Downloaded: 198.23 MiB, Written: 327.85 MiB
[PROGRESS] INFO:  + Download	- 52.09 MiB/s (raw) / 85.53 MiB/s (decompressed)
[PROGRESS] INFO:  + Disk	- 106.52 MiB/s (write) / 0.00 MiB/s (read)
[PROGRESS] INFO: = Progress: 1.93 343780083/17802455739, Running for: 00:00:25, ETA: 00:21:59
[PROGRESS] INFO: = Downloaded: 198.23 MiB, Written: 327.85 MiB
[PROGRESS] INFO:  + Download	- 0.50 MiB/s (raw) / 0.53 MiB/s (decompressed)
[PROGRESS] INFO:  + Disk	- 0.00 MiB/s (write) / 0.00 MiB/s (read)
[PROGRESS] INFO: = Progress: 1.93 343780083/17802455739, Running for: 00:00:26, ETA: 00:22:49
[PROGRESS] INFO: = Downloaded: 205.57 MiB, Written: 327.85 MiB
[PROGRESS] INFO:  + Download	- 0.50 MiB/s (raw) / 0.78 MiB/s (decompressed)
[PROGRESS] INFO:  + Disk	- 0.00 MiB/s (write) / 0.00 MiB/s (read)
[PROGRESS] INFO: = Progress: 1.93 343780083/17802455739, Running for: 00:00:27, ETA: 00:23:40
[PROGRESS] INFO: = Downloaded: 205.57 MiB, Written: 327.85 MiB
[PROGRESS] INFO:  + Download	- 0.50 MiB/s (raw) / 0.57 MiB/s (decompressed)
[PROGRESS] INFO:  + Disk	- 0.00 MiB/s (write) / 0.00 MiB/s (read)
[PROGRESS] INFO: = Progress: 1.93 343780083/17802455739, Running for: 00:00:28, ETA: 00:24:31
[PROGRESS] INFO: = Downloaded: 205.57 MiB, Written: 327.85 MiB
[PROGRESS] INFO:  + Download	- 0.50 MiB/s (raw) / 1.49 MiB/s (decompressed)
[PROGRESS] INFO:  + Disk	- 0.00 MiB/s (write) / 0.00 MiB/s (read)
[PROGRESS] INFO: = Progress: 1.93 343780083/17802455739, Running for: 00:00:29, ETA: 00:25:22
[PROGRESS] INFO: = Downloaded: 212.80 MiB, Written: 327.85 MiB
[PROGRESS] INFO:  + Download	- 0.42 MiB/s (raw) / 0.50 MiB/s (decompressed)
[PROGRESS] INFO:  + Disk	- 0.00 MiB/s (write) / 0.00 MiB/s (read)
[PROGRESS] INFO: = Progress: 1.93 343780083/17802455739, Running for: 00:00:30, ETA: 00:26:13
[PROGRESS] INFO: = Downloaded: 220.02 MiB, Written: 327.85 MiB
[PROGRESS] INFO:  + Download	- 0.50 MiB/s (raw) / 0.65 MiB/s (decompressed)
[PROGRESS] INFO:  + Disk	- 0.00 MiB/s (write) / 0.00 MiB/s (read)
[PROGRESS] INFO: = Progress: 2.46 438151923/17802455739, Running for: 00:00:32, ETA: 00:21:12
[PROGRESS] INFO: = Downloaded: 227.65 MiB, Written: 417.85 MiB
[PROGRESS] INFO:  + Download	- 38.47 MiB/s (raw) / 55.54 MiB/s (decompressed)
[PROGRESS] INFO:  + Disk	- 80.10 MiB/s (write) / 0.00 MiB/s (read)
[PROGRESS] INFO: = Progress: 2.46 438151923/17802455739, Running for: 00:00:33, ETA: 00:21:52
[PROGRESS] INFO: = Downloaded: 227.65 MiB, Written: 417.85 MiB
[PROGRESS] INFO:  + Download	- 0.50 MiB/s (raw) / 0.61 MiB/s (decompressed)
[PROGRESS] INFO:  + Disk	- 0.00 MiB/s (write) / 0.00 MiB/s (read)
[PROGRESS] INFO: = Progress: 2.46 438151923/17802455739, Running for: 00:00:34, ETA: 00:22:31
[PROGRESS] INFO: = Downloaded: 227.65 MiB, Written: 417.85 MiB
[PROGRESS] INFO:  + Download	- 0.50 MiB/s (raw) / 0.65 MiB/s (decompressed)
[PROGRESS] INFO:  + Disk	- 0.00 MiB/s (write) / 0.00 MiB/s (read)
[PROGRESS] INFO: = Progress: 2.46 438151923/17802455739, Running for: 00:00:35, ETA: 00:23:11
[PROGRESS] INFO: = Downloaded: 227.65 MiB, Written: 417.85 MiB
[PROGRESS] INFO:  + Download	- 0.50 MiB/s (raw) / 0.57 MiB/s (decompressed)
[PROGRESS] INFO:  + Disk	- 0.00 MiB/s (write) / 0.00 MiB/s (read)
[PROGRESS] INFO: = Progress: 2.46 438151923/17802455739, Running for: 00:00:36, ETA: 00:23:51
[PROGRESS] INFO: = Downloaded: 241.74 MiB, Written: 417.85 MiB
[PROGRESS] INFO:  + Download	- 0.50 MiB/s (raw) / 0.60 MiB/s (decompressed)
[PROGRESS] INFO:  + Disk	- 0.00 MiB/s (write) / 0.00 MiB/s (read)
[PROGRESS] INFO: = Progress: 2.46 438151923/17802455739, Running for: 00:00:37, ETA: 00:24:30
[PROGRESS] INFO: = Downloaded: 241.74 MiB, Written: 417.85 MiB
[PROGRESS] INFO:  + Download	- 0.50 MiB/s (raw) / 0.96 MiB/s (decompressed)
[PROGRESS] INFO:  + Disk	- 0.00 MiB/s (write) / 0.00 MiB/s (read)
[PROGRESS] INFO: = Progress: 2.46 438151923/17802455739, Running for: 00:00:38, ETA: 00:25:10
[PROGRESS] INFO: = Downloaded: 241.74 MiB, Written: 417.85 MiB
[PROGRESS] INFO:  + Download	- 0.50 MiB/s (raw) / 0.69 MiB/s (decompressed)
[PROGRESS] INFO:  + Disk	- 0.00 MiB/s (write) / 0.00 MiB/s (read)
[PROGRESS] INFO: = Progress: 2.46 438151923/17802455739, Running for: 00:00:39, ETA: 00:25:50
[PROGRESS] INFO: = Downloaded: 241.74 MiB, Written: 417.85 MiB
[PROGRESS] INFO:  + Download	- 0.50 MiB/s (raw) / 1.36 MiB/s (decompressed)
[PROGRESS] INFO:  + Disk	- 0.00 MiB/s (write) / 0.00 MiB/s (read)
[PROGRESS] INFO: = Progress: 2.46 438151923/17802455739, Running for: 00:00:40, ETA: 00:26:29
[PROGRESS] INFO: = Downloaded: 255.93 MiB, Written: 417.85 MiB
[PROGRESS] INFO:  + Download	- 0.50 MiB/s (raw) / 1.04 MiB/s (decompressed)
[PROGRESS] INFO:  + Disk	- 0.00 MiB/s (write) / 0.00 MiB/s (read)
[PROGRESS] INFO: = Progress: 2.64 469609203/17802455739, Running for: 00:00:41, ETA: 00:25:28
[PROGRESS] INFO: = Downloaded: 262.19 MiB, Written: 447.85 MiB
[PROGRESS] INFO:  + Download	- 11.88 MiB/s (raw) / 16.07 MiB/s (decompressed)
[PROGRESS] INFO:  + Disk	- 23.24 MiB/s (write) / 0.00 MiB/s (read)
[PROGRESS] INFO: = Progress: 2.64 469609203/17802455739, Running for: 00:00:42, ETA: 00:26:05
[PROGRESS] INFO: = Downloaded: 262.19 MiB, Written: 447.85 MiB
[PROGRESS] INFO:  + Download	- 0.50 MiB/s (raw) / 0.54 MiB/s (decompressed)
[PROGRESS] INFO:  + Disk	- 0.00 MiB/s (write) / 0.00 MiB/s (read)
[PROGRESS] INFO: = Progress: 2.81 501066483/17802455739, Running for: 00:00:43, ETA: 00:25:10
[PROGRESS] INFO: = Downloaded: 268.83 MiB, Written: 477.85 MiB
[PROGRESS] INFO:  + Download	- 10.99 MiB/s (raw) / 15.02 MiB/s (decompressed)
[PROGRESS] INFO:  + Disk	- 22.62 MiB/s (write) / 0.00 MiB/s (read)
[PROGRESS] INFO: = Progress: 2.81 501066483/17802455739, Running for: 00:00:44, ETA: 00:25:44
[PROGRESS] INFO: = Downloaded: 268.83 MiB, Written: 477.85 MiB
[PROGRESS] INFO:  + Download	- 0.50 MiB/s (raw) / 0.73 MiB/s (decompressed)
[PROGRESS] INFO:  + Disk	- 0.00 MiB/s (write) / 0.00 MiB/s (read)
[PROGRESS] INFO: = Progress: 2.81 501066483/17802455739, Running for: 00:00:45, ETA: 00:26:19
[PROGRESS] INFO: = Downloaded: 268.83 MiB, Written: 477.85 MiB
[PROGRESS] INFO:  + Download	- 0.50 MiB/s (raw) / 0.68 MiB/s (decompressed)
[PROGRESS] INFO:  + Disk	- 0.00 MiB/s (write) / 0.00 MiB/s (read)
[PROGRESS] INFO: = Progress: 3.05 543009523/17802455739, Running for: 00:00:47, ETA: 00:25:12
[PROGRESS] INFO: = Downloaded: 276.29 MiB, Written: 517.85 MiB
[PROGRESS] INFO:  + Download	- 10.97 MiB/s (raw) / 15.72 MiB/s (decompressed)
[PROGRESS] INFO:  + Disk	- 21.84 MiB/s (write) / 0.00 MiB/s (read)
[PROGRESS] INFO: = Progress: 3.05 543009523/17802455739, Running for: 00:00:48, ETA: 00:25:44
[PROGRESS] INFO: = Downloaded: 276.29 MiB, Written: 517.85 MiB
[PROGRESS] INFO:  + Download	- 0.50 MiB/s (raw) / 0.62 MiB/s (decompressed)
[PROGRESS] INFO:  + Disk	- 0.00 MiB/s (write) / 0.00 MiB/s (read)
[PROGRESS] INFO: = Progress: 3.05 543009523/17802455739, Running for: 00:00:49, ETA: 00:26:15
[PROGRESS] INFO: = Downloaded: 284.02 MiB, Written: 517.85 MiB
[PROGRESS] INFO:  + Download	- 0.50 MiB/s (raw) / 0.52 MiB/s (decompressed)
[PROGRESS] INFO:  + Disk	- 0.00 MiB/s (write) / 0.00 MiB/s (read)
[PROGRESS] INFO: = Progress: 3.05 543009523/17802455739, Running for: 00:00:50, ETA: 00:26:47
[PROGRESS] INFO: = Downloaded: 284.02 MiB, Written: 517.85 MiB
[PROGRESS] INFO:  + Download	- 0.50 MiB/s (raw) / 0.73 MiB/s (decompressed)
[PROGRESS] INFO:  + Disk	- 0.00 MiB/s (write) / 0.00 MiB/s (read)
[PROGRESS] INFO: = Progress: 3.05 543009523/17802455739, Running for: 00:00:51, ETA: 00:27:19
[PROGRESS] INFO: = Downloaded: 284.02 MiB, Written: 517.85 MiB
[PROGRESS] INFO:  + Download	- 0.50 MiB/s (raw) / 0.50 MiB/s (decompressed)
[PROGRESS] INFO:  + Disk	- 0.00 MiB/s (write) / 0.00 MiB/s (read)
[PROGRESS] INFO: = Progress: 3.05 543009523/17802455739, Running for: 00:00:52, ETA: 00:27:51
[PROGRESS] INFO: = Downloaded: 284.02 MiB, Written: 517.85 MiB
[PROGRESS] INFO:  + Download	- 0.50 MiB/s (raw) / 0.58 MiB/s (decompressed)
[PROGRESS] INFO:  + Disk	- 0.00 MiB/s (write) / 0.00 MiB/s (read)
[PROGRESS] INFO: = Progress: 3.05 543009523/17802455739, Running for: 00:00:53, ETA: 00:28:23
[PROGRESS] INFO: = Downloaded: 284.02 MiB, Written: 517.85 MiB
[PROGRESS] INFO:  + Download	- 0.50 MiB/s (raw) / 0.57 MiB/s (decompressed)
[PROGRESS] INFO:  + Disk	- 0.00 MiB/s (write) / 0.00 MiB/s (read)
[PROGRESS] INFO: = Progress: 3.05 543009523/17802455739, Running for: 00:00:54, ETA: 00:28:55
[PROGRESS] INFO: = Downloaded: 284.02 MiB, Written: 517.85 MiB
[PROGRESS] INFO:  + Download	- 0.50 MiB/s (raw) / 0.54 MiB/s (decompressed)
[PROGRESS] INFO:  + Disk	- 0.00 MiB/s (write) / 0.00 MiB/s (read)
[PROGRESS] INFO: = Progress: 3.05 543009523/17802455739, Running for: 00:00:55, ETA: 00:29:26
[PROGRESS] INFO: = Downloaded: 284.02 MiB, Written: 517.85 MiB
[PROGRESS] INFO:  + Download	- 0.50 MiB/s (raw) / 0.68 MiB/s (decompressed)
[PROGRESS] INFO:  + Disk	- 0.00 MiB/s (write) / 0.00 MiB/s (read)
[PROGRESS] INFO: = Progress: 3.05 543009523/17802455739, Running for: 00:00:56, ETA: 00:29:58
[PROGRESS] INFO: = Downloaded: 284.02 MiB, Written: 517.85 MiB
[PROGRESS] INFO:  + Download	- 0.50 MiB/s (raw) / 0.74 MiB/s (decompressed)
[PROGRESS] INFO:  + Disk	- 0.00 MiB/s (write) / 0.00 MiB/s (read)
[PROGRESS] INFO: = Progress: 3.05 543009523/17802455739, Running for: 00:00:57, ETA: 00:30:30
[PROGRESS] INFO: = Downloaded: 291.25 MiB, Written: 517.85 MiB
[PROGRESS] INFO:  + Download	- 0.50 MiB/s (raw) / 0.60 MiB/s (decompressed)
[PROGRESS] INFO:  + Disk	- 0.00 MiB/s (write) / 0.00 MiB/s (read)
[PROGRESS] INFO: = Progress: 3.05 543009523/17802455739, Running for: 00:00:58, ETA: 00:31:02
[PROGRESS] INFO: = Downloaded: 298.25 MiB, Written: 517.85 MiB
[PROGRESS] INFO:  + Download	- 0.50 MiB/s (raw) / 1.04 MiB/s (decompressed)
[PROGRESS] INFO:  + Disk	- 0.00 MiB/s (write) / 0.00 MiB/s (read)
[PROGRESS] INFO: = Progress: 3.05 543009523/17802455739, Running for: 00:00:59, ETA: 00:31:34
[PROGRESS] INFO: = Downloaded: 298.25 MiB, Written: 517.85 MiB
[PROGRESS] INFO:  + Download	- 0.50 MiB/s (raw) / 0.67 MiB/s (decompressed)
[PROGRESS] INFO:  + Disk	- 0.00 MiB/s (write) / 0.00 MiB/s (read)
[PROGRESS] INFO: = Progress: 3.05 543009523/17802455739, Running for: 00:01:00, ETA: 00:32:06
[PROGRESS] INFO: = Downloaded: 298.25 MiB, Written: 517.85 MiB
[PROGRESS] INFO:  + Download	- 0.50 MiB/s (raw) / 0.57 MiB/s (decompressed)
[PROGRESS] INFO:  + Disk	- 0.00 MiB/s (write) / 0.00 MiB/s (read)
[PROGRESS] INFO: = Progress: 3.05 543009523/17802455739, Running for: 00:01:01, ETA: 00:32:37
[PROGRESS] INFO: = Downloaded: 298.25 MiB, Written: 517.85 MiB
[PROGRESS] INFO:  + Download	- 0.50 MiB/s (raw) / 0.83 MiB/s (decompressed)
[PROGRESS] INFO:  + Disk	- 0.00 MiB/s (write) / 0.00 MiB/s (read)
[PROGRESS] INFO: = Progress: 3.05 543009523/17802455739, Running for: 00:01:02, ETA: 00:33:09
[PROGRESS] INFO: = Downloaded: 298.25 MiB, Written: 517.85 MiB
[PROGRESS] INFO:  + Download	- 0.48 MiB/s (raw) / 1.20 MiB/s (decompressed)
[PROGRESS] INFO:  + Disk	- 0.00 MiB/s (write) / 0.00 MiB/s (read)
[PROGRESS] INFO: = Progress: 3.29 584952563/17802455739, Running for: 00:01:04, ETA: 00:31:26
[PROGRESS] INFO: = Downloaded: 305.63 MiB, Written: 557.85 MiB
[PROGRESS] INFO:  + Download	- 13.00 MiB/s (raw) / 17.61 MiB/s (decompressed)
[PROGRESS] INFO:  + Disk	- 26.59 MiB/s (write) / 0.00 MiB/s (read)
[PROGRESS] INFO: = Progress: 3.29 584952563/17802455739, Running for: 00:01:05, ETA: 00:31:56
[PROGRESS] INFO: = Downloaded: 305.63 MiB, Written: 557.85 MiB
[PROGRESS] INFO:  + Download	- 0.50 MiB/s (raw) / 1.15 MiB/s (decompressed)
[PROGRESS] INFO:  + Disk	- 0.00 MiB/s (write) / 0.00 MiB/s (read)
[PROGRESS] INFO: = Progress: 3.29 584952563/17802455739, Running for: 00:01:06, ETA: 00:32:25
[PROGRESS] INFO: = Downloaded: 312.56 MiB, Written: 557.85 MiB
[PROGRESS] INFO:  + Download	- 0.50 MiB/s (raw) / 0.76 MiB/s (decompressed)
[PROGRESS] INFO:  + Disk	- 0.00 MiB/s (write) / 0.00 MiB/s (read)
[PROGRESS] INFO: = Progress: 3.40 605924083/17802455739, Running for: 00:01:08, ETA: 00:32:10
[PROGRESS] INFO: = Downloaded: 319.05 MiB, Written: 577.85 MiB
[PROGRESS] INFO:  + Download	- 5.40 MiB/s (raw) / 7.80 MiB/s (decompressed)
[PROGRESS] INFO:  + Disk	- 10.56 MiB/s (write) / 0.00 MiB/s (read)
[PROGRESS] INFO: = Progress: 3.46 616409843/17802455739, Running for: 00:01:09, ETA: 00:32:11
[PROGRESS] INFO: = Downloaded: 325.77 MiB, Written: 587.85 MiB
[PROGRESS] INFO:  + Download	- 4.38 MiB/s (raw) / 5.92 MiB/s (decompressed)
[PROGRESS] INFO:  + Disk	- 7.97 MiB/s (write) / 0.00 MiB/s (read)
[PROGRESS] INFO: = Progress: 3.46 616409843/17802455739, Running for: 00:01:10, ETA: 00:32:39
[PROGRESS] INFO: = Downloaded: 325.77 MiB, Written: 587.85 MiB
[PROGRESS] INFO:  + Download	- 0.50 MiB/s (raw) / 1.08 MiB/s (decompressed)
[PROGRESS] INFO:  + Disk	- 0.00 MiB/s (write) / 0.00 MiB/s (read)
[PROGRESS] INFO: = Progress: 3.46 616409843/17802455739, Running for: 00:01:11, ETA: 00:33:06
[PROGRESS] INFO: = Downloaded: 332.94 MiB, Written: 587.85 MiB
[PROGRESS] INFO:  + Download	- 0.50 MiB/s (raw) / 0.69 MiB/s (decompressed)
[PROGRESS] INFO:  + Disk	- 0.00 MiB/s (write) / 0.00 MiB/s (read)
[PROGRESS] INFO: = Progress: 3.46 616409843/17802455739, Running for: 00:01:12, ETA: 00:33:34
[PROGRESS] INFO: = Downloaded: 332.94 MiB, Written: 587.85 MiB
[PROGRESS] INFO:  + Download	- 0.50 MiB/s (raw) / 0.69 MiB/s (decompressed)
[PROGRESS] INFO:  + Disk	- 0.00 MiB/s (write) / 0.00 MiB/s (read)
[PROGRESS] INFO: = Progress: 3.58 637381363/17802455739, Running for: 00:01:13, ETA: 00:33:00
[PROGRESS] INFO: = Downloaded: 340.16 MiB, Written: 607.85 MiB
[PROGRESS] INFO:  + Download	- 7.57 MiB/s (raw) / 11.42 MiB/s (decompressed)
[PROGRESS] INFO:  + Disk	- 15.54 MiB/s (write) / 0.00 MiB/s (read)
[PROGRESS] INFO: = Progress: 3.58 637381363/17802455739, Running for: 00:01:14, ETA: 00:33:27
[PROGRESS] INFO: = Downloaded: 340.16 MiB, Written: 607.85 MiB
[PROGRESS] INFO:  + Download	- 0.50 MiB/s (raw) / 0.55 MiB/s (decompressed)
[PROGRESS] INFO:  + Disk	- 0.00 MiB/s (write) / 0.00 MiB/s (read)
[PROGRESS] INFO: = Progress: 3.58 637381363/17802455739, Running for: 00:01:15, ETA: 00:33:54
[PROGRESS] INFO: = Downloaded: 347.40 MiB, Written: 607.85 MiB
[PROGRESS] INFO:  + Download	- 0.50 MiB/s (raw) / 0.63 MiB/s (decompressed)
[PROGRESS] INFO:  + Disk	- 0.00 MiB/s (write) / 0.00 MiB/s (read)
[PROGRESS] INFO: = Progress: 3.58 637381363/17802455739, Running for: 00:01:16, ETA: 00:34:21
[PROGRESS] INFO: = Downloaded: 362.14 MiB, Written: 607.85 MiB
[PROGRESS] INFO:  + Download	- 0.50 MiB/s (raw) / 0.69 MiB/s (decompressed)
[PROGRESS] INFO:  + Disk	- 0.00 MiB/s (write) / 0.00 MiB/s (read)
[PROGRESS] INFO: = Progress: 3.82 679324403/17802455739, Running for: 00:01:18, ETA: 00:32:56
[PROGRESS] INFO: = Downloaded: 383.31 MiB, Written: 647.85 MiB
[PROGRESS] INFO:  + Download	- 10.80 MiB/s (raw) / 14.79 MiB/s (decompressed)
[PROGRESS] INFO:  + Disk	- 21.58 MiB/s (write) / 0.00 MiB/s (read)
[PROGRESS] INFO: = Progress: 3.82 679324403/17802455739, Running for: 00:01:19, ETA: 00:33:21
[PROGRESS] INFO: = Downloaded: 396.77 MiB, Written: 647.85 MiB
[PROGRESS] INFO:  + Download	- 0.50 MiB/s (raw) / 0.92 MiB/s (decompressed)
[PROGRESS] INFO:  + Disk	- 0.00 MiB/s (write) / 0.00 MiB/s (read)
[PROGRESS] INFO: = Progress: 3.82 679324403/17802455739, Running for: 00:01:20, ETA: 00:33:47
[PROGRESS] INFO: = Downloaded: 396.77 MiB, Written: 647.85 MiB
[PROGRESS] INFO:  + Download	- 0.50 MiB/s (raw) / 0.96 MiB/s (decompressed)
[PROGRESS] INFO:  + Disk	- 0.00 MiB/s (write) / 0.00 MiB/s (read)
[PROGRESS] INFO: = Progress: 3.82 679324403/17802455739, Running for: 00:01:21, ETA: 00:34:12
[PROGRESS] INFO: = Downloaded: 403.92 MiB, Written: 647.85 MiB
[PROGRESS] INFO:  + Download	- 0.50 MiB/s (raw) / 0.53 MiB/s (decompressed)
[PROGRESS] INFO:  + Disk	- 0.00 MiB/s (write) / 0.00 MiB/s (read)
[PROGRESS] INFO: = Progress: 3.82 679324403/17802455739, Running for: 00:01:22, ETA: 00:34:37
[PROGRESS] INFO: = Downloaded: 403.92 MiB, Written: 647.85 MiB
[PROGRESS] INFO:  + Download	- 0.50 MiB/s (raw) / 0.64 MiB/s (decompressed)
[PROGRESS] INFO:  + Disk	- 0.00 MiB/s (write) / 0.00 MiB/s (read)
[PROGRESS] INFO: = Progress: 3.82 679324403/17802455739, Running for: 00:01:23, ETA: 00:35:02
[PROGRESS] INFO: = Downloaded: 403.92 MiB, Written: 647.85 MiB
[PROGRESS] INFO:  + Download	- 0.50 MiB/s (raw) / 0.62 MiB/s (decompressed)
[PROGRESS] INFO:  + Disk	- 0.00 MiB/s (write) / 0.00 MiB/s (read)
[PROGRESS] INFO: = Progress: 3.82 679324403/17802455739, Running for: 00:01:24, ETA: 00:35:28
[PROGRESS] INFO: = Downloaded: 403.92 MiB, Written: 647.85 MiB
[PROGRESS] INFO:  + Download	- 0.50 MiB/s (raw) / 0.69 MiB/s (decompressed)
[PROGRESS] INFO:  + Disk	- 0.00 MiB/s (write) / 0.00 MiB/s (read)
[PROGRESS] INFO: = Progress: 3.87 689810163/17802455739, Running for: 00:01:26, ETA: 00:35:34
[PROGRESS] INFO: = Downloaded: 432.29 MiB, Written: 657.85 MiB
[PROGRESS] INFO:  + Download	- 3.02 MiB/s (raw) / 4.02 MiB/s (decompressed)
[PROGRESS] INFO:  + Disk	- 6.19 MiB/s (write) / 0.00 MiB/s (read)
[PROGRESS] INFO: = Progress: 3.87 689810163/17802455739, Running for: 00:01:27, ETA: 00:35:59
[PROGRESS] INFO: = Downloaded: 432.29 MiB, Written: 657.85 MiB
[PROGRESS] INFO:  + Download	- 0.50 MiB/s (raw) / 0.62 MiB/s (decompressed)
[PROGRESS] INFO:  + Disk	- 0.00 MiB/s (write) / 0.00 MiB/s (read)
[PROGRESS] INFO: = Progress: 3.87 689810163/17802455739, Running for: 00:01:28, ETA: 00:36:24
[PROGRESS] INFO: = Downloaded: 432.29 MiB, Written: 657.85 MiB
[PROGRESS] INFO:  + Download	- 0.50 MiB/s (raw) / 0.57 MiB/s (decompressed)
[PROGRESS] INFO:  + Disk	- 0.00 MiB/s (write) / 0.00 MiB/s (read)
[PROGRESS] INFO: = Progress: 3.87 689810163/17802455739, Running for: 00:01:29, ETA: 00:36:49
[PROGRESS] INFO: = Downloaded: 432.29 MiB, Written: 657.85 MiB
[PROGRESS] INFO:  + Download	- 0.50 MiB/s (raw) / 0.60 MiB/s (decompressed)
[PROGRESS] INFO:  + Disk	- 0.00 MiB/s (write) / 0.00 MiB/s (read)
[PROGRESS] INFO: = Progress: 4.23 752724723/17802455739, Running for: 00:01:30, ETA: 00:34:05
[PROGRESS] INFO: = Downloaded: 447.77 MiB, Written: 717.85 MiB
[PROGRESS] INFO:  + Download	- 23.59 MiB/s (raw) / 33.14 MiB/s (decompressed)
[PROGRESS] INFO:  + Disk	- 48.00 MiB/s (write) / 0.00 MiB/s (read)
[PROGRESS] INFO: = Progress: 4.23 752724723/17802455739, Running for: 00:01:31, ETA: 00:34:28
[PROGRESS] INFO: = Downloaded: 454.91 MiB, Written: 717.85 MiB
[PROGRESS] INFO:  + Download	- 0.50 MiB/s (raw) / 0.58 MiB/s (decompressed)
[PROGRESS] INFO:  + Disk	- 0.00 MiB/s (write) / 0.00 MiB/s (read)
[PROGRESS] INFO: = Progress: 4.23 752724723/17802455739, Running for: 00:01:32, ETA: 00:34:50
[PROGRESS] INFO: = Downloaded: 454.91 MiB, Written: 717.85 MiB
[PROGRESS] INFO:  + Download	- 0.50 MiB/s (raw) / 0.53 MiB/s (decompressed)
[PROGRESS] INFO:  + Disk	- 0.00 MiB/s (write) / 0.00 MiB/s (read)
[PROGRESS] INFO: = Progress: 4.23 752724723/17802455739, Running for: 00:01:33, ETA: 00:35:13
[PROGRESS] INFO: = Downloaded: 454.91 MiB, Written: 717.85 MiB
[PROGRESS] INFO:  + Download	- 0.50 MiB/s (raw) / 0.84 MiB/s (decompressed)
[PROGRESS] INFO:  + Disk	- 0.00 MiB/s (write) / 0.00 MiB/s (read)
[PROGRESS] INFO: = Progress: 4.23 752724723/17802455739, Running for: 00:01:34, ETA: 00:35:36
[PROGRESS] INFO: = Downloaded: 454.91 MiB, Written: 717.85 MiB
[PROGRESS] INFO:  + Download	- 0.50 MiB/s (raw) / 0.57 MiB/s (decompressed)
[PROGRESS] INFO:  + Disk	- 0.00 MiB/s (write) / 0.00 MiB/s (read)
[PROGRESS] INFO: = Progress: 4.23 752724723/17802455739, Running for: 00:01:35, ETA: 00:35:58
[PROGRESS] INFO: = Downloaded: 454.91 MiB, Written: 717.85 MiB
[PROGRESS] INFO:  + Download	- 0.50 MiB/s (raw) / 0.57 MiB/s (decompressed)
[PROGRESS] INFO:  + Disk	- 0.00 MiB/s (write) / 0.00 MiB/s (read)
[PROGRESS] INFO: = Progress: 4.23 752724723/17802455739, Running for: 00:01:36, ETA: 00:36:21
[PROGRESS] INFO: = Downloaded: 454.91 MiB, Written: 717.85 MiB
[PROGRESS] INFO:  + Download	- 0.50 MiB/s (raw) / 0.96 MiB/s (decompressed)
[PROGRESS] INFO:  + Disk	- 0.00 MiB/s (write) / 0.00 MiB/s (read)
[PROGRESS] INFO: = Progress: 4.23 752724723/17802455739, Running for: 00:01:37, ETA: 00:36:44
[PROGRESS] INFO: = Downloaded: 454.91 MiB, Written: 717.85 MiB
[PROGRESS] INFO:  + Download	- 0.50 MiB/s (raw) / 0.57 MiB/s (decompressed)
[PROGRESS] INFO:  + Disk	- 0.00 MiB/s (write) / 0.00 MiB/s (read)
[PROGRESS] INFO: = Progress: 4.58 815639283/17802455739, Running for: 00:01:39, ETA: 00:34:26
[PROGRESS] INFO: = Downloaded: 461.85 MiB, Written: 777.85 MiB
[PROGRESS] INFO:  + Download	- 15.24 MiB/s (raw) / 21.24 MiB/s (decompressed)
[PROGRESS] INFO:  + Disk	- 31.39 MiB/s (write) / 0.00 MiB/s (read)
[PROGRESS] INFO: = Progress: 4.58 815639283/17802455739, Running for: 00:01:40, ETA: 00:34:47
[PROGRESS] INFO: = Downloaded: 475.71 MiB, Written: 777.85 MiB
[PROGRESS] INFO:  + Download	- 0.50 MiB/s (raw) / 0.52 MiB/s (decompressed)
[PROGRESS] INFO:  + Disk	- 0.00 MiB/s (write) / 0.00 MiB/s (read)
[PROGRESS] INFO: = Progress: 4.58 815639283/17802455739, Running for: 00:01:41, ETA: 00:35:08
[PROGRESS] INFO: = Downloaded: 475.71 MiB, Written: 777.85 MiB
[PROGRESS] INFO:  + Download	- 0.50 MiB/s (raw) / 0.53 MiB/s (decompressed)
[PROGRESS] INFO:  + Disk	- 0.00 MiB/s (write) / 0.00 MiB/s (read)
[PROGRESS] INFO: = Progress: 4.58 815639283/17802455739, Running for: 00:01:42, ETA: 00:35:29
[PROGRESS] INFO: = Downloaded: 475.71 MiB, Written: 777.85 MiB
[PROGRESS] INFO:  + Download	- 0.50 MiB/s (raw) / 0.67 MiB/s (decompressed)
[PROGRESS] INFO:  + Disk	- 0.00 MiB/s (write) / 0.00 MiB/s (read)
[PROGRESS] INFO: = Progress: 4.58 815639283/17802455739, Running for: 00:01:43, ETA: 00:35:50
[PROGRESS] INFO: = Downloaded: 475.71 MiB, Written: 777.85 MiB
[PROGRESS] INFO:  + Download	- 0.50 MiB/s (raw) / 0.53 MiB/s (decompressed)
[PROGRESS] INFO:  + Disk	- 0.00 MiB/s (write) / 0.00 MiB/s (read)
[PROGRESS] INFO: = Progress: 4.64 826125043/17802455739, Running for: 00:01:44, ETA: 00:35:52
[PROGRESS] INFO: = Downloaded: 498.06 MiB, Written: 787.85 MiB
[PROGRESS] INFO:  + Download	- 3.42 MiB/s (raw) / 4.93 MiB/s (decompressed)
[PROGRESS] INFO:  + Disk	- 7.31 MiB/s (write) / 0.00 MiB/s (read)
[PROGRESS] INFO: = Progress: 4.82 857582323/17802455739, Running for: 00:01:45, ETA: 00:34:50
[PROGRESS] INFO: = Downloaded: 505.32 MiB, Written: 817.85 MiB
[PROGRESS] INFO:  + Download	- 14.51 MiB/s (raw) / 21.16 MiB/s (decompressed)
[PROGRESS] INFO:  + Disk	- 28.06 MiB/s (write) / 0.00 MiB/s (read)
[PROGRESS] INFO: = Progress: 4.99 889039603/17802455739, Running for: 00:01:47, ETA: 00:34:08
[PROGRESS] INFO: = Downloaded: 512.72 MiB, Written: 847.85 MiB
[PROGRESS] INFO:  + Download	- 7.57 MiB/s (raw) / 10.69 MiB/s (decompressed)
[PROGRESS] INFO:  + Disk	- 15.80 MiB/s (write) / 0.00 MiB/s (read)
[PROGRESS] INFO: = Progress: 4.99 889039603/17802455739, Running for: 00:01:48, ETA: 00:34:27
[PROGRESS] INFO: = Downloaded: 512.72 MiB, Written: 847.85 MiB
[PROGRESS] INFO:  + Download	- 0.50 MiB/s (raw) / 0.87 MiB/s (decompressed)
[PROGRESS] INFO:  + Disk	- 0.00 MiB/s (write) / 0.00 MiB/s (read)
[PROGRESS] INFO: = Progress: 4.99 889039603/17802455739, Running for: 00:01:49, ETA: 00:34:46
[PROGRESS] INFO: = Downloaded: 512.72 MiB, Written: 847.85 MiB
[PROGRESS] INFO:  + Download	- 0.50 MiB/s (raw) / 0.69 MiB/s (decompressed)
[PROGRESS] INFO:  + Disk	- 0.00 MiB/s (write) / 0.00 MiB/s (read)
[PROGRESS] INFO: = Progress: 4.99 889039603/17802455739, Running for: 00:01:50, ETA: 00:35:05
[PROGRESS] INFO: = Downloaded: 512.72 MiB, Written: 847.85 MiB
[PROGRESS] INFO:  + Download	- 0.50 MiB/s (raw) / 0.62 MiB/s (decompressed)
[PROGRESS] INFO:  + Disk	- 0.00 MiB/s (write) / 0.00 MiB/s (read)
[PROGRESS] INFO: = Progress: 4.99 889039603/17802455739, Running for: 00:01:51, ETA: 00:35:24
[PROGRESS] INFO: = Downloaded: 512.72 MiB, Written: 847.85 MiB
[PROGRESS] INFO:  + Download	- 0.50 MiB/s (raw) / 0.51 MiB/s (decompressed)
[PROGRESS] INFO:  + Disk	- 0.00 MiB/s (write) / 0.00 MiB/s (read)
[11/08/2024, 21:34:28] GOGDL_CONFIG_PATH=/home/strobelt/.config/heroic/gogdlConfig /opt/Heroic/resources/app.asar.unpacked/build/bin/x64/linux/gogdl --auth-config-path /home/strobelt/.config/heroic/gog_store/auth.json auth
{"access_token":"<redacted>","expires_in":3600,"token_type":"bearer","scope":"","session_id":"<redacted>","refresh_token":"<redacted>","user_id":"<redacted>","loginTime":1723422666.301182}
[PROGRESS] INFO: = Progress: 4.99 889039603/17802455739, Running for: 00:01:52, ETA: 00:35:43
[PROGRESS] INFO: = Downloaded: 512.72 MiB, Written: 847.85 MiB
[PROGRESS] INFO:  + Download	- 0.50 MiB/s (raw) / 0.71 MiB/s (decompressed)
[PROGRESS] INFO:  + Disk	- 0.00 MiB/s (write) / 0.00 MiB/s (read)
[PROGRESS] INFO: = Progress: 4.99 889039603/17802455739, Running for: 00:01:53, ETA: 00:36:02
[PROGRESS] INFO: = Downloaded: 512.72 MiB, Written: 847.85 MiB
[PROGRESS] INFO:  + Download	- 0.50 MiB/s (raw) / 0.59 MiB/s (decompressed)
[PROGRESS] INFO:  + Disk	- 0.00 MiB/s (write) / 0.00 MiB/s (read)
[PROGRESS] INFO: = Progress: 4.99 889039603/17802455739, Running for: 00:01:54, ETA: 00:36:21
[PROGRESS] INFO: = Downloaded: 512.72 MiB, Written: 847.85 MiB
[PROGRESS] INFO:  + Download	- 0.50 MiB/s (raw) / 0.78 MiB/s (decompressed)
[PROGRESS] INFO:  + Disk	- 0.00 MiB/s (write) / 0.00 MiB/s (read)
[PROGRESS] INFO: = Progress: 4.99 889039603/17802455739, Running for: 00:01:55, ETA: 00:36:40
[PROGRESS] INFO: = Downloaded: 527.68 MiB, Written: 847.85 MiB
[PROGRESS] INFO:  + Download	- 0.50 MiB/s (raw) / 1.00 MiB/s (decompressed)
[PROGRESS] INFO:  + Disk	- 0.00 MiB/s (write) / 0.00 MiB/s (read)
[PROGRESS] INFO: = Progress: 4.99 889039603/17802455739, Running for: 00:01:56, ETA: 00:37:00
[PROGRESS] INFO: = Downloaded: 527.68 MiB, Written: 847.85 MiB
[PROGRESS] INFO:  + Download	- 0.50 MiB/s (raw) / 0.63 MiB/s (decompressed)
[PROGRESS] INFO:  + Disk	- 0.00 MiB/s (write) / 0.00 MiB/s (read)
[PROGRESS] INFO: = Progress: 4.99 889039603/17802455739, Running for: 00:01:57, ETA: 00:37:19
[PROGRESS] INFO: = Downloaded: 527.68 MiB, Written: 847.85 MiB
[PROGRESS] INFO:  + Download	- 0.36 MiB/s (raw) / 0.44 MiB/s (decompressed)
[PROGRESS] INFO:  + Disk	- 0.00 MiB/s (write) / 0.00 MiB/s (read)
[PROGRESS] INFO: = Progress: 4.99 889039603/17802455739, Running for: 00:01:58, ETA: 00:37:38
[PROGRESS] INFO: = Downloaded: 527.68 MiB, Written: 847.85 MiB
[PROGRESS] INFO:  + Download	- 0.50 MiB/s (raw) / 0.63 MiB/s (decompressed)
[PROGRESS] INFO:  + Disk	- 0.00 MiB/s (write) / 0.00 MiB/s (read)
[PROGRESS] INFO: = Progress: 4.99 889039603/17802455739, Running for: 00:01:59, ETA: 00:37:57
[PROGRESS] INFO: = Downloaded: 527.68 MiB, Written: 847.85 MiB
[PROGRESS] INFO:  + Download	- 0.50 MiB/s (raw) / 0.70 MiB/s (decompressed)
[PROGRESS] INFO:  + Disk	- 0.00 MiB/s (write) / 0.00 MiB/s (read)
[PROGRESS] INFO: = Progress: 5.17 920496883/17802455739, Running for: 00:02:01, ETA: 00:36:59
[PROGRESS] INFO: = Downloaded: 534.53 MiB, Written: 877.85 MiB
[PROGRESS] INFO:  + Download	- 11.23 MiB/s (raw) / 15.74 MiB/s (decompressed)
[PROGRESS] INFO:  + Disk	- 22.83 MiB/s (write) / 0.00 MiB/s (read)
[PROGRESS] INFO: = Progress: 5.17 920496883/17802455739, Running for: 00:02:02, ETA: 00:37:17
[PROGRESS] INFO: = Downloaded: 540.86 MiB, Written: 877.85 MiB
[PROGRESS] INFO:  + Download	- 0.50 MiB/s (raw) / 0.54 MiB/s (decompressed)
[PROGRESS] INFO:  + Disk	- 0.00 MiB/s (write) / 0.00 MiB/s (read)
[PROGRESS] INFO: = Progress: 5.29 941468403/17802455739, Running for: 00:02:03, ETA: 00:36:53
[PROGRESS] INFO: = Downloaded: 561.81 MiB, Written: 897.85 MiB
[PROGRESS] INFO:  + Download	- 6.74 MiB/s (raw) / 9.73 MiB/s (decompressed)
[PROGRESS] INFO:  + Disk	- 13.47 MiB/s (write) / 0.00 MiB/s (read)
[PROGRESS] INFO: = Progress: 5.41 962439923/17802455739, Running for: 00:02:04, ETA: 00:36:19
[PROGRESS] INFO: = Downloaded: 561.81 MiB, Written: 917.85 MiB
[PROGRESS] INFO:  + Download	- 9.79 MiB/s (raw) / 12.53 MiB/s (decompressed)
[PROGRESS] INFO:  + Disk	- 18.79 MiB/s (write) / 0.00 MiB/s (read)
[PROGRESS] INFO: = Progress: 5.47 972925683/17802455739, Running for: 00:02:05, ETA: 00:36:15
[PROGRESS] INFO: = Downloaded: 569.08 MiB, Written: 927.85 MiB
[PROGRESS] INFO:  + Download	- 4.52 MiB/s (raw) / 6.42 MiB/s (decompressed)
[PROGRESS] INFO:  + Disk	- 8.36 MiB/s (write) / 0.00 MiB/s (read)
[PROGRESS] INFO: = Progress: 5.47 972925683/17802455739, Running for: 00:02:06, ETA: 00:36:33
[PROGRESS] INFO: = Downloaded: 569.08 MiB, Written: 927.85 MiB
[PROGRESS] INFO:  + Download	- 0.50 MiB/s (raw) / 0.67 MiB/s (decompressed)
[PROGRESS] INFO:  + Disk	- 0.00 MiB/s (write) / 0.00 MiB/s (read)
[PROGRESS] INFO: = Progress: 5.47 972925683/17802455739, Running for: 00:02:07, ETA: 00:36:50
[PROGRESS] INFO: = Downloaded: 569.08 MiB, Written: 927.85 MiB
[PROGRESS] INFO:  + Download	- 0.50 MiB/s (raw) / 0.56 MiB/s (decompressed)
[PROGRESS] INFO:  + Disk	- 0.00 MiB/s (write) / 0.00 MiB/s (read)
[PROGRESS] INFO: = Progress: 5.47 972925683/17802455739, Running for: 00:02:08, ETA: 00:37:07
[PROGRESS] INFO: = Downloaded: 569.08 MiB, Written: 927.85 MiB
[PROGRESS] INFO:  + Download	- 0.50 MiB/s (raw) / 0.79 MiB/s (decompressed)
[PROGRESS] INFO:  + Disk	- 0.00 MiB/s (write) / 0.00 MiB/s (read)
[PROGRESS] INFO: = Progress: 5.47 972925683/17802455739, Running for: 00:02:09, ETA: 00:37:25
[PROGRESS] INFO: = Downloaded: 569.08 MiB, Written: 927.85 MiB
[PROGRESS] INFO:  + Download	- 0.50 MiB/s (raw) / 0.66 MiB/s (decompressed)
[PROGRESS] INFO:  + Disk	- 0.00 MiB/s (write) / 0.00 MiB/s (read)
[PROGRESS] INFO: = Progress: 5.47 972925683/17802455739, Running for: 00:02:10, ETA: 00:37:42
[PROGRESS] INFO: = Downloaded: 576.16 MiB, Written: 927.85 MiB
[PROGRESS] INFO:  + Download	- 0.50 MiB/s (raw) / 0.93 MiB/s (decompressed)
[PROGRESS] INFO:  + Disk	- 0.00 MiB/s (write) / 0.00 MiB/s (read)
[PROGRESS] INFO: = Progress: 5.47 972925683/17802455739, Running for: 00:02:11, ETA: 00:37:59
[PROGRESS] INFO: = Downloaded: 576.16 MiB, Written: 927.85 MiB
[PROGRESS] INFO:  + Download	- 0.50 MiB/s (raw) / 0.51 MiB/s (decompressed)
[PROGRESS] INFO:  + Disk	- 0.00 MiB/s (write) / 0.00 MiB/s (read)
[PROGRESS] INFO: = Progress: 5.47 972925683/17802455739, Running for: 00:02:12, ETA: 00:38:17
[PROGRESS] INFO: = Downloaded: 576.16 MiB, Written: 927.85 MiB
[PROGRESS] INFO:  + Download	- 0.50 MiB/s (raw) / 0.68 MiB/s (decompressed)
[PROGRESS] INFO:  + Disk	- 0.00 MiB/s (write) / 0.00 MiB/s (read)
[PROGRESS] INFO: = Progress: 5.47 972925683/17802455739, Running for: 00:02:13, ETA: 00:38:34
[PROGRESS] INFO: = Downloaded: 576.16 MiB, Written: 927.85 MiB
[PROGRESS] INFO:  + Download	- 0.50 MiB/s (raw) / 0.54 MiB/s (decompressed)
[PROGRESS] INFO:  + Disk	- 0.00 MiB/s (write) / 0.00 MiB/s (read)
[PROGRESS] INFO: = Progress: 5.58 993897203/17802455739, Running for: 00:02:15, ETA: 00:38:15
[PROGRESS] INFO: = Downloaded: 583.51 MiB, Written: 947.85 MiB
[PROGRESS] INFO:  + Download	- 5.10 MiB/s (raw) / 7.15 MiB/s (decompressed)
[PROGRESS] INFO:  + Disk	- 10.42 MiB/s (write) / 0.00 MiB/s (read)
[PROGRESS] INFO: = Progress: 5.58 993897203/17802455739, Running for: 00:02:16, ETA: 00:38:32
[PROGRESS] INFO: = Downloaded: 591.33 MiB, Written: 947.85 MiB
[PROGRESS] INFO:  + Download	- 0.50 MiB/s (raw) / 0.64 MiB/s (decompressed)
[PROGRESS] INFO:  + Disk	- 0.00 MiB/s (write) / 0.00 MiB/s (read)
[PROGRESS] INFO: = Progress: 5.58 993897203/17802455739, Running for: 00:02:17, ETA: 00:38:49
[PROGRESS] INFO: = Downloaded: 591.33 MiB, Written: 947.85 MiB
[PROGRESS] INFO:  + Download	- 0.07 MiB/s (raw) / 0.09 MiB/s (decompressed)
[PROGRESS] INFO:  + Disk	- 0.00 MiB/s (write) / 0.00 MiB/s (read)
[PROGRESS] INFO: = Progress: 5.58 993897203/17802455739, Running for: 00:02:18, ETA: 00:39:06
[PROGRESS] INFO: = Downloaded: 598.47 MiB, Written: 947.85 MiB
[PROGRESS] INFO:  + Download	- 0.50 MiB/s (raw) / 0.65 MiB/s (decompressed)
[PROGRESS] INFO:  + Disk	- 0.00 MiB/s (write) / 0.00 MiB/s (read)
[PROGRESS] INFO: = Progress: 5.58 993897203/17802455739, Running for: 00:02:19, ETA: 00:39:22
[PROGRESS] INFO: = Downloaded: 605.71 MiB, Written: 947.85 MiB
[PROGRESS] INFO:  + Download	- 0.50 MiB/s (raw) / 0.78 MiB/s (decompressed)
[PROGRESS] INFO:  + Disk	- 0.00 MiB/s (write) / 0.00 MiB/s (read)
[PROGRESS] INFO: = Progress: 5.58 993897203/17802455739, Running for: 00:02:20, ETA: 00:39:39
[PROGRESS] INFO: = Downloaded: 605.71 MiB, Written: 947.85 MiB
[PROGRESS] INFO:  + Download	- 0.50 MiB/s (raw) / 0.56 MiB/s (decompressed)
[PROGRESS] INFO:  + Disk	- 0.00 MiB/s (write) / 0.00 MiB/s (read)
[PROGRESS] INFO: = Progress: 5.58 993897203/17802455739, Running for: 00:02:21, ETA: 00:39:56
[PROGRESS] INFO: = Downloaded: 605.71 MiB, Written: 947.85 MiB
[PROGRESS] INFO:  + Download	- 0.50 MiB/s (raw) / 0.52 MiB/s (decompressed)
[PROGRESS] INFO:  + Disk	- 0.00 MiB/s (write) / 0.00 MiB/s (read)
[PROGRESS] INFO: = Progress: 5.58 993897203/17802455739, Running for: 00:02:22, ETA: 00:40:13
[PROGRESS] INFO: = Downloaded: 605.71 MiB, Written: 947.85 MiB
[PROGRESS] INFO:  + Download	- 0.25 MiB/s (raw) / 0.28 MiB/s (decompressed)
[PROGRESS] INFO:  + Disk	- 0.00 MiB/s (write) / 0.00 MiB/s (read)
[PROGRESS] INFO: = Progress: 5.58 993897203/17802455739, Running for: 00:02:23, ETA: 00:40:30
[PROGRESS] INFO: = Downloaded: 614.65 MiB, Written: 947.85 MiB
[PROGRESS] INFO:  + Download	- 0.50 MiB/s (raw) / 0.80 MiB/s (decompressed)
[PROGRESS] INFO:  + Disk	- 0.00 MiB/s (write) / 0.00 MiB/s (read)
[PROGRESS] INFO: = Progress: 5.88 1046326003/17802455739, Running for: 00:02:24, ETA: 00:38:41
[PROGRESS] INFO: = Downloaded: 621.36 MiB, Written: 997.85 MiB
[PROGRESS] INFO:  + Download	- 21.01 MiB/s (raw) / 30.61 MiB/s (decompressed)
[PROGRESS] INFO:  + Disk	- 41.36 MiB/s (write) / 0.00 MiB/s (read)
[PROGRESS] INFO: = Progress: 5.88 1046326003/17802455739, Running for: 00:02:25, ETA: 00:38:57
[PROGRESS] INFO: = Downloaded: 621.36 MiB, Written: 997.85 MiB
[PROGRESS] INFO:  + Download	- 0.50 MiB/s (raw) / 0.56 MiB/s (decompressed)
[PROGRESS] INFO:  + Disk	- 0.00 MiB/s (write) / 0.00 MiB/s (read)
[PROGRESS] INFO: = Progress: 5.88 1046326003/17802455739, Running for: 00:02:26, ETA: 00:39:13
[PROGRESS] INFO: = Downloaded: 621.36 MiB, Written: 997.85 MiB
[PROGRESS] INFO:  + Download	- 0.50 MiB/s (raw) / 0.61 MiB/s (decompressed)
[PROGRESS] INFO:  + Disk	- 0.00 MiB/s (write) / 0.00 MiB/s (read)
[PROGRESS] INFO: = Progress: 5.94 1056811763/17802455739, Running for: 00:02:28, ETA: 00:39:15
[PROGRESS] INFO: = Downloaded: 628.84 MiB, Written: 1007.85 MiB
[PROGRESS] INFO:  + Download	- 2.88 MiB/s (raw) / 4.58 MiB/s (decompressed)
[PROGRESS] INFO:  + Disk	- 5.82 MiB/s (write) / 0.00 MiB/s (read)
[PROGRESS] INFO: = Progress: 5.94 1056811763/17802455739, Running for: 00:02:29, ETA: 00:39:31
[PROGRESS] INFO: = Downloaded: 628.84 MiB, Written: 1007.85 MiB
[PROGRESS] INFO:  + Download	- 0.50 MiB/s (raw) / 0.55 MiB/s (decompressed)
[PROGRESS] INFO:  + Disk	- 0.00 MiB/s (write) / 0.00 MiB/s (read)
[PROGRESS] INFO: = Progress: 5.94 1056811763/17802455739, Running for: 00:02:30, ETA: 00:39:47
[PROGRESS] INFO: = Downloaded: 628.84 MiB, Written: 1007.85 MiB
[PROGRESS] INFO:  + Download	- 0.50 MiB/s (raw) / 0.53 MiB/s (decompressed)
[PROGRESS] INFO:  + Disk	- 0.00 MiB/s (write) / 0.00 MiB/s (read)
[PROGRESS] INFO: = Progress: 5.94 1056811763/17802455739, Running for: 00:02:31, ETA: 00:40:03
[PROGRESS] INFO: = Downloaded: 636.00 MiB, Written: 1007.85 MiB
[PROGRESS] INFO:  + Download	- 0.50 MiB/s (raw) / 0.63 MiB/s (decompressed)
[PROGRESS] INFO:  + Disk	- 0.00 MiB/s (write) / 0.00 MiB/s (read)
[PROGRESS] INFO: = Progress: 5.94 1056811763/17802455739, Running for: 00:02:32, ETA: 00:40:19
[PROGRESS] INFO: = Downloaded: 636.00 MiB, Written: 1007.85 MiB
[PROGRESS] INFO:  + Download	- 0.50 MiB/s (raw) / 0.52 MiB/s (decompressed)
[PROGRESS] INFO:  + Disk	- 0.00 MiB/s (write) / 0.00 MiB/s (read)
[PROGRESS] INFO: = Progress: 5.94 1056811763/17802455739, Running for: 00:02:33, ETA: 00:40:34
[PROGRESS] INFO: = Downloaded: 636.00 MiB, Written: 1007.85 MiB
[PROGRESS] INFO:  + Download	- 0.50 MiB/s (raw) / 0.87 MiB/s (decompressed)
[PROGRESS] INFO:  + Disk	- 0.00 MiB/s (write) / 0.00 MiB/s (read)
[PROGRESS] INFO: = Progress: 5.94 1056811763/17802455739, Running for: 00:02:34, ETA: 00:40:50
[PROGRESS] INFO: = Downloaded: 649.85 MiB, Written: 1007.85 MiB
[PROGRESS] INFO:  + Download	- 0.50 MiB/s (raw) / 0.54 MiB/s (decompressed)
[PROGRESS] INFO:  + Disk	- 0.00 MiB/s (write) / 0.00 MiB/s (read)
[PROGRESS] INFO: = Progress: 6.00 1067297523/17802455739, Running for: 00:02:36, ETA: 00:40:53
[PROGRESS] INFO: = Downloaded: 657.59 MiB, Written: 1017.85 MiB
[PROGRESS] INFO:  + Download	- 3.04 MiB/s (raw) / 4.16 MiB/s (decompressed)
[PROGRESS] INFO:  + Disk	- 5.52 MiB/s (write) / 0.00 MiB/s (read)
[PROGRESS] INFO: = Progress: 6.00 1067297523/17802455739, Running for: 00:02:37, ETA: 00:41:09
[PROGRESS] INFO: = Downloaded: 657.59 MiB, Written: 1017.85 MiB
[PROGRESS] INFO:  + Download	- 0.50 MiB/s (raw) / 0.65 MiB/s (decompressed)
[PROGRESS] INFO:  + Disk	- 0.00 MiB/s (write) / 0.00 MiB/s (read)
[PROGRESS] INFO: = Progress: 6.00 1067297523/17802455739, Running for: 00:02:38, ETA: 00:41:25
[PROGRESS] INFO: = Downloaded: 657.59 MiB, Written: 1017.85 MiB
[PROGRESS] INFO:  + Download	- 0.50 MiB/s (raw) / 0.63 MiB/s (decompressed)
[PROGRESS] INFO:  + Disk	- 0.00 MiB/s (write) / 0.00 MiB/s (read)
[PROGRESS] INFO: = Progress: 6.23 1109240563/17802455739, Running for: 00:02:40, ETA: 00:40:09
[PROGRESS] INFO: = Downloaded: 664.72 MiB, Written: 1057.85 MiB
[PROGRESS] INFO:  + Download	- 11.95 MiB/s (raw) / 16.36 MiB/s (decompressed)
[PROGRESS] INFO:  + Disk	- 24.34 MiB/s (write) / 0.00 MiB/s (read)
[PROGRESS] INFO: = Progress: 6.23 1109240563/17802455739, Running for: 00:02:41, ETA: 00:40:24
[PROGRESS] INFO: = Downloaded: 664.72 MiB, Written: 1057.85 MiB
[PROGRESS] INFO:  + Download	- 0.28 MiB/s (raw) / 0.37 MiB/s (decompressed)
[PROGRESS] INFO:  + Disk	- 0.00 MiB/s (write) / 0.00 MiB/s (read)
[PROGRESS] INFO: = Progress: 6.23 1109240563/17802455739, Running for: 00:02:42, ETA: 00:40:40
[PROGRESS] INFO: = Downloaded: 664.72 MiB, Written: 1057.85 MiB
[PROGRESS] INFO:  + Download	- 0.50 MiB/s (raw) / 0.91 MiB/s (decompressed)
[PROGRESS] INFO:  + Disk	- 0.00 MiB/s (write) / 0.00 MiB/s (read)
[PROGRESS] INFO: = Progress: 6.29 1119726323/17802455739, Running for: 00:02:43, ETA: 00:40:34
[PROGRESS] INFO: = Downloaded: 672.40 MiB, Written: 1067.85 MiB
[PROGRESS] INFO:  + Download	- 4.31 MiB/s (raw) / 5.67 MiB/s (decompressed)
[PROGRESS] INFO:  + Disk	- 7.84 MiB/s (write) / 0.00 MiB/s (read)
[PROGRESS] INFO: = Progress: 6.29 1119726323/17802455739, Running for: 00:02:44, ETA: 00:40:49
[PROGRESS] INFO: = Downloaded: 672.40 MiB, Written: 1067.85 MiB
[PROGRESS] INFO:  + Download	- 0.50 MiB/s (raw) / 0.63 MiB/s (decompressed)
[PROGRESS] INFO:  + Disk	- 0.00 MiB/s (write) / 0.00 MiB/s (read)
[PROGRESS] INFO: = Progress: 6.29 1119726323/17802455739, Running for: 00:02:45, ETA: 00:41:04
[PROGRESS] INFO: = Downloaded: 672.40 MiB, Written: 1067.85 MiB
[PROGRESS] INFO:  + Download	- 0.50 MiB/s (raw) / 0.69 MiB/s (decompressed)
[PROGRESS] INFO:  + Disk	- 0.00 MiB/s (write) / 0.00 MiB/s (read)
[PROGRESS] INFO: = Progress: 6.29 1119726323/17802455739, Running for: 00:02:46, ETA: 00:41:19
[PROGRESS] INFO: = Downloaded: 672.40 MiB, Written: 1067.85 MiB
[PROGRESS] INFO:  + Download	- 0.50 MiB/s (raw) / 0.53 MiB/s (decompressed)
[PROGRESS] INFO:  + Disk	- 0.00 MiB/s (write) / 0.00 MiB/s (read)
[PROGRESS] INFO: = Progress: 6.35 1130212083/17802455739, Running for: 00:02:48, ETA: 00:41:19
[PROGRESS] INFO: = Downloaded: 679.63 MiB, Written: 1077.85 MiB
[PROGRESS] INFO:  + Download	- 3.28 MiB/s (raw) / 4.18 MiB/s (decompressed)
[PROGRESS] INFO:  + Disk	- 5.97 MiB/s (write) / 0.00 MiB/s (read)
[PROGRESS] INFO: = Progress: 6.35 1130212083/17802455739, Running for: 00:02:49, ETA: 00:41:34
[PROGRESS] INFO: = Downloaded: 679.63 MiB, Written: 1077.85 MiB
[PROGRESS] INFO:  + Download	- 0.50 MiB/s (raw) / 0.59 MiB/s (decompressed)
[PROGRESS] INFO:  + Disk	- 0.00 MiB/s (write) / 0.00 MiB/s (read)
[PROGRESS] INFO: = Progress: 6.35 1130212083/17802455739, Running for: 00:02:50, ETA: 00:41:49
[PROGRESS] INFO: = Downloaded: 687.02 MiB, Written: 1077.85 MiB
[PROGRESS] INFO:  + Download	- 0.50 MiB/s (raw) / 0.54 MiB/s (decompressed)
[PROGRESS] INFO:  + Disk	- 0.00 MiB/s (write) / 0.00 MiB/s (read)
[PROGRESS] INFO: = Progress: 6.47 1151183603/17802455739, Running for: 00:02:51, ETA: 00:41:17
[PROGRESS] INFO: = Downloaded: 693.96 MiB, Written: 1097.85 MiB
[PROGRESS] INFO:  + Download	- 8.50 MiB/s (raw) / 11.56 MiB/s (decompressed)
[PROGRESS] INFO:  + Disk	- 16.86 MiB/s (write) / 0.00 MiB/s (read)
[PROGRESS] INFO: = Progress: 6.47 1151183603/17802455739, Running for: 00:02:52, ETA: 00:41:32
[PROGRESS] INFO: = Downloaded: 693.96 MiB, Written: 1097.85 MiB
[PROGRESS] INFO:  + Download	- 0.50 MiB/s (raw) / 0.72 MiB/s (decompressed)
[PROGRESS] INFO:  + Disk	- 0.00 MiB/s (write) / 0.00 MiB/s (read)
[PROGRESS] INFO: = Progress: 6.47 1151183603/17802455739, Running for: 00:02:53, ETA: 00:41:46
[PROGRESS] INFO: = Downloaded: 693.96 MiB, Written: 1097.85 MiB
[PROGRESS] INFO:  + Download	- 0.50 MiB/s (raw) / 0.79 MiB/s (decompressed)
[PROGRESS] INFO:  + Disk	- 0.00 MiB/s (write) / 0.00 MiB/s (read)
[PROGRESS] INFO: = Progress: 6.47 1151183603/17802455739, Running for: 00:02:54, ETA: 00:42:01
[PROGRESS] INFO: = Downloaded: 693.96 MiB, Written: 1097.85 MiB
[PROGRESS] INFO:  + Download	- 0.50 MiB/s (raw) / 0.66 MiB/s (decompressed)
[PROGRESS] INFO:  + Disk	- 0.00 MiB/s (write) / 0.00 MiB/s (read)
[PROGRESS] INFO: = Progress: 6.47 1151183603/17802455739, Running for: 00:02:55, ETA: 00:42:15
[PROGRESS] INFO: = Downloaded: 693.96 MiB, Written: 1097.85 MiB
[PROGRESS] INFO:  + Download	- 0.50 MiB/s (raw) / 0.54 MiB/s (decompressed)
[PROGRESS] INFO:  + Disk	- 0.00 MiB/s (write) / 0.00 MiB/s (read)
[PROGRESS] INFO: = Progress: 6.47 1151183603/17802455739, Running for: 00:02:56, ETA: 00:42:30
[PROGRESS] INFO: = Downloaded: 693.96 MiB, Written: 1097.85 MiB
[PROGRESS] INFO:  + Download	- 0.50 MiB/s (raw) / 0.70 MiB/s (decompressed)
[PROGRESS] INFO:  + Disk	- 0.00 MiB/s (write) / 0.00 MiB/s (read)
[PROGRESS] INFO: = Progress: 6.53 1161669363/17802455739, Running for: 00:02:57, ETA: 00:42:27
[PROGRESS] INFO: = Downloaded: 708.61 MiB, Written: 1107.85 MiB
[PROGRESS] INFO:  + Download	- 3.53 MiB/s (raw) / 5.70 MiB/s (decompressed)
[PROGRESS] INFO:  + Disk	- 6.41 MiB/s (write) / 0.00 MiB/s (read)
[PROGRESS] INFO: = Progress: 6.53 1161669363/17802455739, Running for: 00:02:58, ETA: 00:42:42
[PROGRESS] INFO: = Downloaded: 708.61 MiB, Written: 1107.85 MiB
[PROGRESS] INFO:  + Download	- 0.50 MiB/s (raw) / 0.52 MiB/s (decompressed)
[PROGRESS] INFO:  + Disk	- 0.00 MiB/s (write) / 0.00 MiB/s (read)
[PROGRESS] INFO: = Progress: 6.70 1193126643/17802455739, Running for: 00:03:00, ETA: 00:41:54
[PROGRESS] INFO: = Downloaded: 722.02 MiB, Written: 1137.85 MiB
[PROGRESS] INFO:  + Download	- 8.28 MiB/s (raw) / 10.90 MiB/s (decompressed)
[PROGRESS] INFO:  + Disk	- 17.07 MiB/s (write) / 0.00 MiB/s (read)
[PROGRESS] INFO: = Progress: 6.76 1203612403/17802455739, Running for: 00:03:02, ETA: 00:41:52
[PROGRESS] INFO: = Downloaded: 728.81 MiB, Written: 1147.85 MiB
[PROGRESS] INFO:  + Download	- 3.53 MiB/s (raw) / 4.87 MiB/s (decompressed)
[PROGRESS] INFO:  + Disk	- 6.42 MiB/s (write) / 0.00 MiB/s (read)
[PROGRESS] INFO: = Progress: 6.76 1203612403/17802455739, Running for: 00:03:03, ETA: 00:42:06
[PROGRESS] INFO: = Downloaded: 728.81 MiB, Written: 1147.85 MiB
[PROGRESS] INFO:  + Download	- 0.50 MiB/s (raw) / 0.55 MiB/s (decompressed)
[PROGRESS] INFO:  + Disk	- 0.00 MiB/s (write) / 0.00 MiB/s (read)
[PROGRESS] INFO: = Progress: 6.76 1203612403/17802455739, Running for: 00:03:04, ETA: 00:42:19
[PROGRESS] INFO: = Downloaded: 728.81 MiB, Written: 1147.85 MiB
[PROGRESS] INFO:  + Download	- 0.50 MiB/s (raw) / 0.53 MiB/s (decompressed)
[PROGRESS] INFO:  + Disk	- 0.00 MiB/s (write) / 0.00 MiB/s (read)
[PROGRESS] INFO: = Progress: 6.76 1203612403/17802455739, Running for: 00:03:05, ETA: 00:42:33
[PROGRESS] INFO: = Downloaded: 728.81 MiB, Written: 1147.85 MiB
[PROGRESS] INFO:  + Download	- 0.50 MiB/s (raw) / 0.56 MiB/s (decompressed)
[PROGRESS] INFO:  + Disk	- 0.00 MiB/s (write) / 0.00 MiB/s (read)
[PROGRESS] INFO: = Progress: 6.76 1203612403/17802455739, Running for: 00:03:06, ETA: 00:42:47
[PROGRESS] INFO: = Downloaded: 728.81 MiB, Written: 1147.85 MiB
[PROGRESS] INFO:  + Download	- 0.50 MiB/s (raw) / 0.70 MiB/s (decompressed)
[PROGRESS] INFO:  + Disk	- 0.00 MiB/s (write) / 0.00 MiB/s (read)
[PROGRESS] INFO: = Progress: 6.76 1203612403/17802455739, Running for: 00:03:07, ETA: 00:43:01
[PROGRESS] INFO: = Downloaded: 728.81 MiB, Written: 1147.85 MiB
[PROGRESS] INFO:  + Download	- 0.50 MiB/s (raw) / 0.53 MiB/s (decompressed)
[PROGRESS] INFO:  + Disk	- 0.00 MiB/s (write) / 0.00 MiB/s (read)
[PROGRESS] INFO: = Progress: 6.76 1203612403/17802455739, Running for: 00:03:08, ETA: 00:43:15
[PROGRESS] INFO: = Downloaded: 728.81 MiB, Written: 1147.85 MiB
[PROGRESS] INFO:  + Download	- 0.50 MiB/s (raw) / 0.68 MiB/s (decompressed)
[PROGRESS] INFO:  + Disk	- 0.00 MiB/s (write) / 0.00 MiB/s (read)
[PROGRESS] INFO: = Progress: 6.76 1203612403/17802455739, Running for: 00:03:09, ETA: 00:43:29
[PROGRESS] INFO: = Downloaded: 728.81 MiB, Written: 1147.85 MiB
[PROGRESS] INFO:  + Download	- 0.50 MiB/s (raw) / 0.67 MiB/s (decompressed)
[PROGRESS] INFO:  + Disk	- 0.00 MiB/s (write) / 0.00 MiB/s (read)
[PROGRESS] INFO: = Progress: 6.76 1203612403/17802455739, Running for: 00:03:10, ETA: 00:43:42
[PROGRESS] INFO: = Downloaded: 728.81 MiB, Written: 1147.85 MiB
[PROGRESS] INFO:  + Download	- 0.50 MiB/s (raw) / 0.71 MiB/s (decompressed)
[PROGRESS] INFO:  + Disk	- 0.00 MiB/s (write) / 0.00 MiB/s (read)
[PROGRESS] INFO: = Progress: 6.82 1214098163/17802455739, Running for: 00:03:11, ETA: 00:43:41
[PROGRESS] INFO: = Downloaded: 736.51 MiB, Written: 1157.85 MiB
[PROGRESS] INFO:  + Download	- 3.03 MiB/s (raw) / 3.76 MiB/s (decompressed)
[PROGRESS] INFO:  + Disk	- 5.88 MiB/s (write) / 0.00 MiB/s (read)
[PROGRESS] INFO: = Progress: 6.82 1214098163/17802455739, Running for: 00:03:12, ETA: 00:43:55
[PROGRESS] INFO: = Downloaded: 736.51 MiB, Written: 1157.85 MiB
[PROGRESS] INFO:  + Download	- 0.50 MiB/s (raw) / 0.81 MiB/s (decompressed)
[PROGRESS] INFO:  + Disk	- 0.00 MiB/s (write) / 0.00 MiB/s (read)
[PROGRESS] INFO: = Progress: 6.88 1224583923/17802455739, Running for: 00:03:14, ETA: 00:43:49
[PROGRESS] INFO: = Downloaded: 743.68 MiB, Written: 1167.85 MiB
[PROGRESS] INFO:  + Download	- 4.16 MiB/s (raw) / 6.22 MiB/s (decompressed)
[PROGRESS] INFO:  + Disk	- 7.56 MiB/s (write) / 0.00 MiB/s (read)
[PROGRESS] INFO: = Progress: 6.88 1224583923/17802455739, Running for: 00:03:15, ETA: 00:44:02
[PROGRESS] INFO: = Downloaded: 743.68 MiB, Written: 1167.85 MiB
[PROGRESS] INFO:  + Download	- 0.50 MiB/s (raw) / 0.55 MiB/s (decompressed)
[PROGRESS] INFO:  + Disk	- 0.00 MiB/s (write) / 0.00 MiB/s (read)
[PROGRESS] INFO: = Progress: 6.88 1224583923/17802455739, Running for: 00:03:16, ETA: 00:44:16
[PROGRESS] INFO: = Downloaded: 743.68 MiB, Written: 1167.85 MiB
[PROGRESS] INFO:  + Download	- 0.50 MiB/s (raw) / 0.70 MiB/s (decompressed)
[PROGRESS] INFO:  + Disk	- 0.00 MiB/s (write) / 0.00 MiB/s (read)
[PROGRESS] INFO: = Progress: 6.88 1224583923/17802455739, Running for: 00:03:17, ETA: 00:44:29
[PROGRESS] INFO: = Downloaded: 743.68 MiB, Written: 1167.85 MiB
[PROGRESS] INFO:  + Download	- 0.50 MiB/s (raw) / 0.52 MiB/s (decompressed)
[PROGRESS] INFO:  + Disk	- 0.00 MiB/s (write) / 0.00 MiB/s (read)
[PROGRESS] INFO: = Progress: 6.94 1235069683/17802455739, Running for: 00:03:18, ETA: 00:44:25
[PROGRESS] INFO: = Downloaded: 751.05 MiB, Written: 1177.85 MiB
[PROGRESS] INFO:  + Download	- 3.71 MiB/s (raw) / 4.93 MiB/s (decompressed)
[PROGRESS] INFO:  + Disk	- 6.77 MiB/s (write) / 0.00 MiB/s (read)
[PROGRESS] INFO: = Progress: 6.94 1235069683/17802455739, Running for: 00:03:19, ETA: 00:44:38
[PROGRESS] INFO: = Downloaded: 751.05 MiB, Written: 1177.85 MiB
[PROGRESS] INFO:  + Download	- 0.50 MiB/s (raw) / 1.49 MiB/s (decompressed)
[PROGRESS] INFO:  + Disk	- 0.00 MiB/s (write) / 0.00 MiB/s (read)
[PROGRESS] INFO: = Progress: 6.94 1235069683/17802455739, Running for: 00:03:20, ETA: 00:44:52
[PROGRESS] INFO: = Downloaded: 757.18 MiB, Written: 1177.85 MiB
[PROGRESS] INFO:  + Download	- 0.50 MiB/s (raw) / 0.76 MiB/s (decompressed)
[PROGRESS] INFO:  + Disk	- 0.00 MiB/s (write) / 0.00 MiB/s (read)
[PROGRESS] INFO: = Progress: 6.94 1235069683/17802455739, Running for: 00:03:21, ETA: 00:45:05
[PROGRESS] INFO: = Downloaded: 757.18 MiB, Written: 1177.85 MiB
[PROGRESS] INFO:  + Download	- 0.50 MiB/s (raw) / 0.56 MiB/s (decompressed)
[PROGRESS] INFO:  + Disk	- 0.00 MiB/s (write) / 0.00 MiB/s (read)
[PROGRESS] INFO: = Progress: 7.00 1245555443/17802455739, Running for: 00:03:23, ETA: 00:44:59
[PROGRESS] INFO: = Downloaded: 763.58 MiB, Written: 1187.85 MiB
[PROGRESS] INFO:  + Download	- 3.82 MiB/s (raw) / 4.83 MiB/s (decompressed)
[PROGRESS] INFO:  + Disk	- 7.39 MiB/s (write) / 0.00 MiB/s (read)
[PROGRESS] INFO: = Progress: 7.00 1245555443/17802455739, Running for: 00:03:24, ETA: 00:45:12
[PROGRESS] INFO: = Downloaded: 763.58 MiB, Written: 1187.85 MiB
[PROGRESS] INFO:  + Download	- 0.50 MiB/s (raw) / 0.54 MiB/s (decompressed)
[PROGRESS] INFO:  + Disk	- 0.00 MiB/s (write) / 0.00 MiB/s (read)
[PROGRESS] INFO: = Progress: 7.00 1245555443/17802455739, Running for: 00:03:25, ETA: 00:45:25
[PROGRESS] INFO: = Downloaded: 763.58 MiB, Written: 1187.85 MiB
[PROGRESS] INFO:  + Download	- 0.50 MiB/s (raw) / 0.60 MiB/s (decompressed)
[PROGRESS] INFO:  + Disk	- 0.00 MiB/s (write) / 0.00 MiB/s (read)
[PROGRESS] INFO: = Progress: 7.06 1256041203/17802455739, Running for: 00:03:26, ETA: 00:45:24
[PROGRESS] INFO: = Downloaded: 775.11 MiB, Written: 1197.85 MiB
[PROGRESS] INFO:  + Download	- 3.15 MiB/s (raw) / 5.38 MiB/s (decompressed)
[PROGRESS] INFO:  + Disk	- 5.72 MiB/s (write) / 0.00 MiB/s (read)
[PROGRESS] INFO: = Progress: 7.06 1256041203/17802455739, Running for: 00:03:27, ETA: 00:45:37
[PROGRESS] INFO: = Downloaded: 775.11 MiB, Written: 1197.85 MiB
[PROGRESS] INFO:  + Download	- 0.50 MiB/s (raw) / 0.58 MiB/s (decompressed)
[PROGRESS] INFO:  + Disk	- 0.00 MiB/s (write) / 0.00 MiB/s (read)
[PROGRESS] INFO: = Progress: 7.06 1256041203/17802455739, Running for: 00:03:28, ETA: 00:45:50
[PROGRESS] INFO: = Downloaded: 775.11 MiB, Written: 1197.85 MiB
[PROGRESS] INFO:  + Download	- 0.50 MiB/s (raw) / 0.67 MiB/s (decompressed)
[PROGRESS] INFO:  + Disk	- 0.00 MiB/s (write) / 0.00 MiB/s (read)
[PROGRESS] INFO: = Progress: 7.06 1256041203/17802455739, Running for: 00:03:29, ETA: 00:46:03
[PROGRESS] INFO: = Downloaded: 775.11 MiB, Written: 1197.85 MiB
[PROGRESS] INFO:  + Download	- 0.50 MiB/s (raw) / 0.81 MiB/s (decompressed)
[PROGRESS] INFO:  + Disk	- 0.00 MiB/s (write) / 0.00 MiB/s (read)
[PROGRESS] INFO: = Progress: 7.06 1256041203/17802455739, Running for: 00:03:30, ETA: 00:46:17
[PROGRESS] INFO: = Downloaded: 781.82 MiB, Written: 1197.85 MiB
[PROGRESS] INFO:  + Download	- 0.05 MiB/s (raw) / 0.08 MiB/s (decompressed)
[PROGRESS] INFO:  + Disk	- 0.00 MiB/s (write) / 0.00 MiB/s (read)
[PROGRESS] INFO: = Progress: 7.29 1297984243/17802455739, Running for: 00:03:32, ETA: 00:45:05
[PROGRESS] INFO: = Downloaded: 789.75 MiB, Written: 1237.85 MiB
[PROGRESS] INFO:  + Download	- 9.94 MiB/s (raw) / 13.92 MiB/s (decompressed)
[PROGRESS] INFO:  + Disk	- 20.21 MiB/s (write) / 0.00 MiB/s (read)
[PROGRESS] INFO: = Progress: 7.29 1297984243/17802455739, Running for: 00:03:33, ETA: 00:45:18
[PROGRESS] INFO: = Downloaded: 789.75 MiB, Written: 1237.85 MiB
[PROGRESS] INFO:  + Download	- 0.50 MiB/s (raw) / 0.60 MiB/s (decompressed)
[PROGRESS] INFO:  + Disk	- 0.00 MiB/s (write) / 0.00 MiB/s (read)
[PROGRESS] INFO: = Progress: 7.29 1297984243/17802455739, Running for: 00:03:34, ETA: 00:45:31
[PROGRESS] INFO: = Downloaded: 789.75 MiB, Written: 1237.85 MiB
[PROGRESS] INFO:  + Download	- 0.50 MiB/s (raw) / 0.78 MiB/s (decompressed)
[PROGRESS] INFO:  + Disk	- 0.00 MiB/s (write) / 0.00 MiB/s (read)
[PROGRESS] INFO: = Progress: 7.29 1297984243/17802455739, Running for: 00:03:35, ETA: 00:45:43
[PROGRESS] INFO: = Downloaded: 789.75 MiB, Written: 1237.85 MiB
[PROGRESS] INFO:  + Download	- 0.50 MiB/s (raw) / 0.56 MiB/s (decompressed)
[PROGRESS] INFO:  + Disk	- 0.00 MiB/s (write) / 0.00 MiB/s (read)
[PROGRESS] INFO: = Progress: 7.29 1297984243/17802455739, Running for: 00:03:36, ETA: 00:45:56
[PROGRESS] INFO: = Downloaded: 789.75 MiB, Written: 1237.85 MiB
[PROGRESS] INFO:  + Download	- 0.50 MiB/s (raw) / 0.56 MiB/s (decompressed)
[PROGRESS] INFO:  + Disk	- 0.00 MiB/s (write) / 0.00 MiB/s (read)
[PROGRESS] INFO: = Progress: 7.29 1297984243/17802455739, Running for: 00:03:37, ETA: 00:46:09
[PROGRESS] INFO: = Downloaded: 789.75 MiB, Written: 1237.85 MiB
[PROGRESS] INFO:  + Download	- 0.50 MiB/s (raw) / 0.67 MiB/s (decompressed)
[PROGRESS] INFO:  + Disk	- 0.00 MiB/s (write) / 0.00 MiB/s (read)
[PROGRESS] INFO: = Progress: 7.29 1297984243/17802455739, Running for: 00:03:38, ETA: 00:46:22
[PROGRESS] INFO: = Downloaded: 789.75 MiB, Written: 1237.85 MiB
[PROGRESS] INFO:  + Download	- 0.50 MiB/s (raw) / 0.52 MiB/s (decompressed)
[PROGRESS] INFO:  + Disk	- 0.00 MiB/s (write) / 0.00 MiB/s (read)
[PROGRESS] INFO: = Progress: 7.29 1297984243/17802455739, Running for: 00:03:39, ETA: 00:46:34
[PROGRESS] INFO: = Downloaded: 789.75 MiB, Written: 1237.85 MiB
[PROGRESS] INFO:  + Download	- 0.50 MiB/s (raw) / 0.54 MiB/s (decompressed)
[PROGRESS] INFO:  + Disk	- 0.00 MiB/s (write) / 0.00 MiB/s (read)
[PROGRESS] INFO: = Progress: 7.29 1297984243/17802455739, Running for: 00:03:40, ETA: 00:46:47
[PROGRESS] INFO: = Downloaded: 789.75 MiB, Written: 1237.85 MiB
[PROGRESS] INFO:  + Download	- 0.50 MiB/s (raw) / 0.84 MiB/s (decompressed)
[PROGRESS] INFO:  + Disk	- 0.00 MiB/s (write) / 0.00 MiB/s (read)
[PROGRESS] INFO: = Progress: 7.29 1297984243/17802455739, Running for: 00:03:41, ETA: 00:47:00
[PROGRESS] INFO: = Downloaded: 789.75 MiB, Written: 1237.85 MiB
[PROGRESS] INFO:  + Download	- 0.50 MiB/s (raw) / 0.96 MiB/s (decompressed)
[PROGRESS] INFO:  + Disk	- 0.00 MiB/s (write) / 0.00 MiB/s (read)
[PROGRESS] INFO: = Progress: 7.29 1297984243/17802455739, Running for: 00:03:42, ETA: 00:47:13
[PROGRESS] INFO: = Downloaded: 789.75 MiB, Written: 1237.85 MiB
[PROGRESS] INFO:  + Download	- 0.17 MiB/s (raw) / 0.20 MiB/s (decompressed)
[PROGRESS] INFO:  + Disk	- 0.00 MiB/s (write) / 0.00 MiB/s (read)
[PROGRESS] INFO: = Progress: 7.29 1297984243/17802455739, Running for: 00:03:43, ETA: 00:47:25
[PROGRESS] INFO: = Downloaded: 796.80 MiB, Written: 1237.85 MiB
[PROGRESS] INFO:  + Download	- 3.00 MiB/s (raw) / 4.37 MiB/s (decompressed)
[PROGRESS] INFO:  + Disk	- 5.99 MiB/s (write) / 0.00 MiB/s (read)
[PROGRESS] INFO: = Progress: 7.35 1308470003/17802455739, Running for: 00:03:44, ETA: 00:47:13
[PROGRESS] INFO: = Downloaded: 803.23 MiB, Written: 1247.85 MiB
[PROGRESS] INFO:  + Download	- 2.48 MiB/s (raw) / 4.45 MiB/s (decompressed)
[PROGRESS] INFO:  + Disk	- 3.97 MiB/s (write) / 0.00 MiB/s (read)
[PROGRESS] INFO: = Progress: 7.35 1308470003/17802455739, Running for: 00:03:45, ETA: 00:47:26
[PROGRESS] INFO: = Downloaded: 803.23 MiB, Written: 1247.85 MiB
[PROGRESS] INFO:  + Download	- 0.50 MiB/s (raw) / 0.71 MiB/s (decompressed)
[PROGRESS] INFO:  + Disk	- 0.00 MiB/s (write) / 0.00 MiB/s (read)
[PROGRESS] INFO: = Progress: 7.35 1308470003/17802455739, Running for: 00:03:46, ETA: 00:47:39
[PROGRESS] INFO: = Downloaded: 810.74 MiB, Written: 1247.85 MiB
[PROGRESS] INFO:  + Download	- 0.50 MiB/s (raw) / 0.74 MiB/s (decompressed)
[PROGRESS] INFO:  + Disk	- 0.00 MiB/s (write) / 0.00 MiB/s (read)
[PROGRESS] INFO: = Progress: 7.35 1308470003/17802455739, Running for: 00:03:47, ETA: 00:47:51
[PROGRESS] INFO: = Downloaded: 810.74 MiB, Written: 1247.85 MiB
[PROGRESS] INFO:  + Download	- 0.50 MiB/s (raw) / 0.53 MiB/s (decompressed)
[PROGRESS] INFO:  + Disk	- 0.00 MiB/s (write) / 0.00 MiB/s (read)
[PROGRESS] INFO: = Progress: 7.35 1308470003/17802455739, Running for: 00:03:48, ETA: 00:48:04
[PROGRESS] INFO: = Downloaded: 810.74 MiB, Written: 1247.85 MiB
[PROGRESS] INFO:  + Download	- 0.50 MiB/s (raw) / 0.82 MiB/s (decompressed)
[PROGRESS] INFO:  + Disk	- 0.00 MiB/s (write) / 0.00 MiB/s (read)
[PROGRESS] INFO: = Progress: 7.35 1308470003/17802455739, Running for: 00:03:49, ETA: 00:48:17
[PROGRESS] INFO: = Downloaded: 810.74 MiB, Written: 1247.85 MiB
[PROGRESS] INFO:  + Download	- 0.50 MiB/s (raw) / 0.52 MiB/s (decompressed)
[PROGRESS] INFO:  + Disk	- 0.00 MiB/s (write) / 0.00 MiB/s (read)
[PROGRESS] INFO: = Progress: 7.35 1308470003/17802455739, Running for: 00:03:50, ETA: 00:48:29
[PROGRESS] INFO: = Downloaded: 817.91 MiB, Written: 1247.85 MiB
[PROGRESS] INFO:  + Download	- 0.50 MiB/s (raw) / 0.65 MiB/s (decompressed)
[PROGRESS] INFO:  + Disk	- 0.00 MiB/s (write) / 0.00 MiB/s (read)
[PROGRESS] INFO: = Progress: 7.53 1339927283/17802455739, Running for: 00:03:51, ETA: 00:47:28
[PROGRESS] INFO: = Downloaded: 825.89 MiB, Written: 1277.85 MiB
[PROGRESS] INFO:  + Download	- 14.44 MiB/s (raw) / 19.75 MiB/s (decompressed)
[PROGRESS] INFO:  + Disk	- 28.75 MiB/s (write) / 0.00 MiB/s (read)
[PROGRESS] INFO: = Progress: 7.53 1339927283/17802455739, Running for: 00:03:52, ETA: 00:47:41
[PROGRESS] INFO: = Downloaded: 825.89 MiB, Written: 1277.85 MiB
[PROGRESS] INFO:  + Download	- 0.50 MiB/s (raw) / 0.62 MiB/s (decompressed)
[PROGRESS] INFO:  + Disk	- 0.00 MiB/s (write) / 0.00 MiB/s (read)
[PROGRESS] INFO: = Progress: 7.64 1360898803/17802455739, Running for: 00:03:53, ETA: 00:47:06
[PROGRESS] INFO: = Downloaded: 847.95 MiB, Written: 1297.85 MiB
[PROGRESS] INFO:  + Download	- 9.52 MiB/s (raw) / 12.89 MiB/s (decompressed)
[PROGRESS] INFO:  + Disk	- 19.03 MiB/s (write) / 0.00 MiB/s (read)
[PROGRESS] INFO: = Progress: 7.76 1381870323/17802455739, Running for: 00:03:54, ETA: 00:46:32
[PROGRESS] INFO: = Downloaded: 847.95 MiB, Written: 1317.85 MiB
[PROGRESS] INFO:  + Download	- 8.90 MiB/s (raw) / 12.68 MiB/s (decompressed)
[PROGRESS] INFO:  + Disk	- 18.79 MiB/s (write) / 0.00 MiB/s (read)
[PROGRESS] INFO: = Progress: 7.76 1381870323/17802455739, Running for: 00:03:55, ETA: 00:46:44
[PROGRESS] INFO: = Downloaded: 847.95 MiB, Written: 1317.85 MiB
[PROGRESS] INFO:  + Download	- 0.07 MiB/s (raw) / 0.10 MiB/s (decompressed)
[PROGRESS] INFO:  + Disk	- 0.00 MiB/s (write) / 0.00 MiB/s (read)
[PROGRESS] INFO: = Progress: 7.76 1381870323/17802455739, Running for: 00:03:56, ETA: 00:46:56
[PROGRESS] INFO: = Downloaded: 847.95 MiB, Written: 1317.85 MiB
[PROGRESS] INFO:  + Download	- 0.50 MiB/s (raw) / 0.79 MiB/s (decompressed)
[PROGRESS] INFO:  + Disk	- 0.00 MiB/s (write) / 0.00 MiB/s (read)
[PROGRESS] INFO: = Progress: 7.76 1381870323/17802455739, Running for: 00:03:57, ETA: 00:47:08
[PROGRESS] INFO: = Downloaded: 847.95 MiB, Written: 1317.85 MiB
[PROGRESS] INFO:  + Download	- 0.50 MiB/s (raw) / 1.03 MiB/s (decompressed)
[PROGRESS] INFO:  + Disk	- 0.00 MiB/s (write) / 0.00 MiB/s (read)
[PROGRESS] INFO: = Progress: 7.76 1381870323/17802455739, Running for: 00:03:58, ETA: 00:47:19
[PROGRESS] INFO: = Downloaded: 847.95 MiB, Written: 1317.85 MiB
[PROGRESS] INFO:  + Download	- 0.50 MiB/s (raw) / 0.60 MiB/s (decompressed)
[PROGRESS] INFO:  + Disk	- 0.00 MiB/s (write) / 0.00 MiB/s (read)
[PROGRESS] INFO: = Progress: 7.82 1392356083/17802455739, Running for: 00:04:00, ETA: 00:47:18
[PROGRESS] INFO: = Downloaded: 854.16 MiB, Written: 1327.85 MiB
[PROGRESS] INFO:  + Download	- 2.91 MiB/s (raw) / 4.44 MiB/s (decompressed)
[PROGRESS] INFO:  + Disk	- 5.51 MiB/s (write) / 0.00 MiB/s (read)
[PROGRESS] INFO: = Progress: 7.82 1392356083/17802455739, Running for: 00:04:01, ETA: 00:47:29
[PROGRESS] INFO: = Downloaded: 854.16 MiB, Written: 1327.85 MiB
[PROGRESS] INFO:  + Download	- 0.50 MiB/s (raw) / 0.53 MiB/s (decompressed)
[PROGRESS] INFO:  + Disk	- 0.00 MiB/s (write) / 0.00 MiB/s (read)
[PROGRESS] INFO: = Progress: 7.88 1402841843/17802455739, Running for: 00:04:03, ETA: 00:47:23
[PROGRESS] INFO: = Downloaded: 868.05 MiB, Written: 1337.85 MiB
[PROGRESS] INFO:  + Download	- 3.89 MiB/s (raw) / 5.89 MiB/s (decompressed)
[PROGRESS] INFO:  + Disk	- 7.79 MiB/s (write) / 0.00 MiB/s (read)
[PROGRESS] INFO: = Progress: 7.94 1413327603/17802455739, Running for: 00:04:04, ETA: 00:47:12
[PROGRESS] INFO: = Downloaded: 868.05 MiB, Written: 1347.85 MiB
[PROGRESS] INFO:  + Download	- 4.93 MiB/s (raw) / 6.52 MiB/s (decompressed)
[PROGRESS] INFO:  + Disk	- 8.88 MiB/s (write) / 0.00 MiB/s (read)
[PROGRESS] INFO: = Progress: 7.94 1413327603/17802455739, Running for: 00:04:05, ETA: 00:47:23
[PROGRESS] INFO: = Downloaded: 868.05 MiB, Written: 1347.85 MiB
[PROGRESS] INFO:  + Download	- 0.50 MiB/s (raw) / 0.53 MiB/s (decompressed)
[PROGRESS] INFO:  + Disk	- 0.00 MiB/s (write) / 0.00 MiB/s (read)
[PROGRESS] INFO: = Progress: 7.94 1413327603/17802455739, Running for: 00:04:06, ETA: 00:47:35
[PROGRESS] INFO: = Downloaded: 868.05 MiB, Written: 1347.85 MiB
[PROGRESS] INFO:  + Download	- 0.50 MiB/s (raw) / 0.53 MiB/s (decompressed)
[PROGRESS] INFO:  + Disk	- 0.00 MiB/s (write) / 0.00 MiB/s (read)
[PROGRESS] INFO: = Progress: 7.94 1413327603/17802455739, Running for: 00:04:07, ETA: 00:47:47
[PROGRESS] INFO: = Downloaded: 873.58 MiB, Written: 1347.85 MiB
[PROGRESS] INFO:  + Download	- 0.50 MiB/s (raw) / 0.67 MiB/s (decompressed)
[PROGRESS] INFO:  + Disk	- 0.00 MiB/s (write) / 0.00 MiB/s (read)
[PROGRESS] INFO: = Progress: 7.94 1413327603/17802455739, Running for: 00:04:08, ETA: 00:47:58
[PROGRESS] INFO: = Downloaded: 873.58 MiB, Written: 1347.85 MiB
[PROGRESS] INFO:  + Download	- 0.50 MiB/s (raw) / 0.96 MiB/s (decompressed)
[PROGRESS] INFO:  + Disk	- 0.00 MiB/s (write) / 0.00 MiB/s (read)
[PROGRESS] INFO: = Progress: 7.94 1413327603/17802455739, Running for: 00:04:09, ETA: 00:48:10
[PROGRESS] INFO: = Downloaded: 873.58 MiB, Written: 1347.85 MiB
[PROGRESS] INFO:  + Download	- 0.50 MiB/s (raw) / 0.77 MiB/s (decompressed)
[PROGRESS] INFO:  + Disk	- 0.00 MiB/s (write) / 0.00 MiB/s (read)
[PROGRESS] INFO: = Progress: 7.94 1413327603/17802455739, Running for: 00:04:10, ETA: 00:48:21
[PROGRESS] INFO: = Downloaded: 873.58 MiB, Written: 1347.85 MiB
[PROGRESS] INFO:  + Download	- 0.50 MiB/s (raw) / 0.56 MiB/s (decompressed)
[PROGRESS] INFO:  + Disk	- 0.00 MiB/s (write) / 0.00 MiB/s (read)
[PROGRESS] INFO: = Progress: 7.94 1413327603/17802455739, Running for: 00:04:11, ETA: 00:48:33
[PROGRESS] INFO: = Downloaded: 881.16 MiB, Written: 1347.85 MiB
[PROGRESS] INFO:  + Download	- 0.50 MiB/s (raw) / 0.50 MiB/s (decompressed)
[PROGRESS] INFO:  + Disk	- 0.00 MiB/s (write) / 0.00 MiB/s (read)
[PROGRESS] INFO: = Progress: 7.94 1413327603/17802455739, Running for: 00:04:12, ETA: 00:48:45
[PROGRESS] INFO: = Downloaded: 881.16 MiB, Written: 1347.85 MiB
[PROGRESS] INFO:  + Download	- 0.50 MiB/s (raw) / 0.61 MiB/s (decompressed)
[PROGRESS] INFO:  + Disk	- 0.00 MiB/s (write) / 0.00 MiB/s (read)
[PROGRESS] INFO: = Progress: 8.17 1455270643/17802455739, Running for: 00:04:14, ETA: 00:47:33
[PROGRESS] INFO: = Downloaded: 896.10 MiB, Written: 1387.85 MiB
[PROGRESS] INFO:  + Download	- 10.82 MiB/s (raw) / 16.16 MiB/s (decompressed)
[PROGRESS] INFO:  + Disk	- 22.35 MiB/s (write) / 0.00 MiB/s (read)
[PROGRESS] INFO: = Progress: 8.23 1465756403/17802455739, Running for: 00:04:15, ETA: 00:47:28
[PROGRESS] INFO: = Downloaded: 903.33 MiB, Written: 1397.85 MiB
[PROGRESS] INFO:  + Download	- 3.45 MiB/s (raw) / 4.98 MiB/s (decompressed)
[PROGRESS] INFO:  + Disk	- 6.38 MiB/s (write) / 0.00 MiB/s (read)
[PROGRESS] INFO: = Progress: 8.23 1465756403/17802455739, Running for: 00:04:16, ETA: 00:47:40
[PROGRESS] INFO: = Downloaded: 903.33 MiB, Written: 1397.85 MiB
[PROGRESS] INFO:  + Download	- 0.50 MiB/s (raw) / 0.68 MiB/s (decompressed)
[PROGRESS] INFO:  + Disk	- 0.00 MiB/s (write) / 0.00 MiB/s (read)
[PROGRESS] INFO: = Progress: 8.23 1465756403/17802455739, Running for: 00:04:17, ETA: 00:47:51
[PROGRESS] INFO: = Downloaded: 903.33 MiB, Written: 1397.85 MiB
[PROGRESS] INFO:  + Download	- 0.50 MiB/s (raw) / 0.64 MiB/s (decompressed)
[PROGRESS] INFO:  + Disk	- 0.00 MiB/s (write) / 0.00 MiB/s (read)
[PROGRESS] INFO: = Progress: 8.23 1465756403/17802455739, Running for: 00:04:18, ETA: 00:48:02
[PROGRESS] INFO: = Downloaded: 910.09 MiB, Written: 1397.85 MiB
[PROGRESS] INFO:  + Download	- 0.50 MiB/s (raw) / 0.53 MiB/s (decompressed)
[PROGRESS] INFO:  + Disk	- 0.00 MiB/s (write) / 0.00 MiB/s (read)
[PROGRESS] INFO: = Progress: 8.23 1465756403/17802455739, Running for: 00:04:19, ETA: 00:48:13
[PROGRESS] INFO: = Downloaded: 910.09 MiB, Written: 1397.85 MiB
[PROGRESS] INFO:  + Download	- 0.50 MiB/s (raw) / 0.63 MiB/s (decompressed)
[PROGRESS] INFO:  + Disk	- 0.00 MiB/s (write) / 0.00 MiB/s (read)
[PROGRESS] INFO: = Progress: 8.23 1465756403/17802455739, Running for: 00:04:20, ETA: 00:48:24
[PROGRESS] INFO: = Downloaded: 910.09 MiB, Written: 1397.85 MiB
[PROGRESS] INFO:  + Download	- 0.50 MiB/s (raw) / 0.53 MiB/s (decompressed)
[PROGRESS] INFO:  + Disk	- 0.00 MiB/s (write) / 0.00 MiB/s (read)
[PROGRESS] INFO: = Progress: 8.35 1486727923/17802455739, Running for: 00:04:21, ETA: 00:47:54
[PROGRESS] INFO: = Downloaded: 917.95 MiB, Written: 1417.85 MiB
[PROGRESS] INFO:  + Download	- 7.86 MiB/s (raw) / 12.03 MiB/s (decompressed)
[PROGRESS] INFO:  + Disk	- 15.67 MiB/s (write) / 0.00 MiB/s (read)
[PROGRESS] INFO: = Progress: 8.41 1497213683/17802455739, Running for: 00:04:23, ETA: 00:47:50
[PROGRESS] INFO: = Downloaded: 924.53 MiB, Written: 1427.85 MiB
[PROGRESS] INFO:  + Download	- 3.09 MiB/s (raw) / 4.65 MiB/s (decompressed)
[PROGRESS] INFO:  + Disk	- 5.93 MiB/s (write) / 0.00 MiB/s (read)
[PROGRESS] INFO: = Progress: 8.41 1497213683/17802455739, Running for: 00:04:24, ETA: 00:48:01
[PROGRESS] INFO: = Downloaded: 924.53 MiB, Written: 1427.85 MiB
[PROGRESS] INFO:  + Download	- 0.50 MiB/s (raw) / 0.85 MiB/s (decompressed)
[PROGRESS] INFO:  + Disk	- 0.00 MiB/s (write) / 0.00 MiB/s (read)
[11/08/2024, 21:37:01] GOGDL_CONFIG_PATH=/home/strobelt/.config/heroic/gogdlConfig /opt/Heroic/resources/app.asar.unpacked/build/bin/x64/linux/gogdl --auth-config-path /home/strobelt/.config/heroic/gog_store/auth.json auth
{"access_token":"<redacted>","expires_in":3600,"token_type":"bearer","scope":"","session_id":"<redacted>","refresh_token":"<redacted>","user_id":"<redacted>","loginTime":1723422666.301182}
[PROGRESS] INFO: = Progress: 8.41 1497213683/17802455739, Running for: 00:04:25, ETA: 00:48:12
[PROGRESS] INFO: = Downloaded: 931.89 MiB, Written: 1427.85 MiB
[PROGRESS] INFO:  + Download	- 0.50 MiB/s (raw) / 0.74 MiB/s (decompressed)
[PROGRESS] INFO:  + Disk	- 0.00 MiB/s (write) / 0.00 MiB/s (read)
[PROGRESS] INFO: = Progress: 8.41 1497213683/17802455739, Running for: 00:04:26, ETA: 00:48:23
[PROGRESS] INFO: = Downloaded: 931.89 MiB, Written: 1427.85 MiB
[PROGRESS] INFO:  + Download	- 0.50 MiB/s (raw) / 0.58 MiB/s (decompressed)
[PROGRESS] INFO:  + Disk	- 0.00 MiB/s (write) / 0.00 MiB/s (read)
[PROGRESS] INFO: = Progress: 8.41 1497213683/17802455739, Running for: 00:04:27, ETA: 00:48:34
[PROGRESS] INFO: = Downloaded: 931.89 MiB, Written: 1427.85 MiB
[PROGRESS] INFO:  + Download	- 0.43 MiB/s (raw) / 0.59 MiB/s (decompressed)
[PROGRESS] INFO:  + Disk	- 0.00 MiB/s (write) / 0.00 MiB/s (read)
[PROGRESS] INFO: = Progress: 8.41 1497213683/17802455739, Running for: 00:04:28, ETA: 00:48:45
[PROGRESS] INFO: = Downloaded: 931.89 MiB, Written: 1427.85 MiB
[PROGRESS] INFO:  + Download	- 0.50 MiB/s (raw) / 0.80 MiB/s (decompressed)
[PROGRESS] INFO:  + Disk	- 0.00 MiB/s (write) / 0.00 MiB/s (read)
[PROGRESS] INFO: = Progress: 8.41 1497213683/17802455739, Running for: 00:04:29, ETA: 00:48:55
[PROGRESS] INFO: = Downloaded: 931.89 MiB, Written: 1427.85 MiB
[PROGRESS] INFO:  + Download	- 0.50 MiB/s (raw) / 0.71 MiB/s (decompressed)
[PROGRESS] INFO:  + Disk	- 0.00 MiB/s (write) / 0.00 MiB/s (read)
[PROGRESS] INFO: = Progress: 8.41 1497213683/17802455739, Running for: 00:04:30, ETA: 00:49:06
[PROGRESS] INFO: = Downloaded: 931.89 MiB, Written: 1427.85 MiB
[PROGRESS] INFO:  + Download	- 0.50 MiB/s (raw) / 0.56 MiB/s (decompressed)
[PROGRESS] INFO:  + Disk	- 0.00 MiB/s (write) / 0.00 MiB/s (read)
[PROGRESS] INFO: = Progress: 8.41 1497213683/17802455739, Running for: 00:04:31, ETA: 00:49:17
[PROGRESS] INFO: = Downloaded: 931.89 MiB, Written: 1427.85 MiB
[PROGRESS] INFO:  + Download	- 0.50 MiB/s (raw) / 0.56 MiB/s (decompressed)
[PROGRESS] INFO:  + Disk	- 0.00 MiB/s (write) / 0.00 MiB/s (read)
[PROGRESS] INFO: = Progress: 8.53 1518185203/17802455739, Running for: 00:04:32, ETA: 00:48:46
[PROGRESS] INFO: = Downloaded: 953.61 MiB, Written: 1447.85 MiB
[PROGRESS] INFO:  + Download	- 8.18 MiB/s (raw) / 11.45 MiB/s (decompressed)
[PROGRESS] INFO:  + Disk	- 16.36 MiB/s (write) / 0.00 MiB/s (read)
[PROGRESS] INFO: = Progress: 8.59 1528670963/17802455739, Running for: 00:04:33, ETA: 00:48:35
[PROGRESS] INFO: = Downloaded: 953.61 MiB, Written: 1457.85 MiB
[PROGRESS] INFO:  + Download	- 4.96 MiB/s (raw) / 7.46 MiB/s (decompressed)
[PROGRESS] INFO:  + Disk	- 8.93 MiB/s (write) / 0.00 MiB/s (read)
[PROGRESS] INFO: = Progress: 8.59 1528670963/17802455739, Running for: 00:04:34, ETA: 00:48:46
[PROGRESS] INFO: = Downloaded: 953.61 MiB, Written: 1457.85 MiB
[PROGRESS] INFO:  + Download	- 0.50 MiB/s (raw) / 0.60 MiB/s (decompressed)
[PROGRESS] INFO:  + Disk	- 0.00 MiB/s (write) / 0.00 MiB/s (read)
[PROGRESS] INFO: = Progress: 8.59 1528670963/17802455739, Running for: 00:04:35, ETA: 00:48:57
[PROGRESS] INFO: = Downloaded: 953.61 MiB, Written: 1457.85 MiB
[PROGRESS] INFO:  + Download	- 0.50 MiB/s (raw) / 0.53 MiB/s (decompressed)
[PROGRESS] INFO:  + Disk	- 0.00 MiB/s (write) / 0.00 MiB/s (read)
[PROGRESS] INFO: = Progress: 8.59 1528670963/17802455739, Running for: 00:04:36, ETA: 00:49:07
[PROGRESS] INFO: = Downloaded: 953.61 MiB, Written: 1457.85 MiB
[PROGRESS] INFO:  + Download	- 0.50 MiB/s (raw) / 0.86 MiB/s (decompressed)
[PROGRESS] INFO:  + Disk	- 0.00 MiB/s (write) / 0.00 MiB/s (read)
[PROGRESS] INFO: = Progress: 8.59 1528670963/17802455739, Running for: 00:04:37, ETA: 00:49:18
[PROGRESS] INFO: = Downloaded: 953.61 MiB, Written: 1457.85 MiB
[PROGRESS] INFO:  + Download	- 0.50 MiB/s (raw) / 0.68 MiB/s (decompressed)
[PROGRESS] INFO:  + Disk	- 0.00 MiB/s (write) / 0.00 MiB/s (read)
[PROGRESS] INFO: = Progress: 8.70 1549642483/17802455739, Running for: 00:04:39, ETA: 00:48:52
[PROGRESS] INFO: = Downloaded: 960.83 MiB, Written: 1477.85 MiB
[PROGRESS] INFO:  + Download	- 5.98 MiB/s (raw) / 8.48 MiB/s (decompressed)
[PROGRESS] INFO:  + Disk	- 11.98 MiB/s (write) / 0.00 MiB/s (read)
[PROGRESS] INFO: = Progress: 8.70 1549642483/17802455739, Running for: 00:04:40, ETA: 00:49:02
[PROGRESS] INFO: = Downloaded: 960.83 MiB, Written: 1477.85 MiB
[PROGRESS] INFO:  + Download	- 0.50 MiB/s (raw) / 1.17 MiB/s (decompressed)
[PROGRESS] INFO:  + Disk	- 0.00 MiB/s (write) / 0.00 MiB/s (read)
[PROGRESS] INFO: = Progress: 8.76 1560128243/17802455739, Running for: 00:04:42, ETA: 00:48:58
[PROGRESS] INFO: = Downloaded: 968.08 MiB, Written: 1487.85 MiB
[PROGRESS] INFO:  + Download	- 3.03 MiB/s (raw) / 3.95 MiB/s (decompressed)
[PROGRESS] INFO:  + Disk	- 6.05 MiB/s (write) / 0.00 MiB/s (read)
[PROGRESS] INFO: = Progress: 8.76 1560128243/17802455739, Running for: 00:04:43, ETA: 00:49:08
[PROGRESS] INFO: = Downloaded: 968.08 MiB, Written: 1487.85 MiB
[PROGRESS] INFO:  + Download	- 0.50 MiB/s (raw) / 0.71 MiB/s (decompressed)
[PROGRESS] INFO:  + Disk	- 0.00 MiB/s (write) / 0.00 MiB/s (read)
[PROGRESS] INFO: = Progress: 8.76 1560128243/17802455739, Running for: 00:04:44, ETA: 00:49:19
[PROGRESS] INFO: = Downloaded: 968.08 MiB, Written: 1487.85 MiB
[PROGRESS] INFO:  + Download	- 0.50 MiB/s (raw) / 0.56 MiB/s (decompressed)
[PROGRESS] INFO:  + Disk	- 0.00 MiB/s (write) / 0.00 MiB/s (read)
[PROGRESS] INFO: = Progress: 8.82 1570614003/17802455739, Running for: 00:04:46, ETA: 00:49:16
[PROGRESS] INFO: = Downloaded: 975.31 MiB, Written: 1497.85 MiB
[PROGRESS] INFO:  + Download	- 3.03 MiB/s (raw) / 3.84 MiB/s (decompressed)
[PROGRESS] INFO:  + Disk	- 5.50 MiB/s (write) / 0.00 MiB/s (read)
[PROGRESS] INFO: = Progress: 8.82 1570614003/17802455739, Running for: 00:04:47, ETA: 00:49:26
[PROGRESS] INFO: = Downloaded: 982.79 MiB, Written: 1497.85 MiB
[PROGRESS] INFO:  + Download	- 0.50 MiB/s (raw) / 0.63 MiB/s (decompressed)
[PROGRESS] INFO:  + Disk	- 0.00 MiB/s (write) / 0.00 MiB/s (read)
[PROGRESS] INFO: = Progress: 8.82 1570614003/17802455739, Running for: 00:04:48, ETA: 00:49:36
[PROGRESS] INFO: = Downloaded: 982.79 MiB, Written: 1497.85 MiB
[PROGRESS] INFO:  + Download	- 0.16 MiB/s (raw) / 0.38 MiB/s (decompressed)
[PROGRESS] INFO:  + Disk	- 0.00 MiB/s (write) / 0.00 MiB/s (read)
[PROGRESS] INFO: = Progress: 8.94 1591585523/17802455739, Running for: 00:04:49, ETA: 00:49:04
[PROGRESS] INFO: = Downloaded: 989.50 MiB, Written: 1517.85 MiB
[PROGRESS] INFO:  + Download	- 9.85 MiB/s (raw) / 13.07 MiB/s (decompressed)
[PROGRESS] INFO:  + Disk	- 19.37 MiB/s (write) / 0.00 MiB/s (read)
[PROGRESS] INFO: = Progress: 8.94 1591585523/17802455739, Running for: 00:04:50, ETA: 00:49:14
[PROGRESS] INFO: = Downloaded: 995.67 MiB, Written: 1517.85 MiB
[PROGRESS] INFO:  + Download	- 0.05 MiB/s (raw) / 0.06 MiB/s (decompressed)
[PROGRESS] INFO:  + Disk	- 0.00 MiB/s (write) / 0.00 MiB/s (read)
[PROGRESS] INFO: = Progress: 9.00 1602071283/17802455739, Running for: 00:04:51, ETA: 00:49:06
[PROGRESS] INFO: = Downloaded: 1003.01 MiB, Written: 1527.85 MiB
[PROGRESS] INFO:  + Download	- 4.15 MiB/s (raw) / 5.47 MiB/s (decompressed)
[PROGRESS] INFO:  + Disk	- 7.79 MiB/s (write) / 0.00 MiB/s (read)
[PROGRESS] INFO: = Progress: 9.00 1602071283/17802455739, Running for: 00:04:52, ETA: 00:49:16
[PROGRESS] INFO: = Downloaded: 1003.01 MiB, Written: 1527.85 MiB
[PROGRESS] INFO:  + Download	- 0.50 MiB/s (raw) / 0.56 MiB/s (decompressed)
[PROGRESS] INFO:  + Disk	- 0.00 MiB/s (write) / 0.00 MiB/s (read)
[PROGRESS] INFO: = Progress: 9.00 1602071283/17802455739, Running for: 00:04:53, ETA: 00:49:26
[PROGRESS] INFO: = Downloaded: 1003.01 MiB, Written: 1527.85 MiB
[PROGRESS] INFO:  + Download	- 0.50 MiB/s (raw) / 0.62 MiB/s (decompressed)
[PROGRESS] INFO:  + Disk	- 0.00 MiB/s (write) / 0.00 MiB/s (read)
[PROGRESS] INFO: = Progress: 9.12 1623042803/17802455739, Running for: 00:04:54, ETA: 00:49:00
[PROGRESS] INFO: = Downloaded: 1009.32 MiB, Written: 1547.85 MiB
[PROGRESS] INFO:  + Download	- 6.72 MiB/s (raw) / 9.39 MiB/s (decompressed)
[PROGRESS] INFO:  + Disk	- 12.81 MiB/s (write) / 0.00 MiB/s (read)
[PROGRESS] INFO: = Progress: 9.12 1623042803/17802455739, Running for: 00:04:55, ETA: 00:49:10
[PROGRESS] INFO: = Downloaded: 1009.32 MiB, Written: 1547.85 MiB
[PROGRESS] INFO:  + Download	- 0.50 MiB/s (raw) / 0.61 MiB/s (decompressed)
[PROGRESS] INFO:  + Disk	- 0.00 MiB/s (write) / 0.00 MiB/s (read)
[PROGRESS] INFO: = Progress: 9.18 1633528563/17802455739, Running for: 00:04:57, ETA: 00:49:02
[PROGRESS] INFO: = Downloaded: 1016.26 MiB, Written: 1557.85 MiB
[PROGRESS] INFO:  + Download	- 3.93 MiB/s (raw) / 5.50 MiB/s (decompressed)
[PROGRESS] INFO:  + Disk	- 7.55 MiB/s (write) / 0.00 MiB/s (read)
[PROGRESS] INFO: = Progress: 9.18 1633528563/17802455739, Running for: 00:04:58, ETA: 00:49:12
[PROGRESS] INFO: = Downloaded: 1016.26 MiB, Written: 1557.85 MiB
[PROGRESS] INFO:  + Download	- 0.50 MiB/s (raw) / 1.22 MiB/s (decompressed)
[PROGRESS] INFO:  + Disk	- 0.00 MiB/s (write) / 0.00 MiB/s (read)
[PROGRESS] INFO: = Progress: 9.35 1664985843/17802455739, Running for: 00:04:59, ETA: 00:48:27
[PROGRESS] INFO: = Downloaded: 1037.67 MiB, Written: 1587.85 MiB
[PROGRESS] INFO:  + Download	- 8.73 MiB/s (raw) / 12.46 MiB/s (decompressed)
[PROGRESS] INFO:  + Disk	- 17.60 MiB/s (write) / 0.00 MiB/s (read)
[PROGRESS] INFO: = Progress: 9.41 1675471603/17802455739, Running for: 00:05:01, ETA: 00:48:24
[PROGRESS] INFO: = Downloaded: 1059.61 MiB, Written: 1597.85 MiB
[PROGRESS] INFO:  + Download	- 2.83 MiB/s (raw) / 4.48 MiB/s (decompressed)
[PROGRESS] INFO:  + Disk	- 6.19 MiB/s (write) / 0.00 MiB/s (read)
[PROGRESS] INFO: = Progress: 9.59 1706928883/17802455739, Running for: 00:05:03, ETA: 00:47:42
[PROGRESS] INFO: = Downloaded: 1067.38 MiB, Written: 1627.85 MiB
[PROGRESS] INFO:  + Download	- 8.15 MiB/s (raw) / 12.00 MiB/s (decompressed)
[PROGRESS] INFO:  + Disk	- 16.22 MiB/s (write) / 0.00 MiB/s (read)
[PROGRESS] INFO: = Progress: 9.59 1706928883/17802455739, Running for: 00:05:04, ETA: 00:47:51
[PROGRESS] INFO: = Downloaded: 1067.38 MiB, Written: 1627.85 MiB
[PROGRESS] INFO:  + Download	- 0.50 MiB/s (raw) / 0.74 MiB/s (decompressed)
[PROGRESS] INFO:  + Disk	- 0.00 MiB/s (write) / 0.00 MiB/s (read)
[PROGRESS] INFO: = Progress: 9.65 1717414643/17802455739, Running for: 00:05:05, ETA: 00:47:44
[PROGRESS] INFO: = Downloaded: 1074.83 MiB, Written: 1637.85 MiB
[PROGRESS] INFO:  + Download	- 3.85 MiB/s (raw) / 5.96 MiB/s (decompressed)
[PROGRESS] INFO:  + Disk	- 7.79 MiB/s (write) / 0.00 MiB/s (read)
[PROGRESS] INFO: = Progress: 9.65 1717414643/17802455739, Running for: 00:05:06, ETA: 00:47:53
[PROGRESS] INFO: = Downloaded: 1081.58 MiB, Written: 1637.85 MiB
[PROGRESS] INFO:  + Download	- 0.50 MiB/s (raw) / 0.86 MiB/s (decompressed)
[PROGRESS] INFO:  + Disk	- 0.00 MiB/s (write) / 0.00 MiB/s (read)
[PROGRESS] INFO: = Progress: 9.71 1727900403/17802455739, Running for: 00:05:08, ETA: 00:47:46
[PROGRESS] INFO: = Downloaded: 1089.21 MiB, Written: 1647.85 MiB
[PROGRESS] INFO:  + Download	- 3.94 MiB/s (raw) / 4.89 MiB/s (decompressed)
[PROGRESS] INFO:  + Disk	- 7.53 MiB/s (write) / 0.00 MiB/s (read)
[PROGRESS] INFO: = Progress: 9.82 1748871923/17802455739, Running for: 00:05:10, ETA: 00:47:26
[PROGRESS] INFO: = Downloaded: 1096.70 MiB, Written: 1667.85 MiB
[PROGRESS] INFO:  + Download	- 5.40 MiB/s (raw) / 7.28 MiB/s (decompressed)
[PROGRESS] INFO:  + Disk	- 10.52 MiB/s (write) / 0.00 MiB/s (read)
[PROGRESS] INFO: = Progress: 9.82 1748871923/17802455739, Running for: 00:05:11, ETA: 00:47:35
[PROGRESS] INFO: = Downloaded: 1118.04 MiB, Written: 1667.85 MiB
[PROGRESS] INFO:  + Download	- 0.50 MiB/s (raw) / 0.65 MiB/s (decompressed)
[PROGRESS] INFO:  + Disk	- 0.00 MiB/s (write) / 0.00 MiB/s (read)
[PROGRESS] INFO: = Progress: 10.06 1790814963/17802455739, Running for: 00:05:12, ETA: 00:46:32
[PROGRESS] INFO: = Downloaded: 1125.62 MiB, Written: 1707.85 MiB
[PROGRESS] INFO:  + Download	- 16.01 MiB/s (raw) / 23.31 MiB/s (decompressed)
[PROGRESS] INFO:  + Disk	- 32.35 MiB/s (write) / 0.00 MiB/s (read)
[PROGRESS] INFO: = Progress: 10.06 1790814963/17802455739, Running for: 00:05:13, ETA: 00:46:41
[PROGRESS] INFO: = Downloaded: 1125.62 MiB, Written: 1707.85 MiB
[PROGRESS] INFO:  + Download	- 0.50 MiB/s (raw) / 0.67 MiB/s (decompressed)
[PROGRESS] INFO:  + Disk	- 0.00 MiB/s (write) / 0.00 MiB/s (read)
[11/08/2024, 21:37:49] GOGDL_CONFIG_PATH=/home/strobelt/.config/heroic/gogdlConfig /opt/Heroic/resources/app.asar.unpacked/build/bin/x64/linux/gogdl --auth-config-path /home/strobelt/.config/heroic/gog_store/auth.json auth
{"access_token":"<redacted>","expires_in":3600,"token_type":"bearer","scope":"","session_id":"<redacted>","refresh_token":"<redacted>","user_id":"<redacted>","loginTime":1723422666.301182}
[PROGRESS] INFO: = Progress: 10.06 1790814963/17802455739, Running for: 00:05:14, ETA: 00:46:50
[PROGRESS] INFO: = Downloaded: 1125.62 MiB, Written: 1707.85 MiB
[PROGRESS] INFO:  + Download	- 0.50 MiB/s (raw) / 0.98 MiB/s (decompressed)
[PROGRESS] INFO:  + Disk	- 0.00 MiB/s (write) / 0.00 MiB/s (read)
[PROGRESS] INFO: = Progress: 10.06 1790814963/17802455739, Running for: 00:05:15, ETA: 00:46:59
[PROGRESS] INFO: = Downloaded: 1125.62 MiB, Written: 1707.85 MiB
[PROGRESS] INFO:  + Download	- 0.50 MiB/s (raw) / 0.88 MiB/s (decompressed)
[PROGRESS] INFO:  + Disk	- 0.00 MiB/s (write) / 0.00 MiB/s (read)
[PROGRESS] INFO: = Progress: 10.12 1801300723/17802455739, Running for: 00:05:16, ETA: 00:46:51
[PROGRESS] INFO: = Downloaded: 1132.36 MiB, Written: 1717.85 MiB
[PROGRESS] INFO:  + Download	- 4.66 MiB/s (raw) / 6.26 MiB/s (decompressed)
[PROGRESS] INFO:  + Disk	- 8.47 MiB/s (write) / 0.00 MiB/s (read)
[PROGRESS] INFO: = Progress: 10.12 1801300723/17802455739, Running for: 00:05:17, ETA: 00:47:00
[PROGRESS] INFO: = Downloaded: 1132.36 MiB, Written: 1717.85 MiB
[PROGRESS] INFO:  + Download	- 0.50 MiB/s (raw) / 0.61 MiB/s (decompressed)
[PROGRESS] INFO:  + Disk	- 0.00 MiB/s (write) / 0.00 MiB/s (read)
[PROGRESS] INFO: = Progress: 10.12 1801300723/17802455739, Running for: 00:05:18, ETA: 00:47:09
[PROGRESS] INFO: = Downloaded: 1132.36 MiB, Written: 1717.85 MiB
[PROGRESS] INFO:  + Download	- 0.50 MiB/s (raw) / 0.74 MiB/s (decompressed)
[PROGRESS] INFO:  + Disk	- 0.00 MiB/s (write) / 0.00 MiB/s (read)
[PROGRESS] INFO: = Progress: 10.12 1801300723/17802455739, Running for: 00:05:19, ETA: 00:47:17
[PROGRESS] INFO: = Downloaded: 1132.36 MiB, Written: 1717.85 MiB
[PROGRESS] INFO:  + Download	- 0.50 MiB/s (raw) / 0.66 MiB/s (decompressed)
[PROGRESS] INFO:  + Disk	- 0.00 MiB/s (write) / 0.00 MiB/s (read)
[PROGRESS] INFO: = Progress: 10.18 1811786483/17802455739, Running for: 00:05:21, ETA: 00:47:13
[PROGRESS] INFO: = Downloaded: 1139.60 MiB, Written: 1727.85 MiB
[PROGRESS] INFO:  + Download	- 3.19 MiB/s (raw) / 4.32 MiB/s (decompressed)
[PROGRESS] INFO:  + Disk	- 6.48 MiB/s (write) / 0.00 MiB/s (read)
[PROGRESS] INFO: = Progress: 10.18 1811786483/17802455739, Running for: 00:05:22, ETA: 00:47:22
[PROGRESS] INFO: = Downloaded: 1139.60 MiB, Written: 1727.85 MiB
[PROGRESS] INFO:  + Download	- 0.50 MiB/s (raw) / 0.70 MiB/s (decompressed)
[PROGRESS] INFO:  + Disk	- 0.00 MiB/s (write) / 0.00 MiB/s (read)
[PROGRESS] INFO: = Progress: 10.18 1811786483/17802455739, Running for: 00:05:23, ETA: 00:47:31
[PROGRESS] INFO: = Downloaded: 1139.60 MiB, Written: 1727.85 MiB
[PROGRESS] INFO:  + Download	- 0.30 MiB/s (raw) / 0.57 MiB/s (decompressed)
[PROGRESS] INFO:  + Disk	- 0.00 MiB/s (write) / 0.00 MiB/s (read)
[PROGRESS] INFO: = Progress: 10.18 1811786483/17802455739, Running for: 00:05:24, ETA: 00:47:39
[PROGRESS] INFO: = Downloaded: 1139.60 MiB, Written: 1727.85 MiB
[PROGRESS] INFO:  + Download	- 0.50 MiB/s (raw) / 0.55 MiB/s (decompressed)
[PROGRESS] INFO:  + Disk	- 0.00 MiB/s (write) / 0.00 MiB/s (read)
[PROGRESS] INFO: = Progress: 10.18 1811786483/17802455739, Running for: 00:05:25, ETA: 00:47:48
[PROGRESS] INFO: = Downloaded: 1139.60 MiB, Written: 1727.85 MiB
[PROGRESS] INFO:  + Download	- 0.50 MiB/s (raw) / 0.62 MiB/s (decompressed)
[PROGRESS] INFO:  + Disk	- 0.00 MiB/s (write) / 0.00 MiB/s (read)
[PROGRESS] INFO: = Progress: 10.18 1811786483/17802455739, Running for: 00:05:26, ETA: 00:47:57
[PROGRESS] INFO: = Downloaded: 1139.60 MiB, Written: 1727.85 MiB
[PROGRESS] INFO:  + Download	- 0.50 MiB/s (raw) / 0.52 MiB/s (decompressed)
[PROGRESS] INFO:  + Disk	- 0.00 MiB/s (write) / 0.00 MiB/s (read)
[PROGRESS] INFO: = Progress: 10.24 1822272243/17802455739, Running for: 00:05:27, ETA: 00:47:51
[PROGRESS] INFO: = Downloaded: 1162.52 MiB, Written: 1737.85 MiB
[PROGRESS] INFO:  + Download	- 3.79 MiB/s (raw) / 5.54 MiB/s (decompressed)
[PROGRESS] INFO:  + Disk	- 6.90 MiB/s (write) / 0.00 MiB/s (read)
[PROGRESS] INFO: = Progress: 10.24 1822272243/17802455739, Running for: 00:05:28, ETA: 00:48:00
[PROGRESS] INFO: = Downloaded: 1162.52 MiB, Written: 1737.85 MiB
[PROGRESS] INFO:  + Download	- 0.50 MiB/s (raw) / 0.77 MiB/s (decompressed)
[PROGRESS] INFO:  + Disk	- 0.00 MiB/s (write) / 0.00 MiB/s (read)
[PROGRESS] INFO: = Progress: 10.24 1822272243/17802455739, Running for: 00:05:29, ETA: 00:48:09
[PROGRESS] INFO: = Downloaded: 1162.52 MiB, Written: 1737.85 MiB
[PROGRESS] INFO:  + Download	- 0.50 MiB/s (raw) / 0.72 MiB/s (decompressed)
[PROGRESS] INFO:  + Disk	- 0.00 MiB/s (write) / 0.00 MiB/s (read)
[PROGRESS] INFO: = Progress: 10.24 1822272243/17802455739, Running for: 00:05:30, ETA: 00:48:18
[PROGRESS] INFO: = Downloaded: 1162.52 MiB, Written: 1737.85 MiB
[PROGRESS] INFO:  + Download	- 0.50 MiB/s (raw) / 0.55 MiB/s (decompressed)
[PROGRESS] INFO:  + Disk	- 0.00 MiB/s (write) / 0.00 MiB/s (read)
[PROGRESS] INFO: = Progress: 10.24 1822272243/17802455739, Running for: 00:05:31, ETA: 00:48:27
[PROGRESS] INFO: = Downloaded: 1162.52 MiB, Written: 1737.85 MiB
[PROGRESS] INFO:  + Download	- 0.50 MiB/s (raw) / 0.66 MiB/s (decompressed)
[PROGRESS] INFO:  + Disk	- 0.00 MiB/s (write) / 0.00 MiB/s (read)
[PROGRESS] INFO: = Progress: 10.24 1822272243/17802455739, Running for: 00:05:32, ETA: 00:48:35
[PROGRESS] INFO: = Downloaded: 1176.59 MiB, Written: 1737.85 MiB
[PROGRESS] INFO:  + Download	- 0.50 MiB/s (raw) / 0.74 MiB/s (decompressed)
[PROGRESS] INFO:  + Disk	- 0.00 MiB/s (write) / 0.00 MiB/s (read)
[PROGRESS] INFO: = Progress: 10.24 1822272243/17802455739, Running for: 00:05:33, ETA: 00:48:44
[PROGRESS] INFO: = Downloaded: 1176.59 MiB, Written: 1737.85 MiB
[PROGRESS] INFO:  + Download	- 0.50 MiB/s (raw) / 1.12 MiB/s (decompressed)
[PROGRESS] INFO:  + Disk	- 0.00 MiB/s (write) / 0.00 MiB/s (read)
[PROGRESS] INFO: = Progress: 10.24 1822272243/17802455739, Running for: 00:05:34, ETA: 00:48:53
[PROGRESS] INFO: = Downloaded: 1176.59 MiB, Written: 1737.85 MiB
[PROGRESS] INFO:  + Download	- 0.50 MiB/s (raw) / 0.57 MiB/s (decompressed)
[PROGRESS] INFO:  + Disk	- 0.00 MiB/s (write) / 0.00 MiB/s (read)
[PROGRESS] INFO: = Progress: 10.53 1874701043/17802455739, Running for: 00:05:36, ETA: 00:47:37
[PROGRESS] INFO: = Downloaded: 1184.49 MiB, Written: 1787.85 MiB
[PROGRESS] INFO:  + Download	- 13.84 MiB/s (raw) / 19.54 MiB/s (decompressed)
[PROGRESS] INFO:  + Disk	- 28.02 MiB/s (write) / 0.00 MiB/s (read)
[PROGRESS] INFO: = Progress: 10.53 1874701043/17802455739, Running for: 00:05:37, ETA: 00:47:45
[PROGRESS] INFO: = Downloaded: 1184.49 MiB, Written: 1787.85 MiB
[PROGRESS] INFO:  + Download	- 0.48 MiB/s (raw) / 0.72 MiB/s (decompressed)
[PROGRESS] INFO:  + Disk	- 0.00 MiB/s (write) / 0.00 MiB/s (read)
[PROGRESS] INFO: = Progress: 10.53 1874701043/17802455739, Running for: 00:05:38, ETA: 00:47:54
[PROGRESS] INFO: = Downloaded: 1184.49 MiB, Written: 1787.85 MiB
[PROGRESS] INFO:  + Download	- 0.50 MiB/s (raw) / 0.73 MiB/s (decompressed)
[PROGRESS] INFO:  + Disk	- 0.00 MiB/s (write) / 0.00 MiB/s (read)
[PROGRESS] INFO: = Progress: 10.53 1874701043/17802455739, Running for: 00:05:39, ETA: 00:48:02
[PROGRESS] INFO: = Downloaded: 1184.49 MiB, Written: 1787.85 MiB
[PROGRESS] INFO:  + Download	- 0.50 MiB/s (raw) / 0.94 MiB/s (decompressed)
[PROGRESS] INFO:  + Disk	- 0.00 MiB/s (write) / 0.00 MiB/s (read)
[PROGRESS] INFO: = Progress: 10.53 1874701043/17802455739, Running for: 00:05:40, ETA: 00:48:11
[PROGRESS] INFO: = Downloaded: 1184.49 MiB, Written: 1787.85 MiB
[PROGRESS] INFO:  + Download	- 0.50 MiB/s (raw) / 0.68 MiB/s (decompressed)
[PROGRESS] INFO:  + Disk	- 0.00 MiB/s (write) / 0.00 MiB/s (read)
[PROGRESS] INFO: = Progress: 10.53 1874701043/17802455739, Running for: 00:05:41, ETA: 00:48:19
[PROGRESS] INFO: = Downloaded: 1184.49 MiB, Written: 1787.85 MiB
[PROGRESS] INFO:  + Download	- 0.50 MiB/s (raw) / 0.69 MiB/s (decompressed)
[PROGRESS] INFO:  + Disk	- 0.00 MiB/s (write) / 0.00 MiB/s (read)
[PROGRESS] INFO: = Progress: 10.53 1874701043/17802455739, Running for: 00:05:42, ETA: 00:48:28
[PROGRESS] INFO: = Downloaded: 1184.49 MiB, Written: 1787.85 MiB
[PROGRESS] INFO:  + Download	- 0.21 MiB/s (raw) / 0.32 MiB/s (decompressed)
[PROGRESS] INFO:  + Disk	- 0.00 MiB/s (write) / 0.00 MiB/s (read)
[PROGRESS] INFO: = Progress: 10.53 1874701043/17802455739, Running for: 00:05:43, ETA: 00:48:36
[PROGRESS] INFO: = Downloaded: 1184.49 MiB, Written: 1787.85 MiB
[PROGRESS] INFO:  + Download	- 0.50 MiB/s (raw) / 0.99 MiB/s (decompressed)
[PROGRESS] INFO:  + Disk	- 0.00 MiB/s (write) / 0.00 MiB/s (read)
[PROGRESS] INFO: = Progress: 10.53 1874701043/17802455739, Running for: 00:05:44, ETA: 00:48:45
[PROGRESS] INFO: = Downloaded: 1184.49 MiB, Written: 1787.85 MiB
[PROGRESS] INFO:  + Download	- 0.50 MiB/s (raw) / 0.83 MiB/s (decompressed)
[PROGRESS] INFO:  + Disk	- 0.00 MiB/s (write) / 0.00 MiB/s (read)
[PROGRESS] INFO: = Progress: 10.53 1874701043/17802455739, Running for: 00:05:45, ETA: 00:48:53
[PROGRESS] INFO: = Downloaded: 1184.49 MiB, Written: 1787.85 MiB
[PROGRESS] INFO:  + Download	- 0.50 MiB/s (raw) / 0.54 MiB/s (decompressed)
[PROGRESS] INFO:  + Disk	- 0.00 MiB/s (write) / 0.00 MiB/s (read)
[PROGRESS] INFO: = Progress: 10.53 1874701043/17802455739, Running for: 00:05:46, ETA: 00:49:02
[PROGRESS] INFO: = Downloaded: 1184.49 MiB, Written: 1787.85 MiB
[PROGRESS] INFO:  + Download	- 0.50 MiB/s (raw) / 1.02 MiB/s (decompressed)
[PROGRESS] INFO:  + Disk	- 0.00 MiB/s (write) / 0.00 MiB/s (read)
[PROGRESS] INFO: = Progress: 10.53 1874701043/17802455739, Running for: 00:05:47, ETA: 00:49:10
[PROGRESS] INFO: = Downloaded: 1184.49 MiB, Written: 1787.85 MiB
[PROGRESS] INFO:  + Download	- 0.50 MiB/s (raw) / 0.60 MiB/s (decompressed)
[PROGRESS] INFO:  + Disk	- 0.00 MiB/s (write) / 0.00 MiB/s (read)
[PROGRESS] INFO: = Progress: 10.53 1874701043/17802455739, Running for: 00:05:48, ETA: 00:49:19
[PROGRESS] INFO: = Downloaded: 1184.49 MiB, Written: 1787.85 MiB
[PROGRESS] INFO:  + Download	- 0.50 MiB/s (raw) / 0.72 MiB/s (decompressed)
[PROGRESS] INFO:  + Disk	- 0.00 MiB/s (write) / 0.00 MiB/s (read)
[PROGRESS] INFO: = Progress: 10.53 1874701043/17802455739, Running for: 00:05:49, ETA: 00:49:27
[PROGRESS] INFO: = Downloaded: 1184.49 MiB, Written: 1787.85 MiB
[PROGRESS] INFO:  + Download	- 0.50 MiB/s (raw) / 0.94 MiB/s (decompressed)
[PROGRESS] INFO:  + Disk	- 0.00 MiB/s (write) / 0.00 MiB/s (read)
[PROGRESS] INFO: = Progress: 10.59 1885186803/17802455739, Running for: 00:05:50, ETA: 00:49:19
[PROGRESS] INFO: = Downloaded: 1192.26 MiB, Written: 1797.85 MiB
[PROGRESS] INFO:  + Download	- 4.19 MiB/s (raw) / 6.65 MiB/s (decompressed)
[PROGRESS] INFO:  + Disk	- 8.37 MiB/s (write) / 0.00 MiB/s (read)
[PROGRESS] INFO: = Progress: 10.65 1895672563/17802455739, Running for: 00:05:52, ETA: 00:49:16
[PROGRESS] INFO: = Downloaded: 1199.95 MiB, Written: 1807.85 MiB
[PROGRESS] INFO:  + Download	- 2.95 MiB/s (raw) / 3.94 MiB/s (decompressed)
[PROGRESS] INFO:  + Disk	- 5.36 MiB/s (write) / 0.00 MiB/s (read)
[PROGRESS] INFO: = Progress: 10.65 1895672563/17802455739, Running for: 00:05:53, ETA: 00:49:25
[PROGRESS] INFO: = Downloaded: 1199.95 MiB, Written: 1807.85 MiB
[PROGRESS] INFO:  + Download	- 0.50 MiB/s (raw) / 0.67 MiB/s (decompressed)
[PROGRESS] INFO:  + Disk	- 0.00 MiB/s (write) / 0.00 MiB/s (read)
[PROGRESS] INFO: = Progress: 10.65 1895672563/17802455739, Running for: 00:05:54, ETA: 00:49:33
[PROGRESS] INFO: = Downloaded: 1199.95 MiB, Written: 1807.85 MiB
[PROGRESS] INFO:  + Download	- 0.50 MiB/s (raw) / 0.55 MiB/s (decompressed)
[PROGRESS] INFO:  + Disk	- 0.00 MiB/s (write) / 0.00 MiB/s (read)
[PROGRESS] INFO: = Progress: 10.71 1906158323/17802455739, Running for: 00:05:56, ETA: 00:49:30
[PROGRESS] INFO: = Downloaded: 1213.42 MiB, Written: 1817.85 MiB
[PROGRESS] INFO:  + Download	- 2.82 MiB/s (raw) / 4.09 MiB/s (decompressed)
[PROGRESS] INFO:  + Disk	- 5.32 MiB/s (write) / 0.00 MiB/s (read)
[PROGRESS] INFO: = Progress: 10.71 1906158323/17802455739, Running for: 00:05:57, ETA: 00:49:39
[PROGRESS] INFO: = Downloaded: 1213.42 MiB, Written: 1817.85 MiB
[PROGRESS] INFO:  + Download	- 0.50 MiB/s (raw) / 0.53 MiB/s (decompressed)
[PROGRESS] INFO:  + Disk	- 0.00 MiB/s (write) / 0.00 MiB/s (read)
[PROGRESS] INFO: = Progress: 10.71 1906158323/17802455739, Running for: 00:05:58, ETA: 00:49:47
[PROGRESS] INFO: = Downloaded: 1213.42 MiB, Written: 1817.85 MiB
[PROGRESS] INFO:  + Download	- 0.50 MiB/s (raw) / 0.64 MiB/s (decompressed)
[PROGRESS] INFO:  + Disk	- 0.00 MiB/s (write) / 0.00 MiB/s (read)
[PROGRESS] INFO: = Progress: 10.71 1906158323/17802455739, Running for: 00:05:59, ETA: 00:49:56
[PROGRESS] INFO: = Downloaded: 1213.42 MiB, Written: 1817.85 MiB
[PROGRESS] INFO:  + Download	- 0.50 MiB/s (raw) / 0.59 MiB/s (decompressed)
[PROGRESS] INFO:  + Disk	- 0.00 MiB/s (write) / 0.00 MiB/s (read)
[PROGRESS] INFO: = Progress: 10.71 1906158323/17802455739, Running for: 00:06:00, ETA: 00:50:04
[PROGRESS] INFO: = Downloaded: 1213.42 MiB, Written: 1817.85 MiB
[PROGRESS] INFO:  + Download	- 0.50 MiB/s (raw) / 0.60 MiB/s (decompressed)
[PROGRESS] INFO:  + Disk	- 0.00 MiB/s (write) / 0.00 MiB/s (read)
[PROGRESS] INFO: = Progress: 10.83 1927129843/17802455739, Running for: 00:06:02, ETA: 00:49:43
[PROGRESS] INFO: = Downloaded: 1227.14 MiB, Written: 1837.85 MiB
[PROGRESS] INFO:  + Download	- 5.52 MiB/s (raw) / 7.65 MiB/s (decompressed)
[PROGRESS] INFO:  + Disk	- 10.59 MiB/s (write) / 0.00 MiB/s (read)
[PROGRESS] INFO: = Progress: 11.00 1958587123/17802455739, Running for: 00:06:03, ETA: 00:49:02
[PROGRESS] INFO: = Downloaded: 1241.51 MiB, Written: 1867.85 MiB
[PROGRESS] INFO:  + Download	- 9.76 MiB/s (raw) / 12.67 MiB/s (decompressed)
[PROGRESS] INFO:  + Disk	- 19.20 MiB/s (write) / 0.00 MiB/s (read)
[PROGRESS] INFO: = Progress: 11.00 1958587123/17802455739, Running for: 00:06:04, ETA: 00:49:10
[PROGRESS] INFO: = Downloaded: 1241.51 MiB, Written: 1867.85 MiB
[PROGRESS] INFO:  + Download	- 0.50 MiB/s (raw) / 0.82 MiB/s (decompressed)
[PROGRESS] INFO:  + Disk	- 0.00 MiB/s (write) / 0.00 MiB/s (read)
[PROGRESS] INFO: = Progress: 11.00 1958587123/17802455739, Running for: 00:06:05, ETA: 00:49:18
[PROGRESS] INFO: = Downloaded: 1241.51 MiB, Written: 1867.85 MiB
[PROGRESS] INFO:  + Download	- 0.50 MiB/s (raw) / 0.55 MiB/s (decompressed)
[PROGRESS] INFO:  + Disk	- 0.00 MiB/s (write) / 0.00 MiB/s (read)
[PROGRESS] INFO: = Progress: 11.06 1969072883/17802455739, Running for: 00:06:07, ETA: 00:49:12
[PROGRESS] INFO: = Downloaded: 1248.94 MiB, Written: 1877.85 MiB
[PROGRESS] INFO:  + Download	- 3.47 MiB/s (raw) / 5.22 MiB/s (decompressed)
[PROGRESS] INFO:  + Disk	- 6.72 MiB/s (write) / 0.00 MiB/s (read)
[PROGRESS] INFO: = Progress: 11.06 1969072883/17802455739, Running for: 00:06:08, ETA: 00:49:20
[PROGRESS] INFO: = Downloaded: 1248.94 MiB, Written: 1877.85 MiB
[PROGRESS] INFO:  + Download	- 0.50 MiB/s (raw) / 0.74 MiB/s (decompressed)
[PROGRESS] INFO:  + Disk	- 0.00 MiB/s (write) / 0.00 MiB/s (read)
[PROGRESS] INFO: = Progress: 11.06 1969072883/17802455739, Running for: 00:06:09, ETA: 00:49:28
[PROGRESS] INFO: = Downloaded: 1256.14 MiB, Written: 1877.85 MiB
[PROGRESS] INFO:  + Download	- 0.50 MiB/s (raw) / 0.64 MiB/s (decompressed)
[PROGRESS] INFO:  + Disk	- 0.00 MiB/s (write) / 0.00 MiB/s (read)
[PROGRESS] INFO: = Progress: 11.12 1979558643/17802455739, Running for: 00:06:10, ETA: 00:49:20
[PROGRESS] INFO: = Downloaded: 1270.92 MiB, Written: 1887.85 MiB
[PROGRESS] INFO:  + Download	- 4.57 MiB/s (raw) / 6.34 MiB/s (decompressed)
[PROGRESS] INFO:  + Disk	- 9.15 MiB/s (write) / 0.00 MiB/s (read)
[PROGRESS] INFO: = Progress: 11.18 1990044403/17802455739, Running for: 00:06:11, ETA: 00:49:11
[PROGRESS] INFO: = Downloaded: 1270.92 MiB, Written: 1897.85 MiB
[PROGRESS] INFO:  + Download	- 4.67 MiB/s (raw) / 6.03 MiB/s (decompressed)
[PROGRESS] INFO:  + Disk	- 8.94 MiB/s (write) / 0.00 MiB/s (read)
[PROGRESS] INFO: = Progress: 11.24 2000530163/17802455739, Running for: 00:06:12, ETA: 00:49:03
[PROGRESS] INFO: = Downloaded: 1279.52 MiB, Written: 1907.85 MiB
[PROGRESS] INFO:  + Download	- 4.17 MiB/s (raw) / 5.91 MiB/s (decompressed)
[PROGRESS] INFO:  + Disk	- 7.96 MiB/s (write) / 0.00 MiB/s (read)
[PROGRESS] INFO: = Progress: 11.24 2000530163/17802455739, Running for: 00:06:13, ETA: 00:49:11
[PROGRESS] INFO: = Downloaded: 1279.52 MiB, Written: 1907.85 MiB
[PROGRESS] INFO:  + Download	- 0.50 MiB/s (raw) / 0.54 MiB/s (decompressed)
[PROGRESS] INFO:  + Disk	- 0.00 MiB/s (write) / 0.00 MiB/s (read)
[PROGRESS] INFO: = Progress: 11.24 2000530163/17802455739, Running for: 00:06:14, ETA: 00:49:19
[PROGRESS] INFO: = Downloaded: 1280.67 MiB, Written: 1907.85 MiB
[PROGRESS] INFO:  + Download	- 0.50 MiB/s (raw) / 0.53 MiB/s (decompressed)
[PROGRESS] INFO:  + Disk	- 0.00 MiB/s (write) / 0.00 MiB/s (read)
[PROGRESS] INFO: = Progress: 11.24 2000530163/17802455739, Running for: 00:06:15, ETA: 00:49:27
[PROGRESS] INFO: = Downloaded: 1282.10 MiB, Written: 1907.85 MiB
[PROGRESS] INFO:  + Download	- 0.50 MiB/s (raw) / 0.51 MiB/s (decompressed)
[PROGRESS] INFO:  + Disk	- 0.00 MiB/s (write) / 0.00 MiB/s (read)
[PROGRESS] INFO: = Progress: 11.24 2000530163/17802455739, Running for: 00:06:16, ETA: 00:49:35
[PROGRESS] INFO: = Downloaded: 1282.10 MiB, Written: 1907.85 MiB
[PROGRESS] INFO:  + Download	- 0.50 MiB/s (raw) / 0.53 MiB/s (decompressed)
[PROGRESS] INFO:  + Disk	- 0.00 MiB/s (write) / 0.00 MiB/s (read)
[PROGRESS] INFO: = Progress: 11.24 2000530163/17802455739, Running for: 00:06:17, ETA: 00:49:43
[PROGRESS] INFO: = Downloaded: 1282.10 MiB, Written: 1907.85 MiB
[PROGRESS] INFO:  + Download	- 0.50 MiB/s (raw) / 0.63 MiB/s (decompressed)
[PROGRESS] INFO:  + Disk	- 0.00 MiB/s (write) / 0.00 MiB/s (read)
[PROGRESS] INFO: = Progress: 11.24 2000530163/17802455739, Running for: 00:06:18, ETA: 00:49:51
[PROGRESS] INFO: = Downloaded: 1283.66 MiB, Written: 1907.85 MiB
[PROGRESS] INFO:  + Download	- 0.27 MiB/s (raw) / 0.28 MiB/s (decompressed)
[PROGRESS] INFO:  + Disk	- 0.00 MiB/s (write) / 0.00 MiB/s (read)
[PROGRESS] INFO: = Progress: 11.24 2000530163/17802455739, Running for: 00:06:19, ETA: 00:49:59
[PROGRESS] INFO: = Downloaded: 1288.15 MiB, Written: 1907.85 MiB
[PROGRESS] INFO:  + Download	- 0.50 MiB/s (raw) / 0.73 MiB/s (decompressed)
[PROGRESS] INFO:  + Disk	- 0.00 MiB/s (write) / 0.00 MiB/s (read)
[PROGRESS] INFO: = Progress: 11.24 2000530163/17802455739, Running for: 00:06:20, ETA: 00:50:07
[PROGRESS] INFO: = Downloaded: 1288.15 MiB, Written: 1907.85 MiB
[PROGRESS] INFO:  + Download	- 0.50 MiB/s (raw) / 0.84 MiB/s (decompressed)
[PROGRESS] INFO:  + Disk	- 0.00 MiB/s (write) / 0.00 MiB/s (read)
[PROGRESS] INFO: = Progress: 11.24 2000530163/17802455739, Running for: 00:06:21, ETA: 00:50:14
[PROGRESS] INFO: = Downloaded: 1290.13 MiB, Written: 1907.85 MiB
[PROGRESS] INFO:  + Download	- 0.50 MiB/s (raw) / 0.90 MiB/s (decompressed)
[PROGRESS] INFO:  + Disk	- 0.00 MiB/s (write) / 0.00 MiB/s (read)
[PROGRESS] INFO: = Progress: 11.24 2000530163/17802455739, Running for: 00:06:22, ETA: 00:50:22
[PROGRESS] INFO: = Downloaded: 1290.13 MiB, Written: 1907.85 MiB
[PROGRESS] INFO:  + Download	- 0.50 MiB/s (raw) / 0.57 MiB/s (decompressed)
[PROGRESS] INFO:  + Disk	- 0.00 MiB/s (write) / 0.00 MiB/s (read)
[PROGRESS] INFO: = Progress: 11.24 2000530163/17802455739, Running for: 00:06:23, ETA: 00:50:30
[PROGRESS] INFO: = Downloaded: 1292.18 MiB, Written: 1907.85 MiB
[PROGRESS] INFO:  + Download	- 0.50 MiB/s (raw) / 0.56 MiB/s (decompressed)
[PROGRESS] INFO:  + Disk	- 0.00 MiB/s (write) / 0.00 MiB/s (read)
[PROGRESS] INFO: = Progress: 11.24 2000530163/17802455739, Running for: 00:06:24, ETA: 00:50:38
[PROGRESS] INFO: = Downloaded: 1292.18 MiB, Written: 1907.85 MiB
[PROGRESS] INFO:  + Download	- 0.50 MiB/s (raw) / 0.62 MiB/s (decompressed)
[PROGRESS] INFO:  + Disk	- 0.00 MiB/s (write) / 0.00 MiB/s (read)
[PROGRESS] INFO: = Progress: 11.24 2000530163/17802455739, Running for: 00:06:25, ETA: 00:50:46
[PROGRESS] INFO: = Downloaded: 1296.11 MiB, Written: 1907.85 MiB
[PROGRESS] INFO:  + Download	- 0.50 MiB/s (raw) / 0.73 MiB/s (decompressed)
[PROGRESS] INFO:  + Disk	- 0.00 MiB/s (write) / 0.00 MiB/s (read)
[PROGRESS] INFO: = Progress: 11.24 2000530163/17802455739, Running for: 00:06:26, ETA: 00:50:54
[PROGRESS] INFO: = Downloaded: 1311.26 MiB, Written: 1907.85 MiB
[PROGRESS] INFO:  + Download	- 0.50 MiB/s (raw) / 0.90 MiB/s (decompressed)
[PROGRESS] INFO:  + Disk	- 0.00 MiB/s (write) / 0.00 MiB/s (read)
[PROGRESS] INFO: = Progress: 11.24 2000530163/17802455739, Running for: 00:06:27, ETA: 00:51:02
[PROGRESS] INFO: = Downloaded: 1311.26 MiB, Written: 1907.85 MiB
[PROGRESS] INFO:  + Download	- 0.50 MiB/s (raw) / 0.55 MiB/s (decompressed)
[PROGRESS] INFO:  + Disk	- 0.00 MiB/s (write) / 0.00 MiB/s (read)
[PROGRESS] INFO: = Progress: 11.47 2042473203/17802455739, Running for: 00:06:29, ETA: 00:50:03
[PROGRESS] INFO: = Downloaded: 1321.42 MiB, Written: 1947.85 MiB
[PROGRESS] INFO:  + Download	- 13.01 MiB/s (raw) / 17.96 MiB/s (decompressed)
[PROGRESS] INFO:  + Disk	- 25.45 MiB/s (write) / 0.00 MiB/s (read)
[PROGRESS] INFO: = Progress: 11.47 2042473203/17802455739, Running for: 00:06:30, ETA: 00:50:11
[PROGRESS] INFO: = Downloaded: 1321.42 MiB, Written: 1947.85 MiB
[PROGRESS] INFO:  + Download	- 0.50 MiB/s (raw) / 0.52 MiB/s (decompressed)
[PROGRESS] INFO:  + Disk	- 0.00 MiB/s (write) / 0.00 MiB/s (read)
[PROGRESS] INFO: = Progress: 11.47 2042473203/17802455739, Running for: 00:06:31, ETA: 00:50:19
[PROGRESS] INFO: = Downloaded: 1321.42 MiB, Written: 1947.85 MiB
[PROGRESS] INFO:  + Download	- 0.50 MiB/s (raw) / 0.68 MiB/s (decompressed)
[PROGRESS] INFO:  + Disk	- 0.00 MiB/s (write) / 0.00 MiB/s (read)
[PROGRESS] INFO: = Progress: 11.47 2042473203/17802455739, Running for: 00:06:32, ETA: 00:50:26
[PROGRESS] INFO: = Downloaded: 1324.20 MiB, Written: 1947.85 MiB
[PROGRESS] INFO:  + Download	- 0.50 MiB/s (raw) / 0.50 MiB/s (decompressed)
[PROGRESS] INFO:  + Disk	- 0.00 MiB/s (write) / 0.00 MiB/s (read)
[PROGRESS] INFO: = Progress: 11.47 2042473203/17802455739, Running for: 00:06:33, ETA: 00:50:34
[PROGRESS] INFO: = Downloaded: 1324.20 MiB, Written: 1947.85 MiB
[PROGRESS] INFO:  + Download	- 0.50 MiB/s (raw) / 0.84 MiB/s (decompressed)
[PROGRESS] INFO:  + Disk	- 0.00 MiB/s (write) / 0.00 MiB/s (read)
[PROGRESS] INFO: = Progress: 11.47 2042473203/17802455739, Running for: 00:06:34, ETA: 00:50:42
[PROGRESS] INFO: = Downloaded: 1324.20 MiB, Written: 1947.85 MiB
[PROGRESS] INFO:  + Download	- 0.50 MiB/s (raw) / 0.73 MiB/s (decompressed)
[PROGRESS] INFO:  + Disk	- 0.00 MiB/s (write) / 0.00 MiB/s (read)
[PROGRESS] INFO: = Progress: 11.47 2042473203/17802455739, Running for: 00:06:35, ETA: 00:50:50
[PROGRESS] INFO: = Downloaded: 1324.20 MiB, Written: 1947.85 MiB
[PROGRESS] INFO:  + Download	- 0.50 MiB/s (raw) / 0.94 MiB/s (decompressed)
[PROGRESS] INFO:  + Disk	- 0.00 MiB/s (write) / 0.00 MiB/s (read)
[PROGRESS] INFO: = Progress: 11.47 2042473203/17802455739, Running for: 00:06:36, ETA: 00:50:57
[PROGRESS] INFO: = Downloaded: 1326.98 MiB, Written: 1947.85 MiB
[PROGRESS] INFO:  + Download	- 0.50 MiB/s (raw) / 0.54 MiB/s (decompressed)
[PROGRESS] INFO:  + Disk	- 0.00 MiB/s (write) / 0.00 MiB/s (read)
[PROGRESS] INFO: = Progress: 11.47 2042473203/17802455739, Running for: 00:06:37, ETA: 00:51:05
[PROGRESS] INFO: = Downloaded: 1326.98 MiB, Written: 1947.85 MiB
[PROGRESS] INFO:  + Download	- 0.25 MiB/s (raw) / 0.39 MiB/s (decompressed)
[PROGRESS] INFO:  + Disk	- 0.00 MiB/s (write) / 0.00 MiB/s (read)
[PROGRESS] INFO: = Progress: 11.47 2042473203/17802455739, Running for: 00:06:38, ETA: 00:51:13
[PROGRESS] INFO: = Downloaded: 1330.70 MiB, Written: 1947.85 MiB
[PROGRESS] INFO:  + Download	- 0.50 MiB/s (raw) / 0.68 MiB/s (decompressed)
[PROGRESS] INFO:  + Disk	- 0.00 MiB/s (write) / 0.00 MiB/s (read)
[PROGRESS] INFO: = Progress: 11.47 2042473203/17802455739, Running for: 00:06:39, ETA: 00:51:20
[PROGRESS] INFO: = Downloaded: 1330.70 MiB, Written: 1947.85 MiB
[PROGRESS] INFO:  + Download	- 0.50 MiB/s (raw) / 0.63 MiB/s (decompressed)
[PROGRESS] INFO:  + Disk	- 0.00 MiB/s (write) / 0.00 MiB/s (read)
[PROGRESS] INFO: = Progress: 11.47 2042473203/17802455739, Running for: 00:06:40, ETA: 00:51:28
[PROGRESS] INFO: = Downloaded: 1330.70 MiB, Written: 1947.85 MiB
[PROGRESS] INFO:  + Download	- 0.50 MiB/s (raw) / 0.55 MiB/s (decompressed)
[PROGRESS] INFO:  + Disk	- 0.00 MiB/s (write) / 0.00 MiB/s (read)
[PROGRESS] INFO: = Progress: 12.38 2204143701/17802455739, Running for: 00:06:42, ETA: 00:47:26
[PROGRESS] INFO: = Downloaded: 1341.74 MiB, Written: 2102.04 MiB
[PROGRESS] INFO:  + Download	- 40.45 MiB/s (raw) / 54.95 MiB/s (decompressed)
[PROGRESS] INFO:  + Disk	- 81.06 MiB/s (write) / 0.00 MiB/s (read)
[PROGRESS] INFO: = Progress: 12.38 2204143701/17802455739, Running for: 00:06:43, ETA: 00:47:33
[PROGRESS] INFO: = Downloaded: 1341.74 MiB, Written: 2102.04 MiB
[PROGRESS] INFO:  + Download	- 0.50 MiB/s (raw) / 1.10 MiB/s (decompressed)
[PROGRESS] INFO:  + Disk	- 0.00 MiB/s (write) / 0.00 MiB/s (read)
[PROGRESS] INFO: = Progress: 12.38 2204143701/17802455739, Running for: 00:06:44, ETA: 00:47:40
[PROGRESS] INFO: = Downloaded: 1341.74 MiB, Written: 2102.04 MiB
[PROGRESS] INFO:  + Download	- 0.50 MiB/s (raw) / 0.55 MiB/s (decompressed)
[PROGRESS] INFO:  + Disk	- 0.00 MiB/s (write) / 0.00 MiB/s (read)
[PROGRESS] INFO: = Progress: 12.38 2204143701/17802455739, Running for: 00:06:45, ETA: 00:47:47
[PROGRESS] INFO: = Downloaded: 1341.74 MiB, Written: 2102.04 MiB
[PROGRESS] INFO:  + Download	- 0.50 MiB/s (raw) / 0.50 MiB/s (decompressed)
[PROGRESS] INFO:  + Disk	- 0.00 MiB/s (write) / 0.00 MiB/s (read)
[PROGRESS] INFO: = Progress: 12.38 2204143701/17802455739, Running for: 00:06:46, ETA: 00:47:54
[PROGRESS] INFO: = Downloaded: 1341.74 MiB, Written: 2102.04 MiB
[PROGRESS] INFO:  + Download	- 0.50 MiB/s (raw) / 0.53 MiB/s (decompressed)
[PROGRESS] INFO:  + Disk	- 0.00 MiB/s (write) / 0.00 MiB/s (read)
[PROGRESS] INFO: = Progress: 12.38 2204143701/17802455739, Running for: 00:06:47, ETA: 00:48:01
[PROGRESS] INFO: = Downloaded: 1341.74 MiB, Written: 2102.04 MiB
[PROGRESS] INFO:  + Download	- 0.50 MiB/s (raw) / 0.55 MiB/s (decompressed)
[PROGRESS] INFO:  + Disk	- 0.00 MiB/s (write) / 0.00 MiB/s (read)
[PROGRESS] INFO: = Progress: 12.38 2204143701/17802455739, Running for: 00:06:48, ETA: 00:48:08
[PROGRESS] INFO: = Downloaded: 1351.69 MiB, Written: 2102.04 MiB
[PROGRESS] INFO:  + Download	- 0.12 MiB/s (raw) / 0.12 MiB/s (decompressed)
[PROGRESS] INFO:  + Disk	- 0.00 MiB/s (write) / 0.00 MiB/s (read)
[PROGRESS] INFO: = Progress: 12.38 2204143701/17802455739, Running for: 00:06:49, ETA: 00:48:15
[PROGRESS] INFO: = Downloaded: 1351.69 MiB, Written: 2102.04 MiB
[PROGRESS] INFO:  + Download	- 0.50 MiB/s (raw) / 0.53 MiB/s (decompressed)
[PROGRESS] INFO:  + Disk	- 0.00 MiB/s (write) / 0.00 MiB/s (read)
[PROGRESS] INFO: = Progress: 12.50 2225115221/17802455739, Running for: 00:06:50, ETA: 00:47:53
[PROGRESS] INFO: = Downloaded: 1371.29 MiB, Written: 2122.04 MiB
[PROGRESS] INFO:  + Download	- 8.51 MiB/s (raw) / 11.98 MiB/s (decompressed)
[PROGRESS] INFO:  + Disk	- 17.28 MiB/s (write) / 0.00 MiB/s (read)
[PROGRESS] INFO: = Progress: 12.62 2246086741/17802455739, Running for: 00:06:52, ETA: 00:47:34
[PROGRESS] INFO: = Downloaded: 1381.23 MiB, Written: 2142.04 MiB
[PROGRESS] INFO:  + Download	- 5.64 MiB/s (raw) / 7.83 MiB/s (decompressed)
[PROGRESS] INFO:  + Disk	- 10.71 MiB/s (write) / 0.00 MiB/s (read)
[PROGRESS] INFO: = Progress: 12.62 2246086741/17802455739, Running for: 00:06:53, ETA: 00:47:41
[PROGRESS] INFO: = Downloaded: 1381.23 MiB, Written: 2142.04 MiB
[PROGRESS] INFO:  + Download	- 0.50 MiB/s (raw) / 1.10 MiB/s (decompressed)
[PROGRESS] INFO:  + Disk	- 0.00 MiB/s (write) / 0.00 MiB/s (read)
[PROGRESS] INFO: = Progress: 12.62 2246086741/17802455739, Running for: 00:06:54, ETA: 00:47:48
[PROGRESS] INFO: = Downloaded: 1391.18 MiB, Written: 2142.04 MiB
[PROGRESS] INFO:  + Download	- 0.50 MiB/s (raw) / 0.53 MiB/s (decompressed)
[PROGRESS] INFO:  + Disk	- 0.00 MiB/s (write) / 0.00 MiB/s (read)
[PROGRESS] INFO: = Progress: 12.62 2246086741/17802455739, Running for: 00:06:55, ETA: 00:47:55
[PROGRESS] INFO: = Downloaded: 1391.18 MiB, Written: 2142.04 MiB
[PROGRESS] INFO:  + Download	- 0.50 MiB/s (raw) / 0.63 MiB/s (decompressed)
[PROGRESS] INFO:  + Disk	- 0.00 MiB/s (write) / 0.00 MiB/s (read)
[PROGRESS] INFO: = Progress: 12.62 2246086741/17802455739, Running for: 00:06:56, ETA: 00:48:02
[PROGRESS] INFO: = Downloaded: 1391.18 MiB, Written: 2142.04 MiB
[PROGRESS] INFO:  + Download	- 0.50 MiB/s (raw) / 0.53 MiB/s (decompressed)
[PROGRESS] INFO:  + Disk	- 0.00 MiB/s (write) / 0.00 MiB/s (read)
[PROGRESS] INFO: = Progress: 12.62 2246086741/17802455739, Running for: 00:06:57, ETA: 00:48:09
[PROGRESS] INFO: = Downloaded: 1391.18 MiB, Written: 2142.04 MiB
[PROGRESS] INFO:  + Download	- 0.50 MiB/s (raw) / 0.50 MiB/s (decompressed)
[PROGRESS] INFO:  + Disk	- 0.00 MiB/s (write) / 0.00 MiB/s (read)
[PROGRESS] INFO: = Progress: 12.62 2246086741/17802455739, Running for: 00:06:58, ETA: 00:48:16
[PROGRESS] INFO: = Downloaded: 1401.12 MiB, Written: 2142.04 MiB
[PROGRESS] INFO:  + Download	- 0.50 MiB/s (raw) / 0.56 MiB/s (decompressed)
[PROGRESS] INFO:  + Disk	- 0.00 MiB/s (write) / 0.00 MiB/s (read)
[PROGRESS] INFO: = Progress: 12.62 2246086741/17802455739, Running for: 00:06:59, ETA: 00:48:23
[PROGRESS] INFO: = Downloaded: 1401.12 MiB, Written: 2142.04 MiB
[PROGRESS] INFO:  + Download	- 0.50 MiB/s (raw) / 0.84 MiB/s (decompressed)
[PROGRESS] INFO:  + Disk	- 0.00 MiB/s (write) / 0.00 MiB/s (read)
[PROGRESS] INFO: = Progress: 12.62 2246086741/17802455739, Running for: 00:07:00, ETA: 00:48:30
[PROGRESS] INFO: = Downloaded: 1401.12 MiB, Written: 2142.04 MiB
[PROGRESS] INFO:  + Download	- 0.50 MiB/s (raw) / 0.62 MiB/s (decompressed)
[PROGRESS] INFO:  + Disk	- 0.00 MiB/s (write) / 0.00 MiB/s (read)
[PROGRESS] INFO: = Progress: 12.62 2246086741/17802455739, Running for: 00:07:01, ETA: 00:48:37
[PROGRESS] INFO: = Downloaded: 1401.12 MiB, Written: 2142.04 MiB
[PROGRESS] INFO:  + Download	- 0.50 MiB/s (raw) / 0.92 MiB/s (decompressed)
[PROGRESS] INFO:  + Disk	- 0.00 MiB/s (write) / 0.00 MiB/s (read)
[PROGRESS] INFO: = Progress: 12.62 2246086741/17802455739, Running for: 00:07:02, ETA: 00:48:44
[PROGRESS] INFO: = Downloaded: 1401.12 MiB, Written: 2142.04 MiB
[PROGRESS] INFO:  + Download	- 0.50 MiB/s (raw) / 1.03 MiB/s (decompressed)
[PROGRESS] INFO:  + Disk	- 0.00 MiB/s (write) / 0.00 MiB/s (read)
[PROGRESS] INFO: = Progress: 12.62 2246086741/17802455739, Running for: 00:07:03, ETA: 00:48:51
[PROGRESS] INFO: = Downloaded: 1401.12 MiB, Written: 2142.04 MiB
[PROGRESS] INFO:  + Download	- 0.50 MiB/s (raw) / 0.55 MiB/s (decompressed)
[PROGRESS] INFO:  + Disk	- 0.00 MiB/s (write) / 0.00 MiB/s (read)
[PROGRESS] INFO: = Progress: 12.62 2246086741/17802455739, Running for: 00:07:04, ETA: 00:48:58
[PROGRESS] INFO: = Downloaded: 1401.12 MiB, Written: 2142.04 MiB
[PROGRESS] INFO:  + Download	- 0.50 MiB/s (raw) / 0.81 MiB/s (decompressed)
[PROGRESS] INFO:  + Disk	- 0.00 MiB/s (write) / 0.00 MiB/s (read)
[PROGRESS] INFO: = Progress: 12.62 2246086741/17802455739, Running for: 00:07:05, ETA: 00:49:05
[PROGRESS] INFO: = Downloaded: 1401.12 MiB, Written: 2142.04 MiB
[PROGRESS] INFO:  + Download	- 0.27 MiB/s (raw) / 0.33 MiB/s (decompressed)
[PROGRESS] INFO:  + Disk	- 0.00 MiB/s (write) / 0.00 MiB/s (read)
[PROGRESS] INFO: = Progress: 12.62 2246086741/17802455739, Running for: 00:07:06, ETA: 00:49:12
[PROGRESS] INFO: = Downloaded: 1401.12 MiB, Written: 2142.04 MiB
[PROGRESS] INFO:  + Download	- 0.50 MiB/s (raw) / 0.82 MiB/s (decompressed)
[PROGRESS] INFO:  + Disk	- 0.00 MiB/s (write) / 0.00 MiB/s (read)
[PROGRESS] INFO: = Progress: 12.73 2267058261/17802455739, Running for: 00:07:07, ETA: 00:48:49
[PROGRESS] INFO: = Downloaded: 1421.00 MiB, Written: 2162.04 MiB
[PROGRESS] INFO:  + Download	- 8.32 MiB/s (raw) / 11.32 MiB/s (decompressed)
[PROGRESS] INFO:  + Disk	- 16.32 MiB/s (write) / 0.00 MiB/s (read)
[PROGRESS] INFO: = Progress: 12.73 2267058261/17802455739, Running for: 00:07:08, ETA: 00:48:56
[PROGRESS] INFO: = Downloaded: 1421.00 MiB, Written: 2162.04 MiB
[PROGRESS] INFO:  + Download	- 0.50 MiB/s (raw) / 0.52 MiB/s (decompressed)
[PROGRESS] INFO:  + Disk	- 0.00 MiB/s (write) / 0.00 MiB/s (read)
[PROGRESS] INFO: = Progress: 12.91 2298515541/17802455739, Running for: 00:07:10, ETA: 00:48:22
[PROGRESS] INFO: = Downloaded: 1430.94 MiB, Written: 2192.04 MiB
[PROGRESS] INFO:  + Download	- 8.17 MiB/s (raw) / 11.74 MiB/s (decompressed)
[PROGRESS] INFO:  + Disk	- 16.37 MiB/s (write) / 0.00 MiB/s (read)
[PROGRESS] INFO: = Progress: 12.91 2298515541/17802455739, Running for: 00:07:11, ETA: 00:48:29
[PROGRESS] INFO: = Downloaded: 1440.89 MiB, Written: 2192.04 MiB
[PROGRESS] INFO:  + Download	- 0.50 MiB/s (raw) / 0.88 MiB/s (decompressed)
[PROGRESS] INFO:  + Disk	- 0.00 MiB/s (write) / 0.00 MiB/s (read)
[PROGRESS] INFO: = Progress: 12.91 2298515541/17802455739, Running for: 00:07:12, ETA: 00:48:35
[PROGRESS] INFO: = Downloaded: 1440.89 MiB, Written: 2192.04 MiB
[PROGRESS] INFO:  + Download	- 0.50 MiB/s (raw) / 0.55 MiB/s (decompressed)
[PROGRESS] INFO:  + Disk	- 0.00 MiB/s (write) / 0.00 MiB/s (read)
[PROGRESS] INFO: = Progress: 12.91 2298515541/17802455739, Running for: 00:07:13, ETA: 00:48:42
[PROGRESS] INFO: = Downloaded: 1450.83 MiB, Written: 2192.04 MiB
[PROGRESS] INFO:  + Download	- 0.50 MiB/s (raw) / 0.85 MiB/s (decompressed)
[PROGRESS] INFO:  + Disk	- 0.00 MiB/s (write) / 0.00 MiB/s (read)
[PROGRESS] INFO: = Progress: 12.91 2298515541/17802455739, Running for: 00:07:14, ETA: 00:48:49
[PROGRESS] INFO: = Downloaded: 1450.83 MiB, Written: 2192.04 MiB
[PROGRESS] INFO:  + Download	- 0.50 MiB/s (raw) / 0.53 MiB/s (decompressed)
[PROGRESS] INFO:  + Disk	- 0.00 MiB/s (write) / 0.00 MiB/s (read)
[PROGRESS] INFO: = Progress: 12.91 2298515541/17802455739, Running for: 00:07:15, ETA: 00:48:56
[PROGRESS] INFO: = Downloaded: 1450.83 MiB, Written: 2192.04 MiB
[PROGRESS] INFO:  + Download	- 0.50 MiB/s (raw) / 0.56 MiB/s (decompressed)
[PROGRESS] INFO:  + Disk	- 0.00 MiB/s (write) / 0.00 MiB/s (read)
[PROGRESS] INFO: = Progress: 13.09 2329972821/17802455739, Running for: 00:07:16, ETA: 00:48:18
[PROGRESS] INFO: = Downloaded: 1460.78 MiB, Written: 2222.04 MiB
[PROGRESS] INFO:  + Download	- 11.29 MiB/s (raw) / 16.19 MiB/s (decompressed)
[PROGRESS] INFO:  + Disk	- 24.04 MiB/s (write) / 0.00 MiB/s (read)
[PROGRESS] INFO: = Progress: 13.09 2329972821/17802455739, Running for: 00:07:17, ETA: 00:48:25
[PROGRESS] INFO: = Downloaded: 1460.78 MiB, Written: 2222.04 MiB
[PROGRESS] INFO:  + Download	- 0.50 MiB/s (raw) / 0.77 MiB/s (decompressed)
[PROGRESS] INFO:  + Disk	- 0.00 MiB/s (write) / 0.00 MiB/s (read)
[PROGRESS] INFO: = Progress: 13.09 2329972821/17802455739, Running for: 00:07:18, ETA: 00:48:32
[PROGRESS] INFO: = Downloaded: 1460.78 MiB, Written: 2222.04 MiB
[PROGRESS] INFO:  + Download	- 0.50 MiB/s (raw) / 0.97 MiB/s (decompressed)
[PROGRESS] INFO:  + Disk	- 0.00 MiB/s (write) / 0.00 MiB/s (read)
[PROGRESS] INFO: = Progress: 13.09 2329972821/17802455739, Running for: 00:07:19, ETA: 00:48:38
[PROGRESS] INFO: = Downloaded: 1460.78 MiB, Written: 2222.04 MiB
[PROGRESS] INFO:  + Download	- 0.50 MiB/s (raw) / 0.78 MiB/s (decompressed)
[PROGRESS] INFO:  + Disk	- 0.00 MiB/s (write) / 0.00 MiB/s (read)
[PROGRESS] INFO: = Progress: 13.09 2329972821/17802455739, Running for: 00:07:20, ETA: 00:48:45
[PROGRESS] INFO: = Downloaded: 1460.78 MiB, Written: 2222.04 MiB
[PROGRESS] INFO:  + Download	- 0.50 MiB/s (raw) / 0.57 MiB/s (decompressed)
[PROGRESS] INFO:  + Disk	- 0.00 MiB/s (write) / 0.00 MiB/s (read)
[PROGRESS] INFO: = Progress: 13.15 2340458581/17802455739, Running for: 00:07:21, ETA: 00:48:39
[PROGRESS] INFO: = Downloaded: 1470.76 MiB, Written: 2232.04 MiB
[PROGRESS] INFO:  + Download	- 3.88 MiB/s (raw) / 5.06 MiB/s (decompressed)
[PROGRESS] INFO:  + Disk	- 7.05 MiB/s (write) / 0.00 MiB/s (read)
[PROGRESS] INFO: = Progress: 13.15 2340458581/17802455739, Running for: 00:07:22, ETA: 00:48:46
[PROGRESS] INFO: = Downloaded: 1470.81 MiB, Written: 2232.04 MiB
[PROGRESS] INFO:  + Download	- 0.50 MiB/s (raw) / 0.64 MiB/s (decompressed)
[PROGRESS] INFO:  + Disk	- 0.00 MiB/s (write) / 0.00 MiB/s (read)
[PROGRESS] INFO: = Progress: 13.15 2340458581/17802455739, Running for: 00:07:23, ETA: 00:48:53
[PROGRESS] INFO: = Downloaded: 1470.81 MiB, Written: 2232.04 MiB
[PROGRESS] INFO:  + Download	- 0.43 MiB/s (raw) / 0.88 MiB/s (decompressed)
[PROGRESS] INFO:  + Disk	- 0.00 MiB/s (write) / 0.00 MiB/s (read)
[PROGRESS] INFO: = Progress: 13.15 2340458581/17802455739, Running for: 00:07:24, ETA: 00:48:59
[PROGRESS] INFO: = Downloaded: 1471.46 MiB, Written: 2232.04 MiB
[PROGRESS] INFO:  + Download	- 0.50 MiB/s (raw) / 0.59 MiB/s (decompressed)
[PROGRESS] INFO:  + Disk	- 0.00 MiB/s (write) / 0.00 MiB/s (read)
[PROGRESS] INFO: = Progress: 13.15 2340458581/17802455739, Running for: 00:07:25, ETA: 00:49:06
[PROGRESS] INFO: = Downloaded: 1471.46 MiB, Written: 2232.04 MiB
[PROGRESS] INFO:  + Download	- 0.50 MiB/s (raw) / 0.57 MiB/s (decompressed)
[PROGRESS] INFO:  + Disk	- 0.00 MiB/s (write) / 0.00 MiB/s (read)
[PROGRESS] INFO: = Progress: 13.15 2340458581/17802455739, Running for: 00:07:26, ETA: 00:49:12
[PROGRESS] INFO: = Downloaded: 1471.46 MiB, Written: 2232.04 MiB
[PROGRESS] INFO:  + Download	- 0.50 MiB/s (raw) / 0.70 MiB/s (decompressed)
[PROGRESS] INFO:  + Disk	- 0.00 MiB/s (write) / 0.00 MiB/s (read)
[PROGRESS] INFO: = Progress: 13.15 2340458581/17802455739, Running for: 00:07:27, ETA: 00:49:19
[PROGRESS] INFO: = Downloaded: 1471.46 MiB, Written: 2232.04 MiB
[PROGRESS] INFO:  + Download	- 0.50 MiB/s (raw) / 0.60 MiB/s (decompressed)
[PROGRESS] INFO:  + Disk	- 0.00 MiB/s (write) / 0.00 MiB/s (read)
[PROGRESS] INFO: = Progress: 13.15 2340458581/17802455739, Running for: 00:07:28, ETA: 00:49:26
[PROGRESS] INFO: = Downloaded: 1471.46 MiB, Written: 2232.04 MiB
[PROGRESS] INFO:  + Download	- 0.50 MiB/s (raw) / 0.60 MiB/s (decompressed)
[PROGRESS] INFO:  + Disk	- 0.00 MiB/s (write) / 0.00 MiB/s (read)
[PROGRESS] INFO: = Progress: 13.21 2350944341/17802455739, Running for: 00:07:30, ETA: 00:49:20
[PROGRESS] INFO: = Downloaded: 1481.41 MiB, Written: 2242.04 MiB
[PROGRESS] INFO:  + Download	- 3.73 MiB/s (raw) / 4.92 MiB/s (decompressed)
[PROGRESS] INFO:  + Disk	- 6.78 MiB/s (write) / 0.00 MiB/s (read)
[PROGRESS] INFO: = Progress: 13.21 2350944341/17802455739, Running for: 00:07:31, ETA: 00:49:27
[PROGRESS] INFO: = Downloaded: 1481.41 MiB, Written: 2242.04 MiB
[PROGRESS] INFO:  + Download	- 0.50 MiB/s (raw) / 0.60 MiB/s (decompressed)
[PROGRESS] INFO:  + Disk	- 0.00 MiB/s (write) / 0.00 MiB/s (read)
[PROGRESS] INFO: = Progress: 13.21 2350944341/17802455739, Running for: 00:07:32, ETA: 00:49:33
[PROGRESS] INFO: = Downloaded: 1483.92 MiB, Written: 2242.04 MiB
[PROGRESS] INFO:  + Download	- 0.50 MiB/s (raw) / 0.60 MiB/s (decompressed)
[PROGRESS] INFO:  + Disk	- 0.00 MiB/s (write) / 0.00 MiB/s (read)
[PROGRESS] INFO: = Progress: 13.21 2350944341/17802455739, Running for: 00:07:33, ETA: 00:49:40
[PROGRESS] INFO: = Downloaded: 1483.99 MiB, Written: 2242.04 MiB
[PROGRESS] INFO:  + Download	- 0.50 MiB/s (raw) / 0.55 MiB/s (decompressed)
[PROGRESS] INFO:  + Disk	- 0.00 MiB/s (write) / 0.00 MiB/s (read)
[PROGRESS] INFO: = Progress: 13.21 2350944341/17802455739, Running for: 00:07:34, ETA: 00:49:46
[PROGRESS] INFO: = Downloaded: 1483.99 MiB, Written: 2242.04 MiB
[PROGRESS] INFO:  + Download	- 0.50 MiB/s (raw) / 0.53 MiB/s (decompressed)
[PROGRESS] INFO:  + Disk	- 0.00 MiB/s (write) / 0.00 MiB/s (read)
[PROGRESS] INFO: = Progress: 13.21 2350944341/17802455739, Running for: 00:07:35, ETA: 00:49:53
[PROGRESS] INFO: = Downloaded: 1484.46 MiB, Written: 2242.04 MiB
[PROGRESS] INFO:  + Download	- 0.50 MiB/s (raw) / 0.51 MiB/s (decompressed)
[PROGRESS] INFO:  + Disk	- 0.00 MiB/s (write) / 0.00 MiB/s (read)
[PROGRESS] INFO: = Progress: 13.21 2350944341/17802455739, Running for: 00:07:36, ETA: 00:50:00
[PROGRESS] INFO: = Downloaded: 1484.46 MiB, Written: 2242.04 MiB
[PROGRESS] INFO:  + Download	- 0.50 MiB/s (raw) / 0.56 MiB/s (decompressed)
[PROGRESS] INFO:  + Disk	- 0.00 MiB/s (write) / 0.00 MiB/s (read)
[PROGRESS] INFO: = Progress: 13.21 2350944341/17802455739, Running for: 00:07:37, ETA: 00:50:06
[PROGRESS] INFO: = Downloaded: 1484.46 MiB, Written: 2242.04 MiB
[PROGRESS] INFO:  + Download	- 0.50 MiB/s (raw) / 0.54 MiB/s (decompressed)
[PROGRESS] INFO:  + Disk	- 0.00 MiB/s (write) / 0.00 MiB/s (read)
[PROGRESS] INFO: = Progress: 13.21 2350944341/17802455739, Running for: 00:07:38, ETA: 00:50:13
[PROGRESS] INFO: = Downloaded: 1484.46 MiB, Written: 2242.04 MiB
[PROGRESS] INFO:  + Download	- 0.50 MiB/s (raw) / 0.60 MiB/s (decompressed)
[PROGRESS] INFO:  + Disk	- 0.00 MiB/s (write) / 0.00 MiB/s (read)
[PROGRESS] INFO: = Progress: 13.21 2350944341/17802455739, Running for: 00:07:39, ETA: 00:50:19
[PROGRESS] INFO: = Downloaded: 1484.46 MiB, Written: 2242.04 MiB
[PROGRESS] INFO:  + Download	- 0.50 MiB/s (raw) / 0.73 MiB/s (decompressed)
[PROGRESS] INFO:  + Disk	- 0.00 MiB/s (write) / 0.00 MiB/s (read)
[PROGRESS] INFO: = Progress: 13.21 2350944341/17802455739, Running for: 00:07:40, ETA: 00:50:26
[PROGRESS] INFO: = Downloaded: 1504.34 MiB, Written: 2242.04 MiB
[PROGRESS] INFO:  + Download	- 0.50 MiB/s (raw) / 0.67 MiB/s (decompressed)
[PROGRESS] INFO:  + Disk	- 1.00 MiB/s (write) / 0.00 MiB/s (read)
[PROGRESS] INFO: = Progress: 13.26 2361430101/17802455739, Running for: 00:07:41, ETA: 00:50:17
[PROGRESS] INFO: = Downloaded: 1504.34 MiB, Written: 2252.04 MiB
[PROGRESS] INFO:  + Download	- 3.18 MiB/s (raw) / 4.13 MiB/s (decompressed)
[PROGRESS] INFO:  + Disk	- 8.93 MiB/s (write) / 0.00 MiB/s (read)
[PROGRESS] INFO: = Progress: 13.26 2361430101/17802455739, Running for: 00:07:42, ETA: 00:50:24
[PROGRESS] INFO: = Downloaded: 1507.43 MiB, Written: 2252.04 MiB
[PROGRESS] INFO:  + Download	- 0.50 MiB/s (raw) / 0.63 MiB/s (decompressed)
[PROGRESS] INFO:  + Disk	- 0.00 MiB/s (write) / 0.00 MiB/s (read)
[PROGRESS] INFO: = Progress: 13.26 2361430101/17802455739, Running for: 00:07:43, ETA: 00:50:30
[PROGRESS] INFO: = Downloaded: 1517.37 MiB, Written: 2252.04 MiB
[PROGRESS] INFO:  + Download	- 0.02 MiB/s (raw) / 0.04 MiB/s (decompressed)
[PROGRESS] INFO:  + Disk	- 0.00 MiB/s (write) / 0.00 MiB/s (read)
[PROGRESS] INFO: = Progress: 13.26 2361430101/17802455739, Running for: 00:07:44, ETA: 00:50:37
[PROGRESS] INFO: = Downloaded: 1527.34 MiB, Written: 2252.04 MiB
[PROGRESS] INFO:  + Download	- 0.26 MiB/s (raw) / 1.35 MiB/s (decompressed)
[PROGRESS] INFO:  + Disk	- 0.00 MiB/s (write) / 0.00 MiB/s (read)
[PROGRESS] INFO: = Progress: 13.26 2361430101/17802455739, Running for: 00:07:45, ETA: 00:50:43
[PROGRESS] INFO: = Downloaded: 1538.82 MiB, Written: 2252.04 MiB
[PROGRESS] INFO:  + Download	- 0.50 MiB/s (raw) / 0.60 MiB/s (decompressed)
[PROGRESS] INFO:  + Disk	- 0.00 MiB/s (write) / 0.00 MiB/s (read)
[PROGRESS] INFO: = Progress: 13.50 2403373141/17802455739, Running for: 00:07:47, ETA: 00:49:52
[PROGRESS] INFO: = Downloaded: 1552.03 MiB, Written: 2292.04 MiB
[PROGRESS] INFO:  + Download	- 12.07 MiB/s (raw) / 40.26 MiB/s (decompressed)
[PROGRESS] INFO:  + Disk	- 25.09 MiB/s (write) / 0.00 MiB/s (read)
[PROGRESS] INFO: = Progress: 13.50 2403373141/17802455739, Running for: 00:07:48, ETA: 00:49:59
[PROGRESS] INFO: = Downloaded: 1552.03 MiB, Written: 2292.04 MiB
[PROGRESS] INFO:  + Download	- 0.34 MiB/s (raw) / 1.72 MiB/s (decompressed)
[PROGRESS] INFO:  + Disk	- 0.00 MiB/s (write) / 0.00 MiB/s (read)
[PROGRESS] INFO: = Progress: 13.50 2403373141/17802455739, Running for: 00:07:49, ETA: 00:50:05
[PROGRESS] INFO: = Downloaded: 1552.03 MiB, Written: 2292.04 MiB
[PROGRESS] INFO:  + Download	- 0.50 MiB/s (raw) / 2.91 MiB/s (decompressed)
[PROGRESS] INFO:  + Disk	- 0.00 MiB/s (write) / 0.00 MiB/s (read)
[PROGRESS] INFO: = Progress: 13.50 2403373141/17802455739, Running for: 00:07:50, ETA: 00:50:11
[PROGRESS] INFO: = Downloaded: 1558.29 MiB, Written: 2292.04 MiB
[PROGRESS] INFO:  + Download	- 0.50 MiB/s (raw) / 0.59 MiB/s (decompressed)
[PROGRESS] INFO:  + Disk	- 0.00 MiB/s (write) / 0.00 MiB/s (read)
[PROGRESS] INFO: = Progress: 13.50 2403373141/17802455739, Running for: 00:07:51, ETA: 00:50:18
[PROGRESS] INFO: = Downloaded: 1558.29 MiB, Written: 2292.04 MiB
[PROGRESS] INFO:  + Download	- 0.50 MiB/s (raw) / 0.67 MiB/s (decompressed)
[PROGRESS] INFO:  + Disk	- 0.00 MiB/s (write) / 0.00 MiB/s (read)
[PROGRESS] INFO: = Progress: 13.50 2403373141/17802455739, Running for: 00:07:52, ETA: 00:50:24
[PROGRESS] INFO: = Downloaded: 1565.95 MiB, Written: 2292.04 MiB
[PROGRESS] INFO:  + Download	- 0.50 MiB/s (raw) / 0.50 MiB/s (decompressed)
[PROGRESS] INFO:  + Disk	- 0.00 MiB/s (write) / 0.00 MiB/s (read)
[PROGRESS] INFO: = Progress: 13.50 2403373141/17802455739, Running for: 00:07:53, ETA: 00:50:31
[PROGRESS] INFO: = Downloaded: 1565.95 MiB, Written: 2292.04 MiB
[PROGRESS] INFO:  + Download	- 0.50 MiB/s (raw) / 0.64 MiB/s (decompressed)
[PROGRESS] INFO:  + Disk	- 0.00 MiB/s (write) / 0.00 MiB/s (read)
[PROGRESS] INFO: = Progress: 13.50 2403373141/17802455739, Running for: 00:07:54, ETA: 00:50:37
[PROGRESS] INFO: = Downloaded: 1572.07 MiB, Written: 2292.04 MiB
[PROGRESS] INFO:  + Download	- 0.15 MiB/s (raw) / 1.06 MiB/s (decompressed)
[PROGRESS] INFO:  + Disk	- 0.00 MiB/s (write) / 0.00 MiB/s (read)
[PROGRESS] INFO: = Progress: 13.50 2403373141/17802455739, Running for: 00:07:55, ETA: 00:50:44
[PROGRESS] INFO: = Downloaded: 1572.07 MiB, Written: 2292.04 MiB
[PROGRESS] INFO:  + Download	- 0.50 MiB/s (raw) / 1.96 MiB/s (decompressed)
[PROGRESS] INFO:  + Disk	- 0.00 MiB/s (write) / 0.00 MiB/s (read)
[PROGRESS] INFO: = Progress: 13.50 2403373141/17802455739, Running for: 00:07:56, ETA: 00:50:50
[PROGRESS] INFO: = Downloaded: 1576.95 MiB, Written: 2292.04 MiB
[PROGRESS] INFO:  + Download	- 0.50 MiB/s (raw) / 1.45 MiB/s (decompressed)
[PROGRESS] INFO:  + Disk	- 0.00 MiB/s (write) / 0.00 MiB/s (read)
[PROGRESS] INFO: = Progress: 13.50 2403373141/17802455739, Running for: 00:07:57, ETA: 00:50:56
[PROGRESS] INFO: = Downloaded: 1576.95 MiB, Written: 2292.04 MiB
[PROGRESS] INFO:  + Download	- 0.50 MiB/s (raw) / 2.45 MiB/s (decompressed)
[PROGRESS] INFO:  + Disk	- 0.00 MiB/s (write) / 0.00 MiB/s (read)
[PROGRESS] INFO: = Progress: 13.50 2403373141/17802455739, Running for: 00:07:58, ETA: 00:51:03
[PROGRESS] INFO: = Downloaded: 1581.78 MiB, Written: 2292.04 MiB
[PROGRESS] INFO:  + Download	- 0.50 MiB/s (raw) / 0.66 MiB/s (decompressed)
[PROGRESS] INFO:  + Disk	- 0.00 MiB/s (write) / 0.00 MiB/s (read)
[PROGRESS] INFO: = Progress: 13.50 2403373141/17802455739, Running for: 00:07:59, ETA: 00:51:09
[PROGRESS] INFO: = Downloaded: 1592.22 MiB, Written: 2292.04 MiB
[PROGRESS] INFO:  + Download	- 0.50 MiB/s (raw) / 2.02 MiB/s (decompressed)
[PROGRESS] INFO:  + Disk	- 0.00 MiB/s (write) / 0.00 MiB/s (read)
[PROGRESS] INFO: = Progress: 13.50 2403373141/17802455739, Running for: 00:08:00, ETA: 00:51:16
[PROGRESS] INFO: = Downloaded: 1592.84 MiB, Written: 2292.04 MiB
[PROGRESS] INFO:  + Download	- 0.50 MiB/s (raw) / 0.55 MiB/s (decompressed)
[PROGRESS] INFO:  + Disk	- 0.00 MiB/s (write) / 0.00 MiB/s (read)
[PROGRESS] INFO: = Progress: 13.50 2403373141/17802455739, Running for: 00:08:01, ETA: 00:51:22
[PROGRESS] INFO: = Downloaded: 1598.12 MiB, Written: 2292.04 MiB
[PROGRESS] INFO:  + Download	- 0.50 MiB/s (raw) / 0.64 MiB/s (decompressed)
[PROGRESS] INFO:  + Disk	- 0.00 MiB/s (write) / 0.00 MiB/s (read)
[PROGRESS] INFO: = Progress: 13.50 2403373141/17802455739, Running for: 00:08:02, ETA: 00:51:28
[PROGRESS] INFO: = Downloaded: 1602.17 MiB, Written: 2292.04 MiB
[PROGRESS] INFO:  + Download	- 0.50 MiB/s (raw) / 0.59 MiB/s (decompressed)
[PROGRESS] INFO:  + Disk	- 0.00 MiB/s (write) / 0.00 MiB/s (read)
[PROGRESS] INFO: = Progress: 14.78 2630570325/17802455739, Running for: 00:08:03, ETA: 00:46:28
[PROGRESS] INFO: = Downloaded: 1627.10 MiB, Written: 2508.71 MiB
[PROGRESS] INFO:  + Download	- 75.59 MiB/s (raw) / 118.14 MiB/s (decompressed)
[PROGRESS] INFO:  + Disk	- 148.18 MiB/s (write) / 0.00 MiB/s (read)
[PROGRESS] INFO: = Progress: 14.78 2630570325/17802455739, Running for: 00:08:04, ETA: 00:46:34
[PROGRESS] INFO: = Downloaded: 1630.48 MiB, Written: 2508.71 MiB
[PROGRESS] INFO:  + Download	- 0.50 MiB/s (raw) / 0.50 MiB/s (decompressed)
[PROGRESS] INFO:  + Disk	- 0.00 MiB/s (write) / 0.00 MiB/s (read)
[PROGRESS] INFO: = Progress: 14.78 2630570325/17802455739, Running for: 00:08:05, ETA: 00:46:40
[PROGRESS] INFO: = Downloaded: 1631.73 MiB, Written: 2508.71 MiB
[PROGRESS] INFO:  + Download	- 0.50 MiB/s (raw) / 0.50 MiB/s (decompressed)
[PROGRESS] INFO:  + Disk	- 0.00 MiB/s (write) / 0.00 MiB/s (read)
[PROGRESS] INFO: = Progress: 14.78 2630570325/17802455739, Running for: 00:08:06, ETA: 00:46:46
[PROGRESS] INFO: = Downloaded: 1632.09 MiB, Written: 2508.71 MiB
[PROGRESS] INFO:  + Download	- 0.50 MiB/s (raw) / 0.50 MiB/s (decompressed)
[PROGRESS] INFO:  + Disk	- 0.00 MiB/s (write) / 0.00 MiB/s (read)
[PROGRESS] INFO: = Progress: 14.78 2630570325/17802455739, Running for: 00:08:07, ETA: 00:46:52
[PROGRESS] INFO: = Downloaded: 1633.62 MiB, Written: 2508.71 MiB
[PROGRESS] INFO:  + Download	- 0.50 MiB/s (raw) / 0.50 MiB/s (decompressed)
[PROGRESS] INFO:  + Disk	- 0.00 MiB/s (write) / 0.00 MiB/s (read)
[PROGRESS] INFO: = Progress: 14.78 2630570325/17802455739, Running for: 00:08:08, ETA: 00:46:57
[PROGRESS] INFO: = Downloaded: 1633.62 MiB, Written: 2508.71 MiB
[PROGRESS] INFO:  + Download	- 0.50 MiB/s (raw) / 0.50 MiB/s (decompressed)
[PROGRESS] INFO:  + Disk	- 0.00 MiB/s (write) / 0.00 MiB/s (read)
[PROGRESS] INFO: = Progress: 14.78 2630570325/17802455739, Running for: 00:08:09, ETA: 00:47:03
[PROGRESS] INFO: = Downloaded: 1633.62 MiB, Written: 2508.71 MiB
[PROGRESS] INFO:  + Download	- 0.50 MiB/s (raw) / 0.50 MiB/s (decompressed)
[PROGRESS] INFO:  + Disk	- 0.00 MiB/s (write) / 0.00 MiB/s (read)
[PROGRESS] INFO: = Progress: 14.78 2630570325/17802455739, Running for: 00:08:10, ETA: 00:47:09
[PROGRESS] INFO: = Downloaded: 1633.62 MiB, Written: 2508.71 MiB
[PROGRESS] INFO:  + Download	- 0.50 MiB/s (raw) / 0.50 MiB/s (decompressed)
[PROGRESS] INFO:  + Disk	- 0.00 MiB/s (write) / 0.00 MiB/s (read)
[PROGRESS] INFO: = Progress: 14.78 2630570325/17802455739, Running for: 00:08:11, ETA: 00:47:15
[PROGRESS] INFO: = Downloaded: 1633.62 MiB, Written: 2508.71 MiB
[PROGRESS] INFO:  + Download	- 0.50 MiB/s (raw) / 0.50 MiB/s (decompressed)
[PROGRESS] INFO:  + Disk	- 0.00 MiB/s (write) / 0.00 MiB/s (read)
[PROGRESS] INFO: = Progress: 14.78 2630570325/17802455739, Running for: 00:08:12, ETA: 00:47:20
[PROGRESS] INFO: = Downloaded: 1633.62 MiB, Written: 2508.71 MiB
[PROGRESS] INFO:  + Download	- 0.50 MiB/s (raw) / 0.50 MiB/s (decompressed)
[PROGRESS] INFO:  + Disk	- 0.00 MiB/s (write) / 0.00 MiB/s (read)
[PROGRESS] INFO: = Progress: 14.78 2630570325/17802455739, Running for: 00:08:13, ETA: 00:47:26
[PROGRESS] INFO: = Downloaded: 1633.62 MiB, Written: 2508.71 MiB
[PROGRESS] INFO:  + Download	- 0.50 MiB/s (raw) / 0.50 MiB/s (decompressed)
[PROGRESS] INFO:  + Disk	- 0.00 MiB/s (write) / 0.00 MiB/s (read)
[PROGRESS] INFO: = Progress: 14.78 2630570325/17802455739, Running for: 00:08:14, ETA: 00:47:32
[PROGRESS] INFO: = Downloaded: 1633.62 MiB, Written: 2508.71 MiB
[PROGRESS] INFO:  + Download	- 0.50 MiB/s (raw) / 0.50 MiB/s (decompressed)
[PROGRESS] INFO:  + Disk	- 0.00 MiB/s (write) / 0.00 MiB/s (read)
[PROGRESS] INFO: = Progress: 14.78 2630570325/17802455739, Running for: 00:08:15, ETA: 00:47:38
[PROGRESS] INFO: = Downloaded: 1633.62 MiB, Written: 2508.71 MiB
[PROGRESS] INFO:  + Download	- 0.50 MiB/s (raw) / 0.50 MiB/s (decompressed)
[PROGRESS] INFO:  + Disk	- 0.00 MiB/s (write) / 0.00 MiB/s (read)
[PROGRESS] INFO: = Progress: 14.78 2630570325/17802455739, Running for: 00:08:16, ETA: 00:47:44
[PROGRESS] INFO: = Downloaded: 1633.62 MiB, Written: 2508.71 MiB
[PROGRESS] INFO:  + Download	- 0.50 MiB/s (raw) / 0.51 MiB/s (decompressed)
[PROGRESS] INFO:  + Disk	- 0.00 MiB/s (write) / 0.00 MiB/s (read)
[PROGRESS] INFO: = Progress: 14.78 2630570325/17802455739, Running for: 00:08:17, ETA: 00:47:49
[PROGRESS] INFO: = Downloaded: 1633.62 MiB, Written: 2508.71 MiB
[PROGRESS] INFO:  + Download	- 0.50 MiB/s (raw) / 0.50 MiB/s (decompressed)
[PROGRESS] INFO:  + Disk	- 0.00 MiB/s (write) / 0.00 MiB/s (read)
[PROGRESS] INFO: = Progress: 14.78 2630570325/17802455739, Running for: 00:08:18, ETA: 00:47:55
[PROGRESS] INFO: = Downloaded: 1633.62 MiB, Written: 2508.71 MiB
[PROGRESS] INFO:  + Download	- 0.50 MiB/s (raw) / 0.50 MiB/s (decompressed)
[PROGRESS] INFO:  + Disk	- 0.00 MiB/s (write) / 0.00 MiB/s (read)
[PROGRESS] INFO: = Progress: 14.78 2630570325/17802455739, Running for: 00:08:19, ETA: 00:48:01
[PROGRESS] INFO: = Downloaded: 1633.62 MiB, Written: 2508.71 MiB
[PROGRESS] INFO:  + Download	- 0.50 MiB/s (raw) / 0.50 MiB/s (decompressed)
[PROGRESS] INFO:  + Disk	- 0.00 MiB/s (write) / 0.00 MiB/s (read)
[PROGRESS] INFO: = Progress: 14.78 2630570325/17802455739, Running for: 00:08:20, ETA: 00:48:07
[PROGRESS] INFO: = Downloaded: 1633.62 MiB, Written: 2508.71 MiB
[PROGRESS] INFO:  + Download	- 0.50 MiB/s (raw) / 0.50 MiB/s (decompressed)
[PROGRESS] INFO:  + Disk	- 0.00 MiB/s (write) / 0.00 MiB/s (read)
[PROGRESS] INFO: = Progress: 14.78 2630570325/17802455739, Running for: 00:08:21, ETA: 00:48:12
[PROGRESS] INFO: = Downloaded: 1633.62 MiB, Written: 2508.71 MiB
[PROGRESS] INFO:  + Download	- 0.50 MiB/s (raw) / 0.50 MiB/s (decompressed)
[PROGRESS] INFO:  + Disk	- 0.00 MiB/s (write) / 0.00 MiB/s (read)
[PROGRESS] INFO: = Progress: 14.78 2630570325/17802455739, Running for: 00:08:22, ETA: 00:48:18
[PROGRESS] INFO: = Downloaded: 1633.62 MiB, Written: 2508.71 MiB
[PROGRESS] INFO:  + Download	- 0.50 MiB/s (raw) / 0.50 MiB/s (decompressed)
[PROGRESS] INFO:  + Disk	- 0.00 MiB/s (write) / 0.00 MiB/s (read)
[PROGRESS] INFO: = Progress: 14.78 2630570325/17802455739, Running for: 00:08:23, ETA: 00:48:24
[PROGRESS] INFO: = Downloaded: 1633.62 MiB, Written: 2508.71 MiB
[PROGRESS] INFO:  + Download	- 0.50 MiB/s (raw) / 0.50 MiB/s (decompressed)
[PROGRESS] INFO:  + Disk	- 0.00 MiB/s (write) / 0.00 MiB/s (read)
[PROGRESS] INFO: = Progress: 14.78 2630570325/17802455739, Running for: 00:08:24, ETA: 00:48:30
[PROGRESS] INFO: = Downloaded: 1633.62 MiB, Written: 2508.71 MiB
[PROGRESS] INFO:  + Download	- 0.50 MiB/s (raw) / 0.50 MiB/s (decompressed)
[PROGRESS] INFO:  + Disk	- 0.00 MiB/s (write) / 0.00 MiB/s (read)
[PROGRESS] INFO: = Progress: 14.78 2630570325/17802455739, Running for: 00:08:25, ETA: 00:48:36
[PROGRESS] INFO: = Downloaded: 1633.62 MiB, Written: 2508.71 MiB
[PROGRESS] INFO:  + Download	- 0.50 MiB/s (raw) / 0.51 MiB/s (decompressed)
[PROGRESS] INFO:  + Disk	- 0.00 MiB/s (write) / 0.00 MiB/s (read)
[PROGRESS] INFO: = Progress: 14.78 2630570325/17802455739, Running for: 00:08:26, ETA: 00:48:41
[PROGRESS] INFO: = Downloaded: 1633.62 MiB, Written: 2508.71 MiB
[PROGRESS] INFO:  + Download	- 0.45 MiB/s (raw) / 0.44 MiB/s (decompressed)
[PROGRESS] INFO:  + Disk	- 0.00 MiB/s (write) / 0.00 MiB/s (read)
[PROGRESS] INFO: = Progress: 14.78 2630570325/17802455739, Running for: 00:08:27, ETA: 00:48:47
[PROGRESS] INFO: = Downloaded: 1633.62 MiB, Written: 2508.71 MiB
[PROGRESS] INFO:  + Download	- 0.50 MiB/s (raw) / 0.50 MiB/s (decompressed)
[PROGRESS] INFO:  + Disk	- 0.00 MiB/s (write) / 0.00 MiB/s (read)
[PROGRESS] INFO: = Progress: 14.78 2630570325/17802455739, Running for: 00:08:28, ETA: 00:48:53
[PROGRESS] INFO: = Downloaded: 1633.62 MiB, Written: 2508.71 MiB
[PROGRESS] INFO:  + Download	- 0.50 MiB/s (raw) / 0.50 MiB/s (decompressed)
[PROGRESS] INFO:  + Disk	- 0.00 MiB/s (write) / 0.00 MiB/s (read)
[PROGRESS] INFO: = Progress: 14.78 2630570325/17802455739, Running for: 00:08:29, ETA: 00:48:59
[PROGRESS] INFO: = Downloaded: 1633.62 MiB, Written: 2508.71 MiB
[PROGRESS] INFO:  + Download	- 0.50 MiB/s (raw) / 0.50 MiB/s (decompressed)
[PROGRESS] INFO:  + Disk	- 0.00 MiB/s (write) / 0.00 MiB/s (read)
[PROGRESS] INFO: = Progress: 14.78 2630570325/17802455739, Running for: 00:08:30, ETA: 00:49:04
[PROGRESS] INFO: = Downloaded: 1633.62 MiB, Written: 2508.71 MiB
[PROGRESS] INFO:  + Download	- 0.50 MiB/s (raw) / 0.50 MiB/s (decompressed)
[PROGRESS] INFO:  + Disk	- 0.00 MiB/s (write) / 0.00 MiB/s (read)
[PROGRESS] INFO: = Progress: 14.78 2630570325/17802455739, Running for: 00:08:31, ETA: 00:49:10
[PROGRESS] INFO: = Downloaded: 1633.62 MiB, Written: 2508.71 MiB
[PROGRESS] INFO:  + Download	- 0.50 MiB/s (raw) / 0.50 MiB/s (decompressed)
[PROGRESS] INFO:  + Disk	- 0.00 MiB/s (write) / 0.00 MiB/s (read)
[PROGRESS] INFO: = Progress: 14.78 2630570325/17802455739, Running for: 00:08:32, ETA: 00:49:16
[PROGRESS] INFO: = Downloaded: 1633.62 MiB, Written: 2508.71 MiB
[PROGRESS] INFO:  + Download	- 0.50 MiB/s (raw) / 0.50 MiB/s (decompressed)
[PROGRESS] INFO:  + Disk	- 0.00 MiB/s (write) / 0.00 MiB/s (read)
[PROGRESS] INFO: = Progress: 14.78 2630570325/17802455739, Running for: 00:08:33, ETA: 00:49:22
[PROGRESS] INFO: = Downloaded: 1633.62 MiB, Written: 2508.71 MiB
[PROGRESS] INFO:  + Download	- 0.50 MiB/s (raw) / 0.50 MiB/s (decompressed)
[PROGRESS] INFO:  + Disk	- 0.00 MiB/s (write) / 0.00 MiB/s (read)
[PROGRESS] INFO: = Progress: 15.01 2672744021/17802455739, Running for: 00:08:34, ETA: 00:48:34
[PROGRESS] INFO: = Downloaded: 1642.20 MiB, Written: 2548.93 MiB
[PROGRESS] INFO:  + Download	- 30.18 MiB/s (raw) / 30.36 MiB/s (decompressed)
[PROGRESS] INFO:  + Disk	- 30.19 MiB/s (write) / 0.00 MiB/s (read)
[PROGRESS] INFO: = Progress: 15.01 2672744021/17802455739, Running for: 00:08:35, ETA: 00:48:40
[PROGRESS] INFO: = Downloaded: 1643.97 MiB, Written: 2548.93 MiB
[PROGRESS] INFO:  + Download	- 0.50 MiB/s (raw) / 0.50 MiB/s (decompressed)
[PROGRESS] INFO:  + Disk	- 0.00 MiB/s (write) / 0.00 MiB/s (read)
[PROGRESS] INFO: = Progress: 15.05 2679945301/17802455739, Running for: 00:08:37, ETA: 00:48:40
[PROGRESS] INFO: = Downloaded: 1646.09 MiB, Written: 2555.80 MiB
[PROGRESS] INFO:  + Download	- 6.82 MiB/s (raw) / 6.86 MiB/s (decompressed)
[PROGRESS] INFO:  + Disk	- 4.28 MiB/s (write) / 0.00 MiB/s (read)
[PROGRESS] INFO: = Progress: 15.11 2689712661/17802455739, Running for: 00:08:38, ETA: 00:48:33
[PROGRESS] INFO: = Downloaded: 1647.89 MiB, Written: 2565.11 MiB
[PROGRESS] INFO:  + Download	- 20.66 MiB/s (raw) / 29.42 MiB/s (decompressed)
[PROGRESS] INFO:  + Disk	- 9.31 MiB/s (write) / 0.00 MiB/s (read)
[PROGRESS] INFO: = Progress: 15.12 2691519957/17802455739, Running for: 00:08:40, ETA: 00:48:40
[PROGRESS] INFO: = Downloaded: 1649.14 MiB, Written: 2567.98 MiB
[PROGRESS] INFO:  + Download	- 9.81 MiB/s (raw) / 17.10 MiB/s (decompressed)
[PROGRESS] INFO:  + Disk	- 1.67 MiB/s (write) / 0.00 MiB/s (read)
[PROGRESS] INFO: = Progress: 15.13 2693840149/17802455739, Running for: 00:08:41, ETA: 00:48:43
[PROGRESS] INFO: = Downloaded: 1649.40 MiB, Written: 2569.05 MiB
[PROGRESS] INFO:  + Download	- 12.16 MiB/s (raw) / 16.48 MiB/s (decompressed)
[PROGRESS] INFO:  + Disk	- 1.14 MiB/s (write) / 0.00 MiB/s (read)
[PROGRESS] INFO: = Progress: 15.14 2695427861/17802455739, Running for: 00:08:42, ETA: 00:48:48
[PROGRESS] INFO: = Downloaded: 1651.50 MiB, Written: 2570.56 MiB
[PROGRESS] INFO:  + Download	- 1.20 MiB/s (raw) / 2.13 MiB/s (decompressed)
[PROGRESS] INFO:  + Disk	- 2.01 MiB/s (write) / 0.00 MiB/s (read)
[PROGRESS] INFO: = Progress: 15.26 2717368037/17802455739, Running for: 00:08:44, ETA: 00:48:29
[PROGRESS] INFO: = Downloaded: 1660.97 MiB, Written: 2591.48 MiB
[PROGRESS] INFO:  + Download	- 7.36 MiB/s (raw) / 17.02 MiB/s (decompressed)
[PROGRESS] INFO:  + Disk	- 12.28 MiB/s (write) / 0.00 MiB/s (read)
[PROGRESS] INFO: = Progress: 15.26 2717368037/17802455739, Running for: 00:08:45, ETA: 00:48:35
[PROGRESS] INFO: = Downloaded: 1662.25 MiB, Written: 2591.48 MiB
[PROGRESS] INFO:  + Download	- 0.50 MiB/s (raw) / 0.87 MiB/s (decompressed)
[PROGRESS] INFO:  + Disk	- 0.00 MiB/s (write) / 0.00 MiB/s (read)
[PROGRESS] INFO: = Progress: 15.26 2717368037/17802455739, Running for: 00:08:46, ETA: 00:48:40
[PROGRESS] INFO: = Downloaded: 1662.62 MiB, Written: 2591.48 MiB
[PROGRESS] INFO:  + Download	- 0.05 MiB/s (raw) / 0.52 MiB/s (decompressed)
[PROGRESS] INFO:  + Disk	- 0.00 MiB/s (write) / 0.00 MiB/s (read)
[PROGRESS] INFO: = Progress: 15.26 2717368037/17802455739, Running for: 00:08:47, ETA: 00:48:46
[PROGRESS] INFO: = Downloaded: 1663.50 MiB, Written: 2591.48 MiB
[PROGRESS] INFO:  + Download	- 0.50 MiB/s (raw) / 0.87 MiB/s (decompressed)
[PROGRESS] INFO:  + Disk	- 0.00 MiB/s (write) / 0.00 MiB/s (read)
[PROGRESS] INFO: = Progress: 15.26 2717368037/17802455739, Running for: 00:08:48, ETA: 00:48:51
[PROGRESS] INFO: = Downloaded: 1663.50 MiB, Written: 2591.48 MiB
[PROGRESS] INFO:  + Download	- 0.50 MiB/s (raw) / 1.60 MiB/s (decompressed)
[PROGRESS] INFO:  + Disk	- 0.00 MiB/s (write) / 0.00 MiB/s (read)
[PROGRESS] INFO: = Progress: 15.45 2749754688/17802455739, Running for: 00:08:49, ETA: 00:48:16
[PROGRESS] INFO: = Downloaded: 1668.04 MiB, Written: 2622.37 MiB
[PROGRESS] INFO:  + Download	- 40.46 MiB/s (raw) / 92.83 MiB/s (decompressed)
[PROGRESS] INFO:  + Disk	- 30.77 MiB/s (write) / 0.00 MiB/s (read)
[PROGRESS] INFO: = Progress: 15.45 2750577646/17802455739, Running for: 00:08:50, ETA: 00:48:21
[PROGRESS] INFO: = Downloaded: 1668.80 MiB, Written: 2623.16 MiB
[PROGRESS] INFO:  + Download	- 11.62 MiB/s (raw) / 21.62 MiB/s (decompressed)
[PROGRESS] INFO:  + Disk	- 0.79 MiB/s (write) / 0.00 MiB/s (read)
[PROGRESS] INFO: = Progress: 15.46 2751372198/17802455739, Running for: 00:08:51, ETA: 00:48:28
[PROGRESS] INFO: = Downloaded: 1669.76 MiB, Written: 2623.91 MiB
[PROGRESS] INFO:  + Download	- 5.87 MiB/s (raw) / 11.21 MiB/s (decompressed)
[PROGRESS] INFO:  + Disk	- 0.48 MiB/s (write) / 0.00 MiB/s (read)
[PROGRESS] INFO: = Progress: 15.46 2752545129/17802455739, Running for: 00:08:52, ETA: 00:48:33
[PROGRESS] INFO: = Downloaded: 1670.55 MiB, Written: 2625.03 MiB
[PROGRESS] INFO:  + Download	- 10.12 MiB/s (raw) / 20.99 MiB/s (decompressed)
[PROGRESS] INFO:  + Disk	- 1.00 MiB/s (write) / 0.00 MiB/s (read)
[PROGRESS] INFO: = Progress: 15.47 2753277015/17802455739, Running for: 00:08:53, ETA: 00:48:38
[PROGRESS] INFO: = Downloaded: 1671.36 MiB, Written: 2625.76 MiB
[PROGRESS] INFO:  + Download	- 3.19 MiB/s (raw) / 8.44 MiB/s (decompressed)
[PROGRESS] INFO:  + Disk	- 0.64 MiB/s (write) / 0.00 MiB/s (read)
[PROGRESS] INFO: = Progress: 15.47 2754238939/17802455739, Running for: 00:08:55, ETA: 00:48:48
[PROGRESS] INFO: = Downloaded: 1673.29 MiB, Written: 2626.65 MiB
[PROGRESS] INFO:  + Download	- 3.14 MiB/s (raw) / 7.95 MiB/s (decompressed)
[PROGRESS] INFO:  + Disk	- 0.44 MiB/s (write) / 0.00 MiB/s (read)
[PROGRESS] INFO: = Progress: 15.47 2754238939/17802455739, Running for: 00:08:56, ETA: 00:48:53
[PROGRESS] INFO: = Downloaded: 1676.83 MiB, Written: 2626.65 MiB
[PROGRESS] INFO:  + Download	- 0.50 MiB/s (raw) / 1.04 MiB/s (decompressed)
[PROGRESS] INFO:  + Disk	- 0.00 MiB/s (write) / 0.00 MiB/s (read)
[PROGRESS] INFO: = Progress: 15.47 2754238939/17802455739, Running for: 00:08:57, ETA: 00:48:59
[PROGRESS] INFO: = Downloaded: 1679.67 MiB, Written: 2626.65 MiB
[PROGRESS] INFO:  + Download	- 0.50 MiB/s (raw) / 1.15 MiB/s (decompressed)
[PROGRESS] INFO:  + Disk	- 0.00 MiB/s (write) / 0.00 MiB/s (read)
[PROGRESS] INFO: = Progress: 15.47 2754238939/17802455739, Running for: 00:08:58, ETA: 00:49:04
[PROGRESS] INFO: = Downloaded: 1682.04 MiB, Written: 2626.65 MiB
[PROGRESS] INFO:  + Download	- 0.50 MiB/s (raw) / 0.94 MiB/s (decompressed)
[PROGRESS] INFO:  + Disk	- 0.00 MiB/s (write) / 0.00 MiB/s (read)
[PROGRESS] INFO: = Progress: 15.47 2754238939/17802455739, Running for: 00:08:59, ETA: 00:49:10
[PROGRESS] INFO: = Downloaded: 1686.59 MiB, Written: 2626.65 MiB
[PROGRESS] INFO:  + Download	- 0.50 MiB/s (raw) / 0.79 MiB/s (decompressed)
[PROGRESS] INFO:  + Disk	- 0.00 MiB/s (write) / 0.00 MiB/s (read)
[PROGRESS] INFO: = Progress: 15.47 2754238939/17802455739, Running for: 00:09:00, ETA: 00:49:15
[PROGRESS] INFO: = Downloaded: 1688.93 MiB, Written: 2626.65 MiB
[PROGRESS] INFO:  + Download	- 0.50 MiB/s (raw) / 0.89 MiB/s (decompressed)
[PROGRESS] INFO:  + Disk	- 0.00 MiB/s (write) / 0.00 MiB/s (read)
[PROGRESS] INFO: = Progress: 15.47 2754238939/17802455739, Running for: 00:09:01, ETA: 00:49:21
[PROGRESS] INFO: = Downloaded: 1691.93 MiB, Written: 2626.65 MiB
[PROGRESS] INFO:  + Download	- 0.50 MiB/s (raw) / 0.84 MiB/s (decompressed)
[PROGRESS] INFO:  + Disk	- 0.00 MiB/s (write) / 0.00 MiB/s (read)
[PROGRESS] INFO: = Progress: 15.66 2788247541/17802455739, Running for: 00:09:03, ETA: 00:48:47
[PROGRESS] INFO: = Downloaded: 1702.26 MiB, Written: 2659.08 MiB
[PROGRESS] INFO:  + Download	- 2.53 MiB/s (raw) / 6.83 MiB/s (decompressed)
[PROGRESS] INFO:  + Disk	- 19.14 MiB/s (write) / 0.00 MiB/s (read)
[PROGRESS] INFO: = Progress: 15.72 2797824636/17802455739, Running for: 00:09:04, ETA: 00:48:41
[PROGRESS] INFO: = Downloaded: 1707.73 MiB, Written: 2668.21 MiB
[PROGRESS] INFO:  + Download	- 0.62 MiB/s (raw) / 1.66 MiB/s (decompressed)
[PROGRESS] INFO:  + Disk	- 8.94 MiB/s (write) / 0.00 MiB/s (read)
[PROGRESS] INFO: = Progress: 15.74 2802344833/17802455739, Running for: 00:09:06, ETA: 00:48:44
[PROGRESS] INFO: = Downloaded: 1713.20 MiB, Written: 2672.52 MiB
[PROGRESS] INFO:  + Download	- 0.34 MiB/s (raw) / 1.04 MiB/s (decompressed)
[PROGRESS] INFO:  + Disk	- 2.11 MiB/s (write) / 0.00 MiB/s (read)
[PROGRESS] INFO: = Progress: 15.76 2805655865/17802455739, Running for: 00:09:07, ETA: 00:48:47
[PROGRESS] INFO: = Downloaded: 1721.17 MiB, Written: 2675.68 MiB
[PROGRESS] INFO:  + Download	- 0.13 MiB/s (raw) / 0.32 MiB/s (decompressed)
[PROGRESS] INFO:  + Disk	- 3.26 MiB/s (write) / 0.00 MiB/s (read)
[PROGRESS] INFO: = Progress: 15.87 2824684829/17802455739, Running for: 00:09:09, ETA: 00:48:31
[PROGRESS] INFO: = Downloaded: 1732.21 MiB, Written: 2693.83 MiB
[PROGRESS] INFO:  + Download	- 0.68 MiB/s (raw) / 1.76 MiB/s (decompressed)
[PROGRESS] INFO:  + Disk	- 12.40 MiB/s (write) / 0.00 MiB/s (read)
[PROGRESS] INFO: = Progress: 15.90 2830553167/17802455739, Running for: 00:09:10, ETA: 00:48:33
[PROGRESS] INFO: = Downloaded: 1740.46 MiB, Written: 2699.43 MiB
[PROGRESS] INFO:  + Download	- 0.06 MiB/s (raw) / 0.12 MiB/s (decompressed)
[PROGRESS] INFO:  + Disk	- 2.93 MiB/s (write) / 0.00 MiB/s (read)
[PROGRESS] INFO: = Progress: 15.98 2844701353/17802455739, Running for: 00:09:12, ETA: 00:48:23
[PROGRESS] INFO: = Downloaded: 1747.55 MiB, Written: 2712.92 MiB
[PROGRESS] INFO:  + Download	- 1.81 MiB/s (raw) / 4.78 MiB/s (decompressed)
[PROGRESS] INFO:  + Disk	- 10.08 MiB/s (write) / 0.00 MiB/s (read)
[PROGRESS] INFO: = Progress: 16.01 2850296899/17802455739, Running for: 00:09:13, ETA: 00:48:23
[PROGRESS] INFO: = Downloaded: 1754.84 MiB, Written: 2718.25 MiB
[PROGRESS] INFO:  + Download	- 2.37 MiB/s (raw) / 5.93 MiB/s (decompressed)
[PROGRESS] INFO:  + Disk	- 3.49 MiB/s (write) / 0.00 MiB/s (read)
[PROGRESS] INFO: = Progress: 16.07 2860039850/17802455739, Running for: 00:09:14, ETA: 00:48:18
[PROGRESS] INFO: = Downloaded: 1759.31 MiB, Written: 2727.55 MiB
[PROGRESS] INFO:  + Download	- 3.27 MiB/s (raw) / 8.46 MiB/s (decompressed)
[PROGRESS] INFO:  + Disk	- 7.89 MiB/s (write) / 0.00 MiB/s (read)
[PROGRESS] INFO: = Progress: 16.11 2868227716/17802455739, Running for: 00:09:16, ETA: 00:48:15
[PROGRESS] INFO: = Downloaded: 1769.30 MiB, Written: 2735.36 MiB
[PROGRESS] INFO:  + Download	- 2.63 MiB/s (raw) / 6.06 MiB/s (decompressed)
[PROGRESS] INFO:  + Disk	- 5.51 MiB/s (write) / 0.00 MiB/s (read)
[PROGRESS] INFO: = Progress: 16.20 2883396167/17802455739, Running for: 00:09:17, ETA: 00:48:06
[PROGRESS] INFO: = Downloaded: 1776.63 MiB, Written: 2749.82 MiB
[PROGRESS] INFO:  + Download	- 1.63 MiB/s (raw) / 5.26 MiB/s (decompressed)
[PROGRESS] INFO:  + Disk	- 8.19 MiB/s (write) / 0.00 MiB/s (read)
[PROGRESS] INFO: = Progress: 16.23 2888525571/17802455739, Running for: 00:09:19, ETA: 00:48:06
[PROGRESS] INFO: = Downloaded: 1781.42 MiB, Written: 2754.71 MiB
[PROGRESS] INFO:  + Download	- 2.36 MiB/s (raw) / 9.69 MiB/s (decompressed)
[PROGRESS] INFO:  + Disk	- 4.80 MiB/s (write) / 0.00 MiB/s (read)
[PROGRESS] INFO: = Progress: 16.26 2894683973/17802455739, Running for: 00:09:20, ETA: 00:48:05
[PROGRESS] INFO: = Downloaded: 1785.50 MiB, Written: 2760.59 MiB
[PROGRESS] INFO:  + Download	- 0.39 MiB/s (raw) / 0.42 MiB/s (decompressed)
[PROGRESS] INFO:  + Disk	- 4.11 MiB/s (write) / 0.00 MiB/s (read)
[PROGRESS] INFO: = Progress: 16.31 2903992877/17802455739, Running for: 00:09:22, ETA: 00:48:03
[PROGRESS] INFO: = Downloaded: 1790.62 MiB, Written: 2769.46 MiB
[PROGRESS] INFO:  + Download	- 0.40 MiB/s (raw) / 0.43 MiB/s (decompressed)
[PROGRESS] INFO:  + Disk	- 4.84 MiB/s (write) / 0.00 MiB/s (read)
[PROGRESS] INFO: = Progress: 16.31 2903992877/17802455739, Running for: 00:09:23, ETA: 00:48:09
[PROGRESS] INFO: = Downloaded: 1790.62 MiB, Written: 2769.46 MiB
[PROGRESS] INFO:  + Download	- 0.03 MiB/s (raw) / 0.03 MiB/s (decompressed)
[PROGRESS] INFO:  + Disk	- 0.00 MiB/s (write) / 0.00 MiB/s (read)
[PROGRESS] INFO: = Progress: 16.31 2903992877/17802455739, Running for: 00:09:24, ETA: 00:48:14
[PROGRESS] INFO: = Downloaded: 1790.62 MiB, Written: 2769.46 MiB
[PROGRESS] INFO:  + Download	- 0.03 MiB/s (raw) / 0.03 MiB/s (decompressed)
[PROGRESS] INFO:  + Disk	- 0.00 MiB/s (write) / 0.00 MiB/s (read)
[PROGRESS] INFO: = Progress: 16.31 2903992877/17802455739, Running for: 00:09:25, ETA: 00:48:19
[PROGRESS] INFO: = Downloaded: 1790.62 MiB, Written: 2769.46 MiB
[PROGRESS] INFO:  + Download	- 0.03 MiB/s (raw) / 0.03 MiB/s (decompressed)
[PROGRESS] INFO:  + Disk	- 0.00 MiB/s (write) / 0.00 MiB/s (read)
[PROGRESS] INFO: = Progress: 16.31 2903992877/17802455739, Running for: 00:09:26, ETA: 00:48:24
[PROGRESS] INFO: = Downloaded: 1808.74 MiB, Written: 2769.46 MiB
[PROGRESS] INFO:  + Download	- 0.03 MiB/s (raw) / 0.03 MiB/s (decompressed)
[PROGRESS] INFO:  + Disk	- 0.00 MiB/s (write) / 0.00 MiB/s (read)
[PROGRESS] INFO: = Progress: 16.31 2903992877/17802455739, Running for: 00:09:27, ETA: 00:48:29
[PROGRESS] INFO: = Downloaded: 1808.74 MiB, Written: 2769.46 MiB
[PROGRESS] INFO:  + Download	- 0.03 MiB/s (raw) / 0.03 MiB/s (decompressed)
[PROGRESS] INFO:  + Disk	- 0.00 MiB/s (write) / 0.00 MiB/s (read)
[PROGRESS] INFO: = Progress: 16.31 2903992877/17802455739, Running for: 00:09:28, ETA: 00:48:34
[PROGRESS] INFO: = Downloaded: 1818.00 MiB, Written: 2769.46 MiB
[PROGRESS] INFO:  + Download	- 0.03 MiB/s (raw) / 0.03 MiB/s (decompressed)
[PROGRESS] INFO:  + Disk	- 0.00 MiB/s (write) / 0.00 MiB/s (read)
[PROGRESS] INFO: = Progress: 16.31 2903992877/17802455739, Running for: 00:09:29, ETA: 00:48:39
[PROGRESS] INFO: = Downloaded: 1818.00 MiB, Written: 2769.46 MiB
[PROGRESS] INFO:  + Download	- 0.03 MiB/s (raw) / 0.03 MiB/s (decompressed)
[PROGRESS] INFO:  + Disk	- 0.00 MiB/s (write) / 0.00 MiB/s (read)
[PROGRESS] INFO: = Progress: 16.31 2903992877/17802455739, Running for: 00:09:30, ETA: 00:48:45
[PROGRESS] INFO: = Downloaded: 1818.00 MiB, Written: 2769.46 MiB
[PROGRESS] INFO:  + Download	- 0.03 MiB/s (raw) / 0.03 MiB/s (decompressed)
[PROGRESS] INFO:  + Disk	- 0.00 MiB/s (write) / 0.00 MiB/s (read)
[PROGRESS] INFO: = Progress: 16.31 2903992877/17802455739, Running for: 00:09:31, ETA: 00:48:50
[PROGRESS] INFO: = Downloaded: 1818.00 MiB, Written: 2769.46 MiB
[PROGRESS] INFO:  + Download	- 0.03 MiB/s (raw) / 0.03 MiB/s (decompressed)
[PROGRESS] INFO:  + Disk	- 0.00 MiB/s (write) / 0.00 MiB/s (read)
[PROGRESS] INFO: = Progress: 16.31 2903992877/17802455739, Running for: 00:09:32, ETA: 00:48:55
[PROGRESS] INFO: = Downloaded: 1818.00 MiB, Written: 2769.46 MiB
[PROGRESS] INFO:  + Download	- 0.03 MiB/s (raw) / 0.03 MiB/s (decompressed)
[PROGRESS] INFO:  + Disk	- 0.00 MiB/s (write) / 0.00 MiB/s (read)
[PROGRESS] INFO: = Progress: 16.31 2903992877/17802455739, Running for: 00:09:33, ETA: 00:49:00
[PROGRESS] INFO: = Downloaded: 1818.00 MiB, Written: 2769.46 MiB
[PROGRESS] INFO:  + Download	- 0.03 MiB/s (raw) / 0.03 MiB/s (decompressed)
[PROGRESS] INFO:  + Disk	- 0.00 MiB/s (write) / 0.00 MiB/s (read)
[PROGRESS] INFO: = Progress: 16.31 2903992877/17802455739, Running for: 00:09:34, ETA: 00:49:05
[PROGRESS] INFO: = Downloaded: 1818.00 MiB, Written: 2769.46 MiB
[PROGRESS] INFO:  + Download	- 0.03 MiB/s (raw) / 0.03 MiB/s (decompressed)
[PROGRESS] INFO:  + Disk	- 0.00 MiB/s (write) / 0.00 MiB/s (read)
[PROGRESS] INFO: = Progress: 16.31 2903992877/17802455739, Running for: 00:09:35, ETA: 00:49:10
[PROGRESS] INFO: = Downloaded: 1818.00 MiB, Written: 2769.46 MiB
[PROGRESS] INFO:  + Download	- 0.03 MiB/s (raw) / 0.03 MiB/s (decompressed)
[PROGRESS] INFO:  + Disk	- 0.00 MiB/s (write) / 0.00 MiB/s (read)
[PROGRESS] INFO: = Progress: 16.31 2903992877/17802455739, Running for: 00:09:36, ETA: 00:49:15
[PROGRESS] INFO: = Downloaded: 1818.00 MiB, Written: 2769.46 MiB
[PROGRESS] INFO:  + Download	- 0.03 MiB/s (raw) / 0.03 MiB/s (decompressed)
[PROGRESS] INFO:  + Disk	- 0.00 MiB/s (write) / 0.00 MiB/s (read)
[PROGRESS] INFO: = Progress: 16.31 2903992877/17802455739, Running for: 00:09:37, ETA: 00:49:20
[PROGRESS] INFO: = Downloaded: 1818.00 MiB, Written: 2769.46 MiB
[PROGRESS] INFO:  + Download	- 0.03 MiB/s (raw) / 0.03 MiB/s (decompressed)
[PROGRESS] INFO:  + Disk	- 0.00 MiB/s (write) / 0.00 MiB/s (read)
[PROGRESS] INFO: = Progress: 16.31 2903992877/17802455739, Running for: 00:09:38, ETA: 00:49:26
[PROGRESS] INFO: = Downloaded: 1818.00 MiB, Written: 2769.46 MiB
[PROGRESS] INFO:  + Download	- 0.03 MiB/s (raw) / 0.03 MiB/s (decompressed)
[PROGRESS] INFO:  + Disk	- 0.00 MiB/s (write) / 0.00 MiB/s (read)
[PROGRESS] INFO: = Progress: 16.31 2903992877/17802455739, Running for: 00:09:39, ETA: 00:49:31
[PROGRESS] INFO: = Downloaded: 1819.80 MiB, Written: 2769.46 MiB
[PROGRESS] INFO:  + Download	- 0.03 MiB/s (raw) / 0.03 MiB/s (decompressed)
[PROGRESS] INFO:  + Disk	- 0.00 MiB/s (write) / 0.00 MiB/s (read)
[PROGRESS] INFO: = Progress: 16.31 2903992877/17802455739, Running for: 00:09:40, ETA: 00:49:36
[PROGRESS] INFO: = Downloaded: 1828.86 MiB, Written: 2769.46 MiB
[PROGRESS] INFO:  + Download	- 0.03 MiB/s (raw) / 0.03 MiB/s (decompressed)
[PROGRESS] INFO:  + Disk	- 0.00 MiB/s (write) / 0.00 MiB/s (read)
[PROGRESS] INFO: = Progress: 16.31 2903992877/17802455739, Running for: 00:09:41, ETA: 00:49:41
[PROGRESS] INFO: = Downloaded: 1828.86 MiB, Written: 2769.46 MiB
[PROGRESS] INFO:  + Download	- 0.03 MiB/s (raw) / 0.03 MiB/s (decompressed)
[PROGRESS] INFO:  + Disk	- 0.00 MiB/s (write) / 0.00 MiB/s (read)
[PROGRESS] INFO: = Progress: 16.31 2903992877/17802455739, Running for: 00:09:42, ETA: 00:49:46
[PROGRESS] INFO: = Downloaded: 1828.86 MiB, Written: 2769.46 MiB
[PROGRESS] INFO:  + Download	- 0.03 MiB/s (raw) / 0.03 MiB/s (decompressed)
[PROGRESS] INFO:  + Disk	- 0.00 MiB/s (write) / 0.00 MiB/s (read)
[PROGRESS] INFO: = Progress: 16.31 2903992877/17802455739, Running for: 00:09:43, ETA: 00:49:51
[PROGRESS] INFO: = Downloaded: 1828.86 MiB, Written: 2769.46 MiB
[PROGRESS] INFO:  + Download	- 0.03 MiB/s (raw) / 0.03 MiB/s (decompressed)
[PROGRESS] INFO:  + Disk	- 0.00 MiB/s (write) / 0.00 MiB/s (read)
[PROGRESS] INFO: = Progress: 16.31 2903992877/17802455739, Running for: 00:09:44, ETA: 00:49:56
[PROGRESS] INFO: = Downloaded: 1838.01 MiB, Written: 2769.46 MiB
[PROGRESS] INFO:  + Download	- 0.03 MiB/s (raw) / 0.03 MiB/s (decompressed)
[PROGRESS] INFO:  + Disk	- 0.00 MiB/s (write) / 0.00 MiB/s (read)
[PROGRESS] INFO: = Progress: 16.31 2903992877/17802455739, Running for: 00:09:45, ETA: 00:50:02
[PROGRESS] INFO: = Downloaded: 1838.01 MiB, Written: 2769.46 MiB
[PROGRESS] INFO:  + Download	- 0.03 MiB/s (raw) / 0.03 MiB/s (decompressed)
[PROGRESS] INFO:  + Disk	- 0.00 MiB/s (write) / 0.00 MiB/s (read)
[PROGRESS] INFO: = Progress: 16.31 2903992877/17802455739, Running for: 00:09:46, ETA: 00:50:07
[PROGRESS] INFO: = Downloaded: 1846.97 MiB, Written: 2769.46 MiB
[PROGRESS] INFO:  + Download	- 0.03 MiB/s (raw) / 0.03 MiB/s (decompressed)
[PROGRESS] INFO:  + Disk	- 0.00 MiB/s (write) / 0.00 MiB/s (read)
[PROGRESS] INFO: = Progress: 16.31 2903992877/17802455739, Running for: 00:09:47, ETA: 00:50:12
[PROGRESS] INFO: = Downloaded: 1846.97 MiB, Written: 2769.46 MiB
[PROGRESS] INFO:  + Download	- 0.03 MiB/s (raw) / 0.03 MiB/s (decompressed)
[PROGRESS] INFO:  + Disk	- 0.00 MiB/s (write) / 0.00 MiB/s (read)
[PROGRESS] INFO: = Progress: 16.31 2903992877/17802455739, Running for: 00:09:48, ETA: 00:50:17
[PROGRESS] INFO: = Downloaded: 1846.97 MiB, Written: 2769.46 MiB
[PROGRESS] INFO:  + Download	- 0.03 MiB/s (raw) / 0.03 MiB/s (decompressed)
[PROGRESS] INFO:  + Disk	- 0.00 MiB/s (write) / 0.00 MiB/s (read)
[PROGRESS] INFO: = Progress: 16.31 2903992877/17802455739, Running for: 00:09:49, ETA: 00:50:22
[PROGRESS] INFO: = Downloaded: 1873.97 MiB, Written: 2769.46 MiB
[PROGRESS] INFO:  + Download	- 0.03 MiB/s (raw) / 0.03 MiB/s (decompressed)
[PROGRESS] INFO:  + Disk	- 0.00 MiB/s (write) / 0.00 MiB/s (read)
[PROGRESS] INFO: = Progress: 16.31 2903992877/17802455739, Running for: 00:09:50, ETA: 00:50:27
[PROGRESS] INFO: = Downloaded: 1873.97 MiB, Written: 2769.46 MiB
[PROGRESS] INFO:  + Download	- 0.03 MiB/s (raw) / 0.03 MiB/s (decompressed)
[PROGRESS] INFO:  + Disk	- 0.00 MiB/s (write) / 0.00 MiB/s (read)
[PROGRESS] INFO: = Progress: 16.31 2903992877/17802455739, Running for: 00:09:51, ETA: 00:50:32
[PROGRESS] INFO: = Downloaded: 1873.97 MiB, Written: 2769.46 MiB
[PROGRESS] INFO:  + Download	- 0.03 MiB/s (raw) / 0.03 MiB/s (decompressed)
[PROGRESS] INFO:  + Disk	- 0.00 MiB/s (write) / 0.00 MiB/s (read)
[PROGRESS] INFO: = Progress: 16.31 2903992877/17802455739, Running for: 00:09:52, ETA: 00:50:38
[PROGRESS] INFO: = Downloaded: 1873.97 MiB, Written: 2769.46 MiB
[PROGRESS] INFO:  + Download	- 0.03 MiB/s (raw) / 0.03 MiB/s (decompressed)
[PROGRESS] INFO:  + Disk	- 0.00 MiB/s (write) / 0.00 MiB/s (read)
[PROGRESS] INFO: = Progress: 16.84 2998364717/17802455739, Running for: 00:09:54, ETA: 00:48:53
[PROGRESS] INFO: = Downloaded: 1882.98 MiB, Written: 2859.46 MiB
[PROGRESS] INFO:  + Download	- 4.08 MiB/s (raw) / 4.91 MiB/s (decompressed)
[PROGRESS] INFO:  + Disk	- 45.31 MiB/s (write) / 0.00 MiB/s (read)
[PROGRESS] INFO: = Progress: 16.84 2998364717/17802455739, Running for: 00:09:55, ETA: 00:48:58
[PROGRESS] INFO: = Downloaded: 1882.98 MiB, Written: 2859.46 MiB
[PROGRESS] INFO:  + Download	- 0.50 MiB/s (raw) / 0.62 MiB/s (decompressed)
[PROGRESS] INFO:  + Disk	- 0.00 MiB/s (write) / 0.00 MiB/s (read)
[PROGRESS] INFO: = Progress: 16.84 2998364717/17802455739, Running for: 00:09:56, ETA: 00:49:03
[PROGRESS] INFO: = Downloaded: 1882.98 MiB, Written: 2859.46 MiB
[PROGRESS] INFO:  + Download	- 0.38 MiB/s (raw) / 0.47 MiB/s (decompressed)
[PROGRESS] INFO:  + Disk	- 0.00 MiB/s (write) / 0.00 MiB/s (read)
[PROGRESS] INFO: = Progress: 17.10 3043556661/17802455739, Running for: 00:09:58, ETA: 00:48:20
[PROGRESS] INFO: = Downloaded: 1929.05 MiB, Written: 2902.56 MiB
[PROGRESS] INFO:  + Download	- 8.79 MiB/s (raw) / 10.67 MiB/s (decompressed)
[PROGRESS] INFO:  + Disk	- 22.14 MiB/s (write) / 0.00 MiB/s (read)
[PROGRESS] INFO: = Progress: 17.16 3054042421/17802455739, Running for: 00:09:59, ETA: 00:48:13
[PROGRESS] INFO: = Downloaded: 1948.39 MiB, Written: 2912.56 MiB
[PROGRESS] INFO:  + Download	- 5.25 MiB/s (raw) / 6.33 MiB/s (decompressed)
[PROGRESS] INFO:  + Disk	- 14.99 MiB/s (write) / 0.00 MiB/s (read)
[PROGRESS] INFO: = Progress: 17.28 3076621172/17802455739, Running for: 00:10:00, ETA: 00:47:52
[PROGRESS] INFO: = Downloaded: 1948.39 MiB, Written: 2934.09 MiB
[PROGRESS] INFO:  + Download	- 6.01 MiB/s (raw) / 7.16 MiB/s (decompressed)
[PROGRESS] INFO:  + Disk	- 16.23 MiB/s (write) / 0.00 MiB/s (read)
[PROGRESS] INFO: = Progress: 17.40 3097592692/17802455739, Running for: 00:10:01, ETA: 00:47:35
[PROGRESS] INFO: = Downloaded: 1957.10 MiB, Written: 2954.09 MiB
[PROGRESS] INFO:  + Download	- 4.80 MiB/s (raw) / 5.72 MiB/s (decompressed)
[PROGRESS] INFO:  + Disk	- 13.65 MiB/s (write) / 0.00 MiB/s (read)
[PROGRESS] INFO: = Progress: 17.40 3097592692/17802455739, Running for: 00:10:02, ETA: 00:47:40
[PROGRESS] INFO: = Downloaded: 1957.10 MiB, Written: 2954.09 MiB
[PROGRESS] INFO:  + Download	- 0.20 MiB/s (raw) / 0.24 MiB/s (decompressed)
[PROGRESS] INFO:  + Disk	- 0.00 MiB/s (write) / 0.00 MiB/s (read)
[PROGRESS] INFO: = Progress: 17.40 3097592692/17802455739, Running for: 00:10:03, ETA: 00:47:45
[PROGRESS] INFO: = Downloaded: 1957.10 MiB, Written: 2954.09 MiB
[PROGRESS] INFO:  + Download	- 0.50 MiB/s (raw) / 0.61 MiB/s (decompressed)
[PROGRESS] INFO:  + Disk	- 0.00 MiB/s (write) / 0.00 MiB/s (read)
[PROGRESS] INFO: = Progress: 17.40 3097592692/17802455739, Running for: 00:10:04, ETA: 00:47:50
[PROGRESS] INFO: = Downloaded: 1966.19 MiB, Written: 2954.09 MiB
[PROGRESS] INFO:  + Download	- 0.50 MiB/s (raw) / 0.60 MiB/s (decompressed)
[PROGRESS] INFO:  + Disk	- 0.00 MiB/s (write) / 0.00 MiB/s (read)
[PROGRESS] INFO: = Progress: 17.40 3097592692/17802455739, Running for: 00:10:05, ETA: 00:47:54
[PROGRESS] INFO: = Downloaded: 1983.84 MiB, Written: 2954.09 MiB
[PROGRESS] INFO:  + Download	- 0.46 MiB/s (raw) / 0.56 MiB/s (decompressed)
[PROGRESS] INFO:  + Disk	- 0.00 MiB/s (write) / 0.00 MiB/s (read)
[PROGRESS] INFO: = Progress: 17.40 3097592692/17802455739, Running for: 00:10:06, ETA: 00:47:59
[PROGRESS] INFO: = Downloaded: 1983.84 MiB, Written: 2954.09 MiB
[PROGRESS] INFO:  + Download	- 0.50 MiB/s (raw) / 0.59 MiB/s (decompressed)
[PROGRESS] INFO:  + Disk	- 0.00 MiB/s (write) / 0.00 MiB/s (read)
[PROGRESS] INFO: = Progress: 17.40 3097592692/17802455739, Running for: 00:10:07, ETA: 00:48:04
[PROGRESS] INFO: = Downloaded: 1997.79 MiB, Written: 2954.09 MiB
[PROGRESS] INFO:  + Download	- 0.50 MiB/s (raw) / 0.60 MiB/s (decompressed)
[PROGRESS] INFO:  + Disk	- 0.00 MiB/s (write) / 0.00 MiB/s (read)
[PROGRESS] INFO: = Progress: 17.40 3097592692/17802455739, Running for: 00:10:08, ETA: 00:48:09
[PROGRESS] INFO: = Downloaded: 1997.79 MiB, Written: 2954.09 MiB
[PROGRESS] INFO:  + Download	- 0.50 MiB/s (raw) / 0.59 MiB/s (decompressed)
[PROGRESS] INFO:  + Disk	- 0.00 MiB/s (write) / 0.00 MiB/s (read)
[PROGRESS] INFO: = Progress: 17.40 3097592692/17802455739, Running for: 00:10:09, ETA: 00:48:13
[PROGRESS] INFO: = Downloaded: 1997.79 MiB, Written: 2954.09 MiB
[PROGRESS] INFO:  + Download	- 0.15 MiB/s (raw) / 0.18 MiB/s (decompressed)
[PROGRESS] INFO:  + Disk	- 0.00 MiB/s (write) / 0.00 MiB/s (read)
[PROGRESS] INFO: = Progress: 17.40 3097592692/17802455739, Running for: 00:10:10, ETA: 00:48:18
[PROGRESS] INFO: = Downloaded: 1997.79 MiB, Written: 2954.09 MiB
[PROGRESS] INFO:  + Download	- 0.45 MiB/s (raw) / 0.55 MiB/s (decompressed)
[PROGRESS] INFO:  + Disk	- 0.00 MiB/s (write) / 0.00 MiB/s (read)
[PROGRESS] INFO: = Progress: 17.40 3097592692/17802455739, Running for: 00:10:11, ETA: 00:48:23
[PROGRESS] INFO: = Downloaded: 2033.56 MiB, Written: 2954.09 MiB
[PROGRESS] INFO:  + Download	- 0.11 MiB/s (raw) / 0.14 MiB/s (decompressed)
[PROGRESS] INFO:  + Disk	- 0.00 MiB/s (write) / 0.00 MiB/s (read)
[PROGRESS] INFO: = Progress: 17.40 3097592692/17802455739, Running for: 00:10:12, ETA: 00:48:28
[PROGRESS] INFO: = Downloaded: 2051.49 MiB, Written: 2954.09 MiB
[PROGRESS] INFO:  + Download	- 0.37 MiB/s (raw) / 0.45 MiB/s (decompressed)
[PROGRESS] INFO:  + Disk	- 0.00 MiB/s (write) / 0.00 MiB/s (read)
[PROGRESS] INFO: = Progress: 18.02 3207568086/17802455739, Running for: 00:10:14, ETA: 00:46:35
[PROGRESS] INFO: = Downloaded: 2060.52 MiB, Written: 3058.98 MiB
[PROGRESS] INFO:  + Download	- 21.98 MiB/s (raw) / 26.74 MiB/s (decompressed)
[PROGRESS] INFO:  + Disk	- 57.33 MiB/s (write) / 0.00 MiB/s (read)
[PROGRESS] INFO: = Progress: 18.21 3241068085/17802455739, Running for: 00:10:16, ETA: 00:46:08
[PROGRESS] INFO: = Downloaded: 2080.75 MiB, Written: 3090.92 MiB
[PROGRESS] INFO:  + Download	- 6.98 MiB/s (raw) / 8.60 MiB/s (decompressed)
[PROGRESS] INFO:  + Disk	- 18.30 MiB/s (write) / 0.00 MiB/s (read)
[PROGRESS] INFO: = Progress: 18.21 3241068085/17802455739, Running for: 00:10:17, ETA: 00:46:12
[PROGRESS] INFO: = Downloaded: 2080.75 MiB, Written: 3090.92 MiB
[PROGRESS] INFO:  + Download	- 0.30 MiB/s (raw) / 0.38 MiB/s (decompressed)
[PROGRESS] INFO:  + Disk	- 0.00 MiB/s (write) / 0.00 MiB/s (read)
[PROGRESS] INFO: = Progress: 18.21 3241068085/17802455739, Running for: 00:10:18, ETA: 00:46:17
[PROGRESS] INFO: = Downloaded: 2080.75 MiB, Written: 3090.92 MiB
[PROGRESS] INFO:  + Download	- 0.50 MiB/s (raw) / 0.60 MiB/s (decompressed)
[PROGRESS] INFO:  + Disk	- 0.00 MiB/s (write) / 0.00 MiB/s (read)
[PROGRESS] INFO: = Progress: 18.21 3241068085/17802455739, Running for: 00:10:19, ETA: 00:46:21
[PROGRESS] INFO: = Downloaded: 2080.75 MiB, Written: 3090.92 MiB
[PROGRESS] INFO:  + Download	- 0.50 MiB/s (raw) / 0.61 MiB/s (decompressed)
[PROGRESS] INFO:  + Disk	- 0.00 MiB/s (write) / 0.00 MiB/s (read)
[PROGRESS] INFO: = Progress: 18.21 3241068085/17802455739, Running for: 00:10:20, ETA: 00:46:26
[PROGRESS] INFO: = Downloaded: 2097.52 MiB, Written: 3090.92 MiB
[PROGRESS] INFO:  + Download	- 0.47 MiB/s (raw) / 0.57 MiB/s (decompressed)
[PROGRESS] INFO:  + Disk	- 0.00 MiB/s (write) / 0.00 MiB/s (read)
[PROGRESS] INFO: = Progress: 18.21 3241068085/17802455739, Running for: 00:10:21, ETA: 00:46:30
[PROGRESS] INFO: = Downloaded: 2097.52 MiB, Written: 3090.92 MiB
[PROGRESS] INFO:  + Download	- 0.19 MiB/s (raw) / 0.23 MiB/s (decompressed)
[PROGRESS] INFO:  + Disk	- 0.00 MiB/s (write) / 0.00 MiB/s (read)
[PROGRESS] INFO: = Progress: 18.21 3241068085/17802455739, Running for: 00:10:22, ETA: 00:46:35
[PROGRESS] INFO: = Downloaded: 2105.87 MiB, Written: 3090.92 MiB
[PROGRESS] INFO:  + Download	- 0.14 MiB/s (raw) / 0.17 MiB/s (decompressed)
[PROGRESS] INFO:  + Disk	- 0.00 MiB/s (write) / 0.00 MiB/s (read)
[PROGRESS] INFO: = Progress: 18.21 3241068085/17802455739, Running for: 00:10:23, ETA: 00:46:39
[PROGRESS] INFO: = Downloaded: 2105.87 MiB, Written: 3090.92 MiB
[PROGRESS] INFO:  + Download	- 0.23 MiB/s (raw) / 0.26 MiB/s (decompressed)
[PROGRESS] INFO:  + Disk	- 0.00 MiB/s (write) / 0.00 MiB/s (read)
[PROGRESS] INFO: = Progress: 18.21 3241068085/17802455739, Running for: 00:10:24, ETA: 00:46:44
[PROGRESS] INFO: = Downloaded: 2114.24 MiB, Written: 3090.92 MiB
[PROGRESS] INFO:  + Download	- 0.15 MiB/s (raw) / 0.16 MiB/s (decompressed)
[PROGRESS] INFO:  + Disk	- 0.00 MiB/s (write) / 0.00 MiB/s (read)
[PROGRESS] INFO: = Progress: 18.21 3241068085/17802455739, Running for: 00:10:25, ETA: 00:46:48
[PROGRESS] INFO: = Downloaded: 2122.58 MiB, Written: 3090.92 MiB
[PROGRESS] INFO:  + Download	- 0.23 MiB/s (raw) / 0.25 MiB/s (decompressed)
[PROGRESS] INFO:  + Disk	- 0.00 MiB/s (write) / 0.00 MiB/s (read)
[PROGRESS] INFO: = Progress: 18.21 3241068085/17802455739, Running for: 00:10:26, ETA: 00:46:53
[PROGRESS] INFO: = Downloaded: 2122.58 MiB, Written: 3090.92 MiB
[PROGRESS] INFO:  + Download	- 0.17 MiB/s (raw) / 0.19 MiB/s (decompressed)
[PROGRESS] INFO:  + Disk	- 0.00 MiB/s (write) / 0.00 MiB/s (read)
[PROGRESS] INFO: = Progress: 18.21 3241068085/17802455739, Running for: 00:10:27, ETA: 00:46:57
[PROGRESS] INFO: = Downloaded: 2122.58 MiB, Written: 3090.92 MiB
[PROGRESS] INFO:  + Download	- 0.38 MiB/s (raw) / 0.47 MiB/s (decompressed)
[PROGRESS] INFO:  + Disk	- 0.00 MiB/s (write) / 0.00 MiB/s (read)
[PROGRESS] INFO: = Progress: 18.21 3241068085/17802455739, Running for: 00:10:28, ETA: 00:47:02
[PROGRESS] INFO: = Downloaded: 2135.01 MiB, Written: 3090.92 MiB
[PROGRESS] INFO:  + Download	- 0.15 MiB/s (raw) / 0.17 MiB/s (decompressed)
[PROGRESS] INFO:  + Disk	- 0.00 MiB/s (write) / 0.00 MiB/s (read)
[PROGRESS] INFO: = Progress: 18.21 3241068085/17802455739, Running for: 00:10:29, ETA: 00:47:06
[PROGRESS] INFO: = Downloaded: 2135.01 MiB, Written: 3090.92 MiB
[PROGRESS] INFO:  + Download	- 0.16 MiB/s (raw) / 0.18 MiB/s (decompressed)
[PROGRESS] INFO:  + Disk	- 0.00 MiB/s (write) / 0.00 MiB/s (read)
[PROGRESS] INFO: = Progress: 18.55 3303040748/17802455739, Running for: 00:10:30, ETA: 00:46:09
[PROGRESS] INFO: = Downloaded: 2152.48 MiB, Written: 3150.03 MiB
[PROGRESS] INFO:  + Download	- 8.36 MiB/s (raw) / 9.51 MiB/s (decompressed)
[PROGRESS] INFO:  + Disk	- 35.35 MiB/s (write) / 0.00 MiB/s (read)
[PROGRESS] INFO: = Progress: 18.55 3303040748/17802455739, Running for: 00:10:31, ETA: 00:46:13
[PROGRESS] INFO: = Downloaded: 2152.48 MiB, Written: 3150.03 MiB
[PROGRESS] INFO:  + Download	- 0.39 MiB/s (raw) / 0.43 MiB/s (decompressed)
[PROGRESS] INFO:  + Disk	- 0.00 MiB/s (write) / 0.00 MiB/s (read)
[PROGRESS] INFO: = Progress: 18.55 3303040748/17802455739, Running for: 00:10:32, ETA: 00:46:18
[PROGRESS] INFO: = Downloaded: 2152.48 MiB, Written: 3150.03 MiB
[PROGRESS] INFO:  + Download	- 0.50 MiB/s (raw) / 0.57 MiB/s (decompressed)
[PROGRESS] INFO:  + Disk	- 0.00 MiB/s (write) / 0.00 MiB/s (read)
[PROGRESS] INFO: = Progress: 18.55 3303040748/17802455739, Running for: 00:10:33, ETA: 00:46:22
[PROGRESS] INFO: = Downloaded: 2152.48 MiB, Written: 3150.03 MiB
[PROGRESS] INFO:  + Download	- 0.50 MiB/s (raw) / 0.56 MiB/s (decompressed)
[PROGRESS] INFO:  + Disk	- 0.00 MiB/s (write) / 0.00 MiB/s (read)
[PROGRESS] INFO: = Progress: 18.55 3303040748/17802455739, Running for: 00:10:34, ETA: 00:46:27
[PROGRESS] INFO: = Downloaded: 2161.48 MiB, Written: 3150.03 MiB
[PROGRESS] INFO:  + Download	- 0.16 MiB/s (raw) / 0.19 MiB/s (decompressed)
[PROGRESS] INFO:  + Disk	- 0.00 MiB/s (write) / 0.00 MiB/s (read)
[PROGRESS] INFO: = Progress: 18.76 3339360806/17802455739, Running for: 00:10:36, ETA: 00:45:57
[PROGRESS] INFO: = Downloaded: 2169.79 MiB, Written: 3184.66 MiB
[PROGRESS] INFO:  + Download	- 10.25 MiB/s (raw) / 11.41 MiB/s (decompressed)
[PROGRESS] INFO:  + Disk	- 20.06 MiB/s (write) / 0.00 MiB/s (read)
[PROGRESS] INFO: = Progress: 18.76 3339360806/17802455739, Running for: 00:10:37, ETA: 00:46:01
[PROGRESS] INFO: = Downloaded: 2169.79 MiB, Written: 3184.66 MiB
[PROGRESS] INFO:  + Download	- 0.50 MiB/s (raw) / 0.56 MiB/s (decompressed)
[PROGRESS] INFO:  + Disk	- 0.00 MiB/s (write) / 0.00 MiB/s (read)
[PROGRESS] INFO: = Progress: 18.76 3339360806/17802455739, Running for: 00:10:38, ETA: 00:46:05
[PROGRESS] INFO: = Downloaded: 2169.79 MiB, Written: 3184.66 MiB
[PROGRESS] INFO:  + Download	- 0.50 MiB/s (raw) / 0.52 MiB/s (decompressed)
[PROGRESS] INFO:  + Disk	- 0.00 MiB/s (write) / 0.00 MiB/s (read)
[PROGRESS] INFO: = Progress: 18.76 3339360806/17802455739, Running for: 00:10:39, ETA: 00:46:10
[PROGRESS] INFO: = Downloaded: 2169.79 MiB, Written: 3184.66 MiB
[PROGRESS] INFO:  + Download	- 0.50 MiB/s (raw) / 0.57 MiB/s (decompressed)
[PROGRESS] INFO:  + Disk	- 0.00 MiB/s (write) / 0.00 MiB/s (read)
[PROGRESS] INFO: = Progress: 18.76 3339360806/17802455739, Running for: 00:10:40, ETA: 00:46:14
[PROGRESS] INFO: = Downloaded: 2186.47 MiB, Written: 3184.66 MiB
[PROGRESS] INFO:  + Download	- 0.50 MiB/s (raw) / 0.55 MiB/s (decompressed)
[PROGRESS] INFO:  + Disk	- 0.00 MiB/s (write) / 0.00 MiB/s (read)
[PROGRESS] INFO: = Progress: 18.76 3339360806/17802455739, Running for: 00:10:41, ETA: 00:46:18
[PROGRESS] INFO: = Downloaded: 2186.47 MiB, Written: 3184.66 MiB
[PROGRESS] INFO:  + Download	- 0.50 MiB/s (raw) / 0.54 MiB/s (decompressed)
[PROGRESS] INFO:  + Disk	- 0.00 MiB/s (write) / 0.00 MiB/s (read)
[PROGRESS] INFO: = Progress: 18.76 3339360806/17802455739, Running for: 00:10:42, ETA: 00:46:23
[PROGRESS] INFO: = Downloaded: 2197.22 MiB, Written: 3184.66 MiB
[PROGRESS] INFO:  + Download	- 0.50 MiB/s (raw) / 0.53 MiB/s (decompressed)
[PROGRESS] INFO:  + Disk	- 0.00 MiB/s (write) / 0.00 MiB/s (read)
[PROGRESS] INFO: = Progress: 18.76 3339360806/17802455739, Running for: 00:10:43, ETA: 00:46:27
[PROGRESS] INFO: = Downloaded: 2206.16 MiB, Written: 3184.66 MiB
[PROGRESS] INFO:  + Download	- 0.50 MiB/s (raw) / 0.57 MiB/s (decompressed)
[PROGRESS] INFO:  + Disk	- 0.00 MiB/s (write) / 0.00 MiB/s (read)
[PROGRESS] INFO: = Progress: 18.76 3339360806/17802455739, Running for: 00:10:44, ETA: 00:46:32
[PROGRESS] INFO: = Downloaded: 2206.16 MiB, Written: 3184.66 MiB
[PROGRESS] INFO:  + Download	- 0.50 MiB/s (raw) / 0.55 MiB/s (decompressed)
[PROGRESS] INFO:  + Disk	- 0.00 MiB/s (write) / 0.00 MiB/s (read)
[PROGRESS] INFO: = Progress: 18.76 3339360806/17802455739, Running for: 00:10:45, ETA: 00:46:36
[PROGRESS] INFO: = Downloaded: 2206.16 MiB, Written: 3184.66 MiB
[PROGRESS] INFO:  + Download	- 0.50 MiB/s (raw) / 0.54 MiB/s (decompressed)
[PROGRESS] INFO:  + Disk	- 0.00 MiB/s (write) / 0.00 MiB/s (read)
[PROGRESS] INFO: = Progress: 18.76 3339360806/17802455739, Running for: 00:10:46, ETA: 00:46:40
[PROGRESS] INFO: = Downloaded: 2206.16 MiB, Written: 3184.66 MiB
[PROGRESS] INFO:  + Download	- 0.50 MiB/s (raw) / 0.56 MiB/s (decompressed)
[PROGRESS] INFO:  + Disk	- 0.00 MiB/s (write) / 0.00 MiB/s (read)
[PROGRESS] INFO: = Progress: 18.76 3339360806/17802455739, Running for: 00:10:47, ETA: 00:46:45
[PROGRESS] INFO: = Downloaded: 2206.16 MiB, Written: 3184.66 MiB
[PROGRESS] INFO:  + Download	- 0.50 MiB/s (raw) / 0.54 MiB/s (decompressed)
[PROGRESS] INFO:  + Disk	- 0.00 MiB/s (write) / 0.00 MiB/s (read)
[PROGRESS] INFO: = Progress: 18.76 3339360806/17802455739, Running for: 00:10:48, ETA: 00:46:49
[PROGRESS] INFO: = Downloaded: 2215.11 MiB, Written: 3184.66 MiB
[PROGRESS] INFO:  + Download	- 0.50 MiB/s (raw) / 0.55 MiB/s (decompressed)
[PROGRESS] INFO:  + Disk	- 0.00 MiB/s (write) / 0.00 MiB/s (read)
[PROGRESS] INFO: = Progress: 18.76 3339360806/17802455739, Running for: 00:10:49, ETA: 00:46:53
[PROGRESS] INFO: = Downloaded: 2215.11 MiB, Written: 3184.66 MiB
[PROGRESS] INFO:  + Download	- 0.50 MiB/s (raw) / 0.56 MiB/s (decompressed)
[PROGRESS] INFO:  + Disk	- 0.00 MiB/s (write) / 0.00 MiB/s (read)
[11/08/2024, 21:43:26] GOGDL_CONFIG_PATH=/home/strobelt/.config/heroic/gogdlConfig /opt/Heroic/resources/app.asar.unpacked/build/bin/x64/linux/gogdl --auth-config-path /home/strobelt/.config/heroic/gog_store/auth.json auth
{"access_token":"<redacted>","expires_in":3600,"token_type":"bearer","scope":"","session_id":"<redacted>","refresh_token":"<redacted>","user_id":"<redacted>","loginTime":1723422666.301182}
[PROGRESS] INFO: = Progress: 18.76 3339360806/17802455739, Running for: 00:10:50, ETA: 00:46:58
[PROGRESS] INFO: = Downloaded: 2215.11 MiB, Written: 3184.66 MiB
[PROGRESS] INFO:  + Download	- 0.50 MiB/s (raw) / 0.53 MiB/s (decompressed)
[PROGRESS] INFO:  + Disk	- 0.00 MiB/s (write) / 0.00 MiB/s (read)
[PROGRESS] INFO: = Progress: 18.76 3339360806/17802455739, Running for: 00:10:51, ETA: 00:47:02
[PROGRESS] INFO: = Downloaded: 2215.11 MiB, Written: 3184.66 MiB
[PROGRESS] INFO:  + Download	- 0.50 MiB/s (raw) / 0.56 MiB/s (decompressed)
[PROGRESS] INFO:  + Disk	- 0.00 MiB/s (write) / 0.00 MiB/s (read)
[PROGRESS] INFO: = Progress: 18.76 3339360806/17802455739, Running for: 00:10:52, ETA: 00:47:06
[PROGRESS] INFO: = Downloaded: 2215.11 MiB, Written: 3184.66 MiB
[PROGRESS] INFO:  + Download	- 0.50 MiB/s (raw) / 0.56 MiB/s (decompressed)
[PROGRESS] INFO:  + Disk	- 0.00 MiB/s (write) / 0.00 MiB/s (read)
[PROGRESS] INFO: = Progress: 19.04 3388840037/17802455739, Running for: 00:10:54, ETA: 00:46:23
[PROGRESS] INFO: = Downloaded: 2232.30 MiB, Written: 3231.85 MiB
[PROGRESS] INFO:  + Download	- 12.45 MiB/s (raw) / 13.66 MiB/s (decompressed)
[PROGRESS] INFO:  + Disk	- 24.87 MiB/s (write) / 0.00 MiB/s (read)
[PROGRESS] INFO: = Progress: 19.04 3388840037/17802455739, Running for: 00:10:55, ETA: 00:46:28
[PROGRESS] INFO: = Downloaded: 2242.12 MiB, Written: 3231.85 MiB
[PROGRESS] INFO:  + Download	- 0.50 MiB/s (raw) / 0.56 MiB/s (decompressed)
[PROGRESS] INFO:  + Disk	- 0.00 MiB/s (write) / 0.00 MiB/s (read)
[PROGRESS] INFO: = Progress: 19.04 3388840037/17802455739, Running for: 00:10:56, ETA: 00:46:32
[PROGRESS] INFO: = Downloaded: 2242.12 MiB, Written: 3231.85 MiB
[PROGRESS] INFO:  + Download	- 0.50 MiB/s (raw) / 0.54 MiB/s (decompressed)
[PROGRESS] INFO:  + Disk	- 0.00 MiB/s (write) / 0.00 MiB/s (read)
[PROGRESS] INFO: = Progress: 19.04 3388840037/17802455739, Running for: 00:10:57, ETA: 00:46:36
[PROGRESS] INFO: = Downloaded: 2242.12 MiB, Written: 3231.85 MiB
[PROGRESS] INFO:  + Download	- 0.50 MiB/s (raw) / 0.56 MiB/s (decompressed)
[PROGRESS] INFO:  + Disk	- 0.00 MiB/s (write) / 0.00 MiB/s (read)
[PROGRESS] INFO: = Progress: 19.04 3388840037/17802455739, Running for: 00:10:58, ETA: 00:46:41
[PROGRESS] INFO: = Downloaded: 2242.12 MiB, Written: 3231.85 MiB
[PROGRESS] INFO:  + Download	- 0.50 MiB/s (raw) / 0.56 MiB/s (decompressed)
[PROGRESS] INFO:  + Disk	- 0.00 MiB/s (write) / 0.00 MiB/s (read)
[PROGRESS] INFO: = Progress: 19.04 3388840037/17802455739, Running for: 00:10:59, ETA: 00:46:45
[PROGRESS] INFO: = Downloaded: 2251.08 MiB, Written: 3231.85 MiB
[PROGRESS] INFO:  + Download	- 0.50 MiB/s (raw) / 0.55 MiB/s (decompressed)
[PROGRESS] INFO:  + Disk	- 0.00 MiB/s (write) / 0.00 MiB/s (read)
[PROGRESS] INFO: = Progress: 19.04 3388840037/17802455739, Running for: 00:11:00, ETA: 00:46:49
[PROGRESS] INFO: = Downloaded: 2251.08 MiB, Written: 3231.85 MiB
[PROGRESS] INFO:  + Download	- 0.12 MiB/s (raw) / 0.14 MiB/s (decompressed)
[PROGRESS] INFO:  + Disk	- 0.00 MiB/s (write) / 0.00 MiB/s (read)
[PROGRESS] INFO: = Progress: 19.04 3388840037/17802455739, Running for: 00:11:01, ETA: 00:46:53
[PROGRESS] INFO: = Downloaded: 2260.17 MiB, Written: 3231.85 MiB
[PROGRESS] INFO:  + Download	- 0.50 MiB/s (raw) / 0.52 MiB/s (decompressed)
[PROGRESS] INFO:  + Disk	- 0.00 MiB/s (write) / 0.00 MiB/s (read)
[PROGRESS] INFO: = Progress: 19.46 3464600363/17802455739, Running for: 00:11:02, ETA: 00:45:42
[PROGRESS] INFO: = Downloaded: 2278.46 MiB, Written: 3304.10 MiB
[PROGRESS] INFO:  + Download	- 30.73 MiB/s (raw) / 34.02 MiB/s (decompressed)
[PROGRESS] INFO:  + Disk	- 62.27 MiB/s (write) / 0.00 MiB/s (read)
[PROGRESS] INFO: = Progress: 19.46 3464600363/17802455739, Running for: 00:11:03, ETA: 00:45:46
[PROGRESS] INFO: = Downloaded: 2278.46 MiB, Written: 3304.10 MiB
[PROGRESS] INFO:  + Download	- 0.50 MiB/s (raw) / 0.58 MiB/s (decompressed)
[PROGRESS] INFO:  + Disk	- 0.00 MiB/s (write) / 0.00 MiB/s (read)
[PROGRESS] INFO: = Progress: 19.46 3464600363/17802455739, Running for: 00:11:04, ETA: 00:45:50
[PROGRESS] INFO: = Downloaded: 2289.16 MiB, Written: 3304.10 MiB
[PROGRESS] INFO:  + Download	- 0.50 MiB/s (raw) / 0.55 MiB/s (decompressed)
[PROGRESS] INFO:  + Disk	- 0.00 MiB/s (write) / 0.00 MiB/s (read)
[PROGRESS] INFO: = Progress: 19.46 3464600363/17802455739, Running for: 00:11:05, ETA: 00:45:55
[PROGRESS] INFO: = Downloaded: 2289.16 MiB, Written: 3304.10 MiB
[PROGRESS] INFO:  + Download	- 0.50 MiB/s (raw) / 0.52 MiB/s (decompressed)
[PROGRESS] INFO:  + Disk	- 0.00 MiB/s (write) / 0.00 MiB/s (read)
[PROGRESS] INFO: = Progress: 19.46 3464600363/17802455739, Running for: 00:11:06, ETA: 00:45:59
[PROGRESS] INFO: = Downloaded: 2297.91 MiB, Written: 3304.10 MiB
[PROGRESS] INFO:  + Download	- 0.50 MiB/s (raw) / 0.56 MiB/s (decompressed)
[PROGRESS] INFO:  + Disk	- 0.00 MiB/s (write) / 0.00 MiB/s (read)
[PROGRESS] INFO: = Progress: 19.73 3512607103/17802455739, Running for: 00:11:08, ETA: 00:45:18
[PROGRESS] INFO: = Downloaded: 2310.97 MiB, Written: 3349.88 MiB
[PROGRESS] INFO:  + Download	- 16.76 MiB/s (raw) / 18.71 MiB/s (decompressed)
[PROGRESS] INFO:  + Disk	- 32.70 MiB/s (write) / 0.00 MiB/s (read)
[PROGRESS] INFO: = Progress: 19.73 3512607103/17802455739, Running for: 00:11:09, ETA: 00:45:22
[PROGRESS] INFO: = Downloaded: 2319.72 MiB, Written: 3349.88 MiB
[PROGRESS] INFO:  + Download	- 0.50 MiB/s (raw) / 0.59 MiB/s (decompressed)
[PROGRESS] INFO:  + Disk	- 0.00 MiB/s (write) / 0.00 MiB/s (read)
[PROGRESS] INFO: = Progress: 19.88 3538479346/17802455739, Running for: 00:11:10, ETA: 00:45:02
[PROGRESS] INFO: = Downloaded: 2341.16 MiB, Written: 3374.56 MiB
[PROGRESS] INFO:  + Download	- 10.55 MiB/s (raw) / 11.68 MiB/s (decompressed)
[PROGRESS] INFO:  + Disk	- 20.80 MiB/s (write) / 0.00 MiB/s (read)
[PROGRESS] INFO: = Progress: 19.88 3538479346/17802455739, Running for: 00:11:11, ETA: 00:45:06
[PROGRESS] INFO: = Downloaded: 2359.66 MiB, Written: 3374.56 MiB
[PROGRESS] INFO:  + Download	- 0.50 MiB/s (raw) / 0.53 MiB/s (decompressed)
[PROGRESS] INFO:  + Disk	- 0.00 MiB/s (write) / 0.00 MiB/s (read)
[PROGRESS] INFO: = Progress: 19.88 3538479346/17802455739, Running for: 00:11:12, ETA: 00:45:10
[PROGRESS] INFO: = Downloaded: 2367.45 MiB, Written: 3374.56 MiB
[PROGRESS] INFO:  + Download	- 0.50 MiB/s (raw) / 0.54 MiB/s (decompressed)
[PROGRESS] INFO:  + Disk	- 0.00 MiB/s (write) / 0.00 MiB/s (read)
[PROGRESS] INFO: = Progress: 19.88 3538479346/17802455739, Running for: 00:11:13, ETA: 00:45:14
[PROGRESS] INFO: = Downloaded: 2375.38 MiB, Written: 3374.56 MiB
[PROGRESS] INFO:  + Download	- 0.50 MiB/s (raw) / 0.53 MiB/s (decompressed)
[PROGRESS] INFO:  + Disk	- 0.00 MiB/s (write) / 0.00 MiB/s (read)
[PROGRESS] INFO: = Progress: 19.88 3538479346/17802455739, Running for: 00:11:14, ETA: 00:45:18
[PROGRESS] INFO: = Downloaded: 2383.43 MiB, Written: 3374.56 MiB
[PROGRESS] INFO:  + Download	- 0.50 MiB/s (raw) / 0.56 MiB/s (decompressed)
[PROGRESS] INFO:  + Disk	- 0.00 MiB/s (write) / 0.00 MiB/s (read)
[PROGRESS] INFO: = Progress: 19.88 3538479346/17802455739, Running for: 00:11:15, ETA: 00:45:22
[PROGRESS] INFO: = Downloaded: 2391.95 MiB, Written: 3374.56 MiB
[PROGRESS] INFO:  + Download	- 0.50 MiB/s (raw) / 0.52 MiB/s (decompressed)
[PROGRESS] INFO:  + Disk	- 0.00 MiB/s (write) / 0.00 MiB/s (read)
[PROGRESS] INFO: = Progress: 19.88 3538479346/17802455739, Running for: 00:11:16, ETA: 00:45:26
[PROGRESS] INFO: = Downloaded: 2409.49 MiB, Written: 3374.56 MiB
[PROGRESS] INFO:  + Download	- 0.50 MiB/s (raw) / 0.57 MiB/s (decompressed)
[PROGRESS] INFO:  + Disk	- 0.00 MiB/s (write) / 0.00 MiB/s (read)
[PROGRESS] INFO: = Progress: 19.88 3538479346/17802455739, Running for: 00:11:17, ETA: 00:45:30
[PROGRESS] INFO: = Downloaded: 2418.01 MiB, Written: 3374.56 MiB
[PROGRESS] INFO:  + Download	- 0.50 MiB/s (raw) / 0.55 MiB/s (decompressed)
[PROGRESS] INFO:  + Disk	- 0.00 MiB/s (write) / 0.00 MiB/s (read)
[PROGRESS] INFO: = Progress: 19.88 3538479346/17802455739, Running for: 00:11:18, ETA: 00:45:34
[PROGRESS] INFO: = Downloaded: 2418.01 MiB, Written: 3374.56 MiB
[PROGRESS] INFO:  + Download	- 0.50 MiB/s (raw) / 0.52 MiB/s (decompressed)
[PROGRESS] INFO:  + Disk	- 0.00 MiB/s (write) / 0.00 MiB/s (read)
[PROGRESS] INFO: = Progress: 19.88 3538479346/17802455739, Running for: 00:11:19, ETA: 00:45:38
[PROGRESS] INFO: = Downloaded: 2418.01 MiB, Written: 3374.56 MiB
[PROGRESS] INFO:  + Download	- 0.50 MiB/s (raw) / 0.58 MiB/s (decompressed)
[PROGRESS] INFO:  + Disk	- 0.00 MiB/s (write) / 0.00 MiB/s (read)
[PROGRESS] INFO: = Progress: 19.88 3538479346/17802455739, Running for: 00:11:20, ETA: 00:45:42
[PROGRESS] INFO: = Downloaded: 2418.01 MiB, Written: 3374.56 MiB
[PROGRESS] INFO:  + Download	- 0.50 MiB/s (raw) / 0.57 MiB/s (decompressed)
[PROGRESS] INFO:  + Disk	- 0.00 MiB/s (write) / 0.00 MiB/s (read)
[PROGRESS] INFO: = Progress: 19.88 3538479346/17802455739, Running for: 00:11:21, ETA: 00:45:46
[PROGRESS] INFO: = Downloaded: 2435.62 MiB, Written: 3374.56 MiB
[PROGRESS] INFO:  + Download	- 0.50 MiB/s (raw) / 0.53 MiB/s (decompressed)
[PROGRESS] INFO:  + Disk	- 0.00 MiB/s (write) / 0.00 MiB/s (read)
[PROGRESS] INFO: = Progress: 19.88 3538479346/17802455739, Running for: 00:11:22, ETA: 00:45:50
[PROGRESS] INFO: = Downloaded: 2444.89 MiB, Written: 3374.56 MiB
[PROGRESS] INFO:  + Download	- 0.50 MiB/s (raw) / 0.56 MiB/s (decompressed)
[PROGRESS] INFO:  + Disk	- 0.00 MiB/s (write) / 0.00 MiB/s (read)
[PROGRESS] INFO: = Progress: 19.88 3538479346/17802455739, Running for: 00:11:23, ETA: 00:45:54
[PROGRESS] INFO: = Downloaded: 2452.94 MiB, Written: 3374.56 MiB
[PROGRESS] INFO:  + Download	- 0.50 MiB/s (raw) / 0.54 MiB/s (decompressed)
[PROGRESS] INFO:  + Disk	- 0.00 MiB/s (write) / 0.00 MiB/s (read)
[PROGRESS] INFO: = Progress: 19.88 3538479346/17802455739, Running for: 00:11:24, ETA: 00:45:58
[PROGRESS] INFO: = Downloaded: 2452.94 MiB, Written: 3374.56 MiB
[PROGRESS] INFO:  + Download	- 0.50 MiB/s (raw) / 0.56 MiB/s (decompressed)
[PROGRESS] INFO:  + Disk	- 0.00 MiB/s (write) / 0.00 MiB/s (read)
[PROGRESS] INFO: = Progress: 19.88 3538479346/17802455739, Running for: 00:11:25, ETA: 00:46:02
[PROGRESS] INFO: = Downloaded: 2470.89 MiB, Written: 3374.56 MiB
[PROGRESS] INFO:  + Download	- 0.50 MiB/s (raw) / 0.58 MiB/s (decompressed)
[PROGRESS] INFO:  + Disk	- 0.00 MiB/s (write) / 0.00 MiB/s (read)
[PROGRESS] INFO: = Progress: 19.88 3538479346/17802455739, Running for: 00:11:26, ETA: 00:46:06
[PROGRESS] INFO: = Downloaded: 2470.89 MiB, Written: 3374.56 MiB
[PROGRESS] INFO:  + Download	- 0.50 MiB/s (raw) / 0.54 MiB/s (decompressed)
[PROGRESS] INFO:  + Disk	- 0.00 MiB/s (write) / 0.00 MiB/s (read)
[PROGRESS] INFO: = Progress: 19.88 3538479346/17802455739, Running for: 00:11:27, ETA: 00:46:10
[PROGRESS] INFO: = Downloaded: 2479.92 MiB, Written: 3374.56 MiB
[PROGRESS] INFO:  + Download	- 0.50 MiB/s (raw) / 0.57 MiB/s (decompressed)
[PROGRESS] INFO:  + Disk	- 0.00 MiB/s (write) / 0.00 MiB/s (read)
[PROGRESS] INFO: = Progress: 19.88 3538479346/17802455739, Running for: 00:11:28, ETA: 00:46:14
[PROGRESS] INFO: = Downloaded: 2479.92 MiB, Written: 3374.56 MiB
[PROGRESS] INFO:  + Download	- 0.50 MiB/s (raw) / 0.56 MiB/s (decompressed)
[PROGRESS] INFO:  + Disk	- 0.00 MiB/s (write) / 0.00 MiB/s (read)
[PROGRESS] INFO: = Progress: 20.99 3736817841/17802455739, Running for: 00:11:29, ETA: 00:43:17
[PROGRESS] INFO: = Downloaded: 2512.50 MiB, Written: 3563.71 MiB
[PROGRESS] INFO:  + Download	- 58.73 MiB/s (raw) / 65.36 MiB/s (decompressed)
[PROGRESS] INFO:  + Disk	- 115.89 MiB/s (write) / 0.00 MiB/s (read)
[PROGRESS] INFO: = Progress: 20.99 3736817841/17802455739, Running for: 00:11:30, ETA: 00:43:20
[PROGRESS] INFO: = Downloaded: 2512.50 MiB, Written: 3563.71 MiB
[PROGRESS] INFO:  + Download	- 0.50 MiB/s (raw) / 0.55 MiB/s (decompressed)
[PROGRESS] INFO:  + Disk	- 0.00 MiB/s (write) / 0.00 MiB/s (read)
[PROGRESS] INFO: = Progress: 20.99 3736817841/17802455739, Running for: 00:11:31, ETA: 00:43:24
[PROGRESS] INFO: = Downloaded: 2512.50 MiB, Written: 3563.71 MiB
[PROGRESS] INFO:  + Download	- 0.50 MiB/s (raw) / 0.54 MiB/s (decompressed)
[PROGRESS] INFO:  + Disk	- 0.00 MiB/s (write) / 0.00 MiB/s (read)
[PROGRESS] INFO: = Progress: 20.99 3736817841/17802455739, Running for: 00:11:32, ETA: 00:43:28
[PROGRESS] INFO: = Downloaded: 2512.50 MiB, Written: 3563.71 MiB
[PROGRESS] INFO:  + Download	- 0.50 MiB/s (raw) / 0.56 MiB/s (decompressed)
[PROGRESS] INFO:  + Disk	- 0.00 MiB/s (write) / 0.00 MiB/s (read)
[PROGRESS] INFO: = Progress: 20.99 3736817841/17802455739, Running for: 00:11:33, ETA: 00:43:32
[PROGRESS] INFO: = Downloaded: 2512.50 MiB, Written: 3563.71 MiB
[PROGRESS] INFO:  + Download	- 0.50 MiB/s (raw) / 0.56 MiB/s (decompressed)
[PROGRESS] INFO:  + Disk	- 0.00 MiB/s (write) / 0.00 MiB/s (read)
[PROGRESS] INFO: = Progress: 20.99 3736817841/17802455739, Running for: 00:11:34, ETA: 00:43:36
[PROGRESS] INFO: = Downloaded: 2512.50 MiB, Written: 3563.71 MiB
[PROGRESS] INFO:  + Download	- 0.50 MiB/s (raw) / 0.54 MiB/s (decompressed)
[PROGRESS] INFO:  + Disk	- 0.00 MiB/s (write) / 0.00 MiB/s (read)
[PROGRESS] INFO: = Progress: 20.99 3736817841/17802455739, Running for: 00:11:35, ETA: 00:43:39
[PROGRESS] INFO: = Downloaded: 2512.50 MiB, Written: 3563.71 MiB
[PROGRESS] INFO:  + Download	- 0.50 MiB/s (raw) / 0.55 MiB/s (decompressed)
[PROGRESS] INFO:  + Disk	- 0.00 MiB/s (write) / 0.00 MiB/s (read)
[PROGRESS] INFO: = Progress: 20.99 3736817841/17802455739, Running for: 00:11:37, ETA: 00:43:43
[PROGRESS] INFO: = Downloaded: 2512.50 MiB, Written: 3563.71 MiB
[PROGRESS] INFO:  + Download	- 0.50 MiB/s (raw) / 0.57 MiB/s (decompressed)
[PROGRESS] INFO:  + Disk	- 0.00 MiB/s (write) / 0.00 MiB/s (read)
[PROGRESS] INFO: = Progress: 20.99 3736817841/17802455739, Running for: 00:11:38, ETA: 00:43:47
[PROGRESS] INFO: = Downloaded: 2512.50 MiB, Written: 3563.71 MiB
[PROGRESS] INFO:  + Download	- 0.50 MiB/s (raw) / 0.56 MiB/s (decompressed)
[PROGRESS] INFO:  + Disk	- 0.00 MiB/s (write) / 0.00 MiB/s (read)
[PROGRESS] INFO: = Progress: 20.99 3736817841/17802455739, Running for: 00:11:39, ETA: 00:43:51
[PROGRESS] INFO: = Downloaded: 2519.23 MiB, Written: 3563.71 MiB
[PROGRESS] INFO:  + Download	- 0.50 MiB/s (raw) / 0.56 MiB/s (decompressed)
[PROGRESS] INFO:  + Disk	- 0.00 MiB/s (write) / 0.00 MiB/s (read)
[PROGRESS] INFO: = Progress: 20.99 3736817841/17802455739, Running for: 00:11:40, ETA: 00:43:54
[PROGRESS] INFO: = Downloaded: 2528.14 MiB, Written: 3563.71 MiB
[PROGRESS] INFO:  + Download	- 0.50 MiB/s (raw) / 0.54 MiB/s (decompressed)
[PROGRESS] INFO:  + Disk	- 0.00 MiB/s (write) / 0.00 MiB/s (read)
[PROGRESS] INFO: = Progress: 20.99 3736817841/17802455739, Running for: 00:11:41, ETA: 00:43:58
[PROGRESS] INFO: = Downloaded: 2528.14 MiB, Written: 3563.71 MiB
[PROGRESS] INFO:  + Download	- 0.50 MiB/s (raw) / 0.54 MiB/s (decompressed)
[PROGRESS] INFO:  + Disk	- 0.00 MiB/s (write) / 0.00 MiB/s (read)
[PROGRESS] INFO: = Progress: 20.99 3736817841/17802455739, Running for: 00:11:42, ETA: 00:44:02
[PROGRESS] INFO: = Downloaded: 2528.14 MiB, Written: 3563.71 MiB
[PROGRESS] INFO:  + Download	- 0.50 MiB/s (raw) / 0.55 MiB/s (decompressed)
[PROGRESS] INFO:  + Disk	- 0.00 MiB/s (write) / 0.00 MiB/s (read)
[PROGRESS] INFO: = Progress: 20.99 3736817841/17802455739, Running for: 00:11:43, ETA: 00:44:06
[PROGRESS] INFO: = Downloaded: 2528.14 MiB, Written: 3563.71 MiB
[PROGRESS] INFO:  + Download	- 0.50 MiB/s (raw) / 0.56 MiB/s (decompressed)
[PROGRESS] INFO:  + Disk	- 0.00 MiB/s (write) / 0.00 MiB/s (read)
[PROGRESS] INFO: = Progress: 20.99 3736817841/17802455739, Running for: 00:11:44, ETA: 00:44:09
[PROGRESS] INFO: = Downloaded: 2528.14 MiB, Written: 3563.71 MiB
[PROGRESS] INFO:  + Download	- 0.50 MiB/s (raw) / 0.56 MiB/s (decompressed)
[PROGRESS] INFO:  + Disk	- 0.00 MiB/s (write) / 0.00 MiB/s (read)
[PROGRESS] INFO: = Progress: 20.99 3736817841/17802455739, Running for: 00:11:45, ETA: 00:44:13
[PROGRESS] INFO: = Downloaded: 2528.14 MiB, Written: 3563.71 MiB
[PROGRESS] INFO:  + Download	- 0.50 MiB/s (raw) / 0.55 MiB/s (decompressed)
[PROGRESS] INFO:  + Disk	- 0.00 MiB/s (write) / 0.00 MiB/s (read)
[PROGRESS] INFO: = Progress: 20.99 3736817841/17802455739, Running for: 00:11:46, ETA: 00:44:17
[PROGRESS] INFO: = Downloaded: 2528.14 MiB, Written: 3563.71 MiB
[PROGRESS] INFO:  + Download	- 0.50 MiB/s (raw) / 0.54 MiB/s (decompressed)
[PROGRESS] INFO:  + Disk	- 0.00 MiB/s (write) / 0.00 MiB/s (read)
[PROGRESS] INFO: = Progress: 20.99 3736817841/17802455739, Running for: 00:11:47, ETA: 00:44:21
[PROGRESS] INFO: = Downloaded: 2542.88 MiB, Written: 3563.71 MiB
[PROGRESS] INFO:  + Download	- 0.50 MiB/s (raw) / 0.53 MiB/s (decompressed)
[PROGRESS] INFO:  + Disk	- 0.00 MiB/s (write) / 0.00 MiB/s (read)
[PROGRESS] INFO: = Progress: 20.99 3736817841/17802455739, Running for: 00:11:48, ETA: 00:44:25
[PROGRESS] INFO: = Downloaded: 2551.70 MiB, Written: 3563.71 MiB
[PROGRESS] INFO:  + Download	- 0.50 MiB/s (raw) / 0.56 MiB/s (decompressed)
[PROGRESS] INFO:  + Disk	- 0.00 MiB/s (write) / 0.00 MiB/s (read)
[PROGRESS] INFO: = Progress: 20.99 3736817841/17802455739, Running for: 00:11:49, ETA: 00:44:28
[PROGRESS] INFO: = Downloaded: 2567.60 MiB, Written: 3563.71 MiB
[PROGRESS] INFO:  + Download	- 0.50 MiB/s (raw) / 0.55 MiB/s (decompressed)
[PROGRESS] INFO:  + Disk	- 0.00 MiB/s (write) / 0.00 MiB/s (read)
[PROGRESS] INFO: = Progress: 20.99 3736817841/17802455739, Running for: 00:11:50, ETA: 00:44:32
[PROGRESS] INFO: = Downloaded: 2567.60 MiB, Written: 3563.71 MiB
[PROGRESS] INFO:  + Download	- 0.50 MiB/s (raw) / 0.56 MiB/s (decompressed)
[PROGRESS] INFO:  + Disk	- 0.00 MiB/s (write) / 0.00 MiB/s (read)
[PROGRESS] INFO: = Progress: 20.99 3736817841/17802455739, Running for: 00:11:51, ETA: 00:44:36
[PROGRESS] INFO: = Downloaded: 2576.40 MiB, Written: 3563.71 MiB
[PROGRESS] INFO:  + Download	- 0.50 MiB/s (raw) / 0.54 MiB/s (decompressed)
[PROGRESS] INFO:  + Disk	- 0.00 MiB/s (write) / 0.00 MiB/s (read)
[PROGRESS] INFO: = Progress: 21.43 3815535118/17802455739, Running for: 00:11:52, ETA: 00:43:30
[PROGRESS] INFO: = Downloaded: 2594.16 MiB, Written: 3638.78 MiB
[PROGRESS] INFO:  + Download	- 31.45 MiB/s (raw) / 34.80 MiB/s (decompressed)
[PROGRESS] INFO:  + Disk	- 60.97 MiB/s (write) / 0.00 MiB/s (read)
[PROGRESS] INFO: = Progress: 21.43 3815535118/17802455739, Running for: 00:11:53, ETA: 00:43:34
[PROGRESS] INFO: = Downloaded: 2594.16 MiB, Written: 3638.78 MiB
[PROGRESS] INFO:  + Download	- 0.50 MiB/s (raw) / 0.54 MiB/s (decompressed)
[PROGRESS] INFO:  + Disk	- 0.00 MiB/s (write) / 0.00 MiB/s (read)
[PROGRESS] INFO: = Progress: 21.75 3872581613/17802455739, Running for: 00:11:55, ETA: 00:42:52
[PROGRESS] INFO: = Downloaded: 2620.70 MiB, Written: 3693.18 MiB
[PROGRESS] INFO:  + Download	- 14.70 MiB/s (raw) / 16.67 MiB/s (decompressed)
[PROGRESS] INFO:  + Disk	- 29.42 MiB/s (write) / 0.00 MiB/s (read)
[PROGRESS] INFO: = Progress: 21.75 3872581613/17802455739, Running for: 00:11:56, ETA: 00:42:55
[PROGRESS] INFO: = Downloaded: 2620.70 MiB, Written: 3693.18 MiB
[PROGRESS] INFO:  + Download	- 0.50 MiB/s (raw) / 0.56 MiB/s (decompressed)
[PROGRESS] INFO:  + Disk	- 0.00 MiB/s (write) / 0.00 MiB/s (read)
[PROGRESS] INFO: = Progress: 21.75 3872581613/17802455739, Running for: 00:11:57, ETA: 00:42:59
[PROGRESS] INFO: = Downloaded: 2620.70 MiB, Written: 3693.18 MiB
[PROGRESS] INFO:  + Download	- 0.50 MiB/s (raw) / 0.57 MiB/s (decompressed)
[PROGRESS] INFO:  + Disk	- 0.00 MiB/s (write) / 0.00 MiB/s (read)
[PROGRESS] INFO: = Progress: 21.75 3872581613/17802455739, Running for: 00:11:58, ETA: 00:43:03
[PROGRESS] INFO: = Downloaded: 2620.70 MiB, Written: 3693.18 MiB
[PROGRESS] INFO:  + Download	- 0.50 MiB/s (raw) / 0.57 MiB/s (decompressed)
[PROGRESS] INFO:  + Disk	- 0.00 MiB/s (write) / 0.00 MiB/s (read)
[PROGRESS] INFO: = Progress: 21.75 3872581613/17802455739, Running for: 00:11:59, ETA: 00:43:06
[PROGRESS] INFO: = Downloaded: 2620.70 MiB, Written: 3693.18 MiB
[PROGRESS] INFO:  + Download	- 0.50 MiB/s (raw) / 0.57 MiB/s (decompressed)
[PROGRESS] INFO:  + Disk	- 0.00 MiB/s (write) / 0.00 MiB/s (read)
[PROGRESS] INFO: = Progress: 21.75 3872581613/17802455739, Running for: 00:12:00, ETA: 00:43:10
[PROGRESS] INFO: = Downloaded: 2620.70 MiB, Written: 3693.18 MiB
[PROGRESS] INFO:  + Download	- 0.50 MiB/s (raw) / 0.61 MiB/s (decompressed)
[PROGRESS] INFO:  + Disk	- 0.00 MiB/s (write) / 0.00 MiB/s (read)
[PROGRESS] INFO: = Progress: 21.75 3872581613/17802455739, Running for: 00:12:01, ETA: 00:43:13
[PROGRESS] INFO: = Downloaded: 2634.32 MiB, Written: 3693.18 MiB
[PROGRESS] INFO:  + Download	- 0.50 MiB/s (raw) / 0.55 MiB/s (decompressed)
[PROGRESS] INFO:  + Disk	- 0.00 MiB/s (write) / 0.00 MiB/s (read)
[PROGRESS] INFO: = Progress: 21.75 3872581613/17802455739, Running for: 00:12:02, ETA: 00:43:17
[PROGRESS] INFO: = Downloaded: 2643.02 MiB, Written: 3693.18 MiB
[PROGRESS] INFO:  + Download	- 0.50 MiB/s (raw) / 0.61 MiB/s (decompressed)
[PROGRESS] INFO:  + Disk	- 0.00 MiB/s (write) / 0.00 MiB/s (read)
[PROGRESS] INFO: = Progress: 21.75 3872581613/17802455739, Running for: 00:12:03, ETA: 00:43:21
[PROGRESS] INFO: = Downloaded: 2643.02 MiB, Written: 3693.18 MiB
[PROGRESS] INFO:  + Download	- 0.50 MiB/s (raw) / 0.62 MiB/s (decompressed)
[PROGRESS] INFO:  + Disk	- 0.00 MiB/s (write) / 0.00 MiB/s (read)
[PROGRESS] INFO: = Progress: 21.75 3872581613/17802455739, Running for: 00:12:04, ETA: 00:43:24
[PROGRESS] INFO: = Downloaded: 2643.02 MiB, Written: 3693.18 MiB
[PROGRESS] INFO:  + Download	- 0.50 MiB/s (raw) / 0.59 MiB/s (decompressed)
[PROGRESS] INFO:  + Disk	- 0.00 MiB/s (write) / 0.00 MiB/s (read)
[PROGRESS] INFO: = Progress: 21.75 3872581613/17802455739, Running for: 00:12:05, ETA: 00:43:28
[PROGRESS] INFO: = Downloaded: 2666.99 MiB, Written: 3693.18 MiB
[PROGRESS] INFO:  + Download	- 0.50 MiB/s (raw) / 0.60 MiB/s (decompressed)
[PROGRESS] INFO:  + Disk	- 0.00 MiB/s (write) / 0.00 MiB/s (read)
[PROGRESS] INFO: = Progress: 21.75 3872581613/17802455739, Running for: 00:12:06, ETA: 00:43:31
[PROGRESS] INFO: = Downloaded: 2675.53 MiB, Written: 3693.18 MiB
[PROGRESS] INFO:  + Download	- 0.50 MiB/s (raw) / 0.57 MiB/s (decompressed)
[PROGRESS] INFO:  + Disk	- 0.00 MiB/s (write) / 0.00 MiB/s (read)
[PROGRESS] INFO: = Progress: 21.75 3872581613/17802455739, Running for: 00:12:07, ETA: 00:43:35
[PROGRESS] INFO: = Downloaded: 2675.53 MiB, Written: 3693.18 MiB
[PROGRESS] INFO:  + Download	- 0.50 MiB/s (raw) / 0.58 MiB/s (decompressed)
[PROGRESS] INFO:  + Disk	- 0.00 MiB/s (write) / 0.00 MiB/s (read)
[PROGRESS] INFO: = Progress: 21.75 3872581613/17802455739, Running for: 00:12:08, ETA: 00:43:39
[PROGRESS] INFO: = Downloaded: 2684.45 MiB, Written: 3693.18 MiB
[PROGRESS] INFO:  + Download	- 0.50 MiB/s (raw) / 0.63 MiB/s (decompressed)
[PROGRESS] INFO:  + Disk	- 0.00 MiB/s (write) / 0.00 MiB/s (read)
[PROGRESS] INFO: = Progress: 22.12 3938270777/17802455739, Running for: 00:12:09, ETA: 00:42:49
[PROGRESS] INFO: = Downloaded: 2694.31 MiB, Written: 3755.83 MiB
[PROGRESS] INFO:  + Download	- 18.82 MiB/s (raw) / 22.20 MiB/s (decompressed)
[PROGRESS] INFO:  + Disk	- 36.53 MiB/s (write) / 0.00 MiB/s (read)
[PROGRESS] INFO: = Progress: 22.24 3959569932/17802455739, Running for: 00:12:10, ETA: 00:42:35
[PROGRESS] INFO: = Downloaded: 2703.40 MiB, Written: 3776.14 MiB
[PROGRESS] INFO:  + Download	- 10.46 MiB/s (raw) / 12.17 MiB/s (decompressed)
[PROGRESS] INFO:  + Disk	- 19.58 MiB/s (write) / 0.00 MiB/s (read)
[PROGRESS] INFO: = Progress: 22.24 3959569932/17802455739, Running for: 00:12:11, ETA: 00:42:38
[PROGRESS] INFO: = Downloaded: 2703.40 MiB, Written: 3776.14 MiB
[PROGRESS] INFO:  + Download	- 0.50 MiB/s (raw) / 0.58 MiB/s (decompressed)
[PROGRESS] INFO:  + Disk	- 0.00 MiB/s (write) / 0.00 MiB/s (read)
[PROGRESS] INFO: = Progress: 22.24 3959569932/17802455739, Running for: 00:12:12, ETA: 00:42:42
[PROGRESS] INFO: = Downloaded: 2703.40 MiB, Written: 3776.14 MiB
[PROGRESS] INFO:  + Download	- 0.50 MiB/s (raw) / 0.61 MiB/s (decompressed)
[PROGRESS] INFO:  + Disk	- 0.00 MiB/s (write) / 0.00 MiB/s (read)
[PROGRESS] INFO: = Progress: 22.24 3959569932/17802455739, Running for: 00:12:13, ETA: 00:42:45
[PROGRESS] INFO: = Downloaded: 2720.77 MiB, Written: 3776.14 MiB
[PROGRESS] INFO:  + Download	- 5.87 MiB/s (raw) / 6.98 MiB/s (decompressed)
[PROGRESS] INFO:  + Disk	- 12.00 MiB/s (write) / 0.00 MiB/s (read)
[PROGRESS] INFO: = Progress: 22.41 3989445466/17802455739, Running for: 00:12:14, ETA: 00:42:24
[PROGRESS] INFO: = Downloaded: 2734.76 MiB, Written: 3804.63 MiB
[PROGRESS] INFO:  + Download	- 8.74 MiB/s (raw) / 9.93 MiB/s (decompressed)
[PROGRESS] INFO:  + Disk	- 16.31 MiB/s (write) / 0.00 MiB/s (read)
[PROGRESS] INFO: = Progress: 22.41 3989445466/17802455739, Running for: 00:12:15, ETA: 00:42:27
[PROGRESS] INFO: = Downloaded: 2735.41 MiB, Written: 3804.63 MiB
[PROGRESS] INFO:  + Download	- 0.50 MiB/s (raw) / 0.60 MiB/s (decompressed)
[PROGRESS] INFO:  + Disk	- 0.00 MiB/s (write) / 0.00 MiB/s (read)
[PROGRESS] INFO: = Progress: 22.41 3989445466/17802455739, Running for: 00:12:16, ETA: 00:42:31
[PROGRESS] INFO: = Downloaded: 2749.38 MiB, Written: 3804.63 MiB
[PROGRESS] INFO:  + Download	- 0.50 MiB/s (raw) / 0.53 MiB/s (decompressed)
[PROGRESS] INFO:  + Disk	- 0.00 MiB/s (write) / 0.00 MiB/s (read)
[PROGRESS] INFO: = Progress: 22.41 3989445466/17802455739, Running for: 00:12:17, ETA: 00:42:34
[PROGRESS] INFO: = Downloaded: 2751.75 MiB, Written: 3804.63 MiB
[PROGRESS] INFO:  + Download	- 0.50 MiB/s (raw) / 0.55 MiB/s (decompressed)
[PROGRESS] INFO:  + Disk	- 0.00 MiB/s (write) / 0.00 MiB/s (read)
[PROGRESS] INFO: = Progress: 22.41 3989445466/17802455739, Running for: 00:12:18, ETA: 00:42:38
[PROGRESS] INFO: = Downloaded: 2756.34 MiB, Written: 3804.63 MiB
[PROGRESS] INFO:  + Download	- 0.50 MiB/s (raw) / 0.55 MiB/s (decompressed)
[PROGRESS] INFO:  + Disk	- 0.00 MiB/s (write) / 0.00 MiB/s (read)
[PROGRESS] INFO: = Progress: 22.60 4023303777/17802455739, Running for: 00:12:20, ETA: 00:42:14
[PROGRESS] INFO: = Downloaded: 2772.85 MiB, Written: 3836.92 MiB
[PROGRESS] INFO:  + Download	- 15.06 MiB/s (raw) / 16.76 MiB/s (decompressed)
[PROGRESS] INFO:  + Disk	- 28.72 MiB/s (write) / 0.00 MiB/s (read)
[PROGRESS] INFO: = Progress: 22.71 4043140505/17802455739, Running for: 00:12:21, ETA: 00:42:02
[PROGRESS] INFO: = Downloaded: 2800.08 MiB, Written: 3855.84 MiB
[PROGRESS] INFO:  + Download	- 9.05 MiB/s (raw) / 10.08 MiB/s (decompressed)
[PROGRESS] INFO:  + Disk	- 17.17 MiB/s (write) / 0.00 MiB/s (read)
[PROGRESS] INFO: = Progress: 22.71 4043140505/17802455739, Running for: 00:12:22, ETA: 00:42:05
[PROGRESS] INFO: = Downloaded: 2813.98 MiB, Written: 3855.84 MiB
[PROGRESS] INFO:  + Download	- 0.50 MiB/s (raw) / 0.56 MiB/s (decompressed)
[PROGRESS] INFO:  + Disk	- 0.00 MiB/s (write) / 0.00 MiB/s (read)
[PROGRESS] INFO: = Progress: 23.13 4117740278/17802455739, Running for: 00:12:23, ETA: 00:41:09
[PROGRESS] INFO: = Downloaded: 2831.76 MiB, Written: 3926.98 MiB
[PROGRESS] INFO:  + Download	- 62.23 MiB/s (raw) / 68.14 MiB/s (decompressed)
[PROGRESS] INFO:  + Disk	- 68.99 MiB/s (write) / 0.00 MiB/s (read)
[PROGRESS] INFO: = Progress: 23.14 4119743089/17802455739, Running for: 00:12:24, ETA: 00:41:11
[PROGRESS] INFO: = Downloaded: 2833.09 MiB, Written: 3928.89 MiB
[PROGRESS] INFO:  + Download	- 14.43 MiB/s (raw) / 15.77 MiB/s (decompressed)
[PROGRESS] INFO:  + Disk	- 1.84 MiB/s (write) / 0.00 MiB/s (read)
[PROGRESS] INFO: = Progress: 23.15 4121322024/17802455739, Running for: 00:12:25, ETA: 00:41:13
[PROGRESS] INFO: = Downloaded: 2834.44 MiB, Written: 3930.40 MiB
[PROGRESS] INFO:  + Download	- 13.36 MiB/s (raw) / 14.59 MiB/s (decompressed)
[PROGRESS] INFO:  + Disk	- 1.57 MiB/s (write) / 0.00 MiB/s (read)
[PROGRESS] INFO: = Progress: 23.16 4123081878/17802455739, Running for: 00:12:26, ETA: 00:41:16
[PROGRESS] INFO: = Downloaded: 2835.61 MiB, Written: 3932.08 MiB
[PROGRESS] INFO:  + Download	- 15.25 MiB/s (raw) / 16.93 MiB/s (decompressed)
[PROGRESS] INFO:  + Disk	- 1.47 MiB/s (write) / 0.00 MiB/s (read)
[PROGRESS] INFO: = Progress: 23.17 4124465479/17802455739, Running for: 00:12:27, ETA: 00:41:18
[PROGRESS] INFO: = Downloaded: 2836.63 MiB, Written: 3933.40 MiB
[PROGRESS] INFO:  + Download	- 15.00 MiB/s (raw) / 16.81 MiB/s (decompressed)
[PROGRESS] INFO:  + Disk	- 1.29 MiB/s (write) / 0.00 MiB/s (read)
[PROGRESS] INFO: = Progress: 23.18 4125743180/17802455739, Running for: 00:12:28, ETA: 00:41:20
[PROGRESS] INFO: = Downloaded: 2837.57 MiB, Written: 3934.62 MiB
[PROGRESS] INFO:  + Download	- 14.40 MiB/s (raw) / 16.15 MiB/s (decompressed)
[PROGRESS] INFO:  + Disk	- 1.22 MiB/s (write) / 0.00 MiB/s (read)
[PROGRESS] INFO: = Progress: 23.18 4126932032/17802455739, Running for: 00:12:29, ETA: 00:41:23
[PROGRESS] INFO: = Downloaded: 2838.48 MiB, Written: 3935.75 MiB
[PROGRESS] INFO:  + Download	- 12.52 MiB/s (raw) / 13.93 MiB/s (decompressed)
[PROGRESS] INFO:  + Disk	- 1.13 MiB/s (write) / 0.00 MiB/s (read)
[PROGRESS] INFO: = Progress: 23.20 4129678305/17802455739, Running for: 00:12:30, ETA: 00:41:24
[PROGRESS] INFO: = Downloaded: 2841.28 MiB, Written: 3938.62 MiB
[PROGRESS] INFO:  + Download	- 11.35 MiB/s (raw) / 12.44 MiB/s (decompressed)
[PROGRESS] INFO:  + Disk	- 2.37 MiB/s (write) / 0.00 MiB/s (read)
[PROGRESS] INFO: = Progress: 23.22 4133987588/17802455739, Running for: 00:12:31, ETA: 00:41:25
[PROGRESS] INFO: = Downloaded: 2845.15 MiB, Written: 3942.48 MiB
[PROGRESS] INFO:  + Download	- 7.48 MiB/s (raw) / 8.33 MiB/s (decompressed)
[PROGRESS] INFO:  + Disk	- 3.61 MiB/s (write) / 0.00 MiB/s (read)
[PROGRESS] INFO: = Progress: 23.24 4137148278/17802455739, Running for: 00:12:33, ETA: 00:41:27
[PROGRESS] INFO: = Downloaded: 2846.62 MiB, Written: 3945.49 MiB
[PROGRESS] INFO:  + Download	- 8.56 MiB/s (raw) / 9.59 MiB/s (decompressed)
[PROGRESS] INFO:  + Disk	- 1.99 MiB/s (write) / 0.00 MiB/s (read)
[PROGRESS] INFO: = Progress: 23.24 4137148278/17802455739, Running for: 00:12:34, ETA: 00:41:30
[PROGRESS] INFO: = Downloaded: 2846.62 MiB, Written: 3945.49 MiB
[PROGRESS] INFO:  + Download	- 0.50 MiB/s (raw) / 0.53 MiB/s (decompressed)
[PROGRESS] INFO:  + Disk	- 0.00 MiB/s (write) / 0.00 MiB/s (read)
[PROGRESS] INFO: = Progress: 23.24 4137148278/17802455739, Running for: 00:12:35, ETA: 00:41:34
[PROGRESS] INFO: = Downloaded: 2846.62 MiB, Written: 3945.49 MiB
[PROGRESS] INFO:  + Download	- 0.50 MiB/s (raw) / 0.53 MiB/s (decompressed)
[PROGRESS] INFO:  + Disk	- 0.00 MiB/s (write) / 0.00 MiB/s (read)
[PROGRESS] INFO: = Progress: 23.24 4137148278/17802455739, Running for: 00:12:36, ETA: 00:41:37
[PROGRESS] INFO: = Downloaded: 2846.62 MiB, Written: 3945.49 MiB
[PROGRESS] INFO:  + Download	- 0.50 MiB/s (raw) / 0.58 MiB/s (decompressed)
[PROGRESS] INFO:  + Disk	- 0.00 MiB/s (write) / 0.00 MiB/s (read)
[PROGRESS] INFO: = Progress: 23.24 4137148278/17802455739, Running for: 00:12:37, ETA: 00:41:40
[PROGRESS] INFO: = Downloaded: 2846.62 MiB, Written: 3945.49 MiB
[PROGRESS] INFO:  + Download	- 0.50 MiB/s (raw) / 0.56 MiB/s (decompressed)
[PROGRESS] INFO:  + Disk	- 0.00 MiB/s (write) / 0.00 MiB/s (read)
[PROGRESS] INFO: = Progress: 23.24 4137148278/17802455739, Running for: 00:12:38, ETA: 00:41:44
[PROGRESS] INFO: = Downloaded: 2846.62 MiB, Written: 3945.49 MiB
[PROGRESS] INFO:  + Download	- 0.50 MiB/s (raw) / 0.57 MiB/s (decompressed)
[PROGRESS] INFO:  + Disk	- 0.00 MiB/s (write) / 0.00 MiB/s (read)
[PROGRESS] INFO: = Progress: 23.24 4137148278/17802455739, Running for: 00:12:39, ETA: 00:41:47
[PROGRESS] INFO: = Downloaded: 2855.49 MiB, Written: 3945.49 MiB
[PROGRESS] INFO:  + Download	- 0.10 MiB/s (raw) / 0.11 MiB/s (decompressed)
[PROGRESS] INFO:  + Disk	- 0.00 MiB/s (write) / 0.00 MiB/s (read)
[PROGRESS] INFO: = Progress: 23.24 4137148278/17802455739, Running for: 00:12:40, ETA: 00:41:50
[PROGRESS] INFO: = Downloaded: 2855.49 MiB, Written: 3945.49 MiB
[PROGRESS] INFO:  + Download	- 0.50 MiB/s (raw) / 0.58 MiB/s (decompressed)
[PROGRESS] INFO:  + Disk	- 0.00 MiB/s (write) / 0.00 MiB/s (read)
[PROGRESS] INFO: = Progress: 23.24 4137148278/17802455739, Running for: 00:12:41, ETA: 00:41:54
[PROGRESS] INFO: = Downloaded: 2855.49 MiB, Written: 3945.49 MiB
[PROGRESS] INFO:  + Download	- 0.50 MiB/s (raw) / 0.56 MiB/s (decompressed)
[PROGRESS] INFO:  + Disk	- 0.00 MiB/s (write) / 0.00 MiB/s (read)
[PROGRESS] INFO: = Progress: 23.24 4137148278/17802455739, Running for: 00:12:42, ETA: 00:41:57
[PROGRESS] INFO: = Downloaded: 2855.49 MiB, Written: 3945.49 MiB
[PROGRESS] INFO:  + Download	- 0.50 MiB/s (raw) / 0.58 MiB/s (decompressed)
[PROGRESS] INFO:  + Disk	- 0.00 MiB/s (write) / 0.00 MiB/s (read)
[PROGRESS] INFO: = Progress: 23.24 4137148278/17802455739, Running for: 00:12:43, ETA: 00:42:00
[PROGRESS] INFO: = Downloaded: 2855.49 MiB, Written: 3945.49 MiB
[PROGRESS] INFO:  + Download	- 0.50 MiB/s (raw) / 0.54 MiB/s (decompressed)
[PROGRESS] INFO:  + Disk	- 0.00 MiB/s (write) / 0.00 MiB/s (read)
[PROGRESS] INFO: = Progress: 23.24 4137148278/17802455739, Running for: 00:12:44, ETA: 00:42:04
[PROGRESS] INFO: = Downloaded: 2864.85 MiB, Written: 3945.49 MiB
[PROGRESS] INFO:  + Download	- 0.50 MiB/s (raw) / 0.55 MiB/s (decompressed)
[PROGRESS] INFO:  + Disk	- 0.00 MiB/s (write) / 0.00 MiB/s (read)
[PROGRESS] INFO: = Progress: 23.24 4137148278/17802455739, Running for: 00:12:45, ETA: 00:42:07
[PROGRESS] INFO: = Downloaded: 2864.85 MiB, Written: 3945.49 MiB
[PROGRESS] INFO:  + Download	- 0.50 MiB/s (raw) / 0.59 MiB/s (decompressed)
[PROGRESS] INFO:  + Disk	- 0.00 MiB/s (write) / 0.00 MiB/s (read)
[PROGRESS] INFO: = Progress: 23.24 4137148278/17802455739, Running for: 00:12:46, ETA: 00:42:10
[PROGRESS] INFO: = Downloaded: 2874.16 MiB, Written: 3945.49 MiB
[PROGRESS] INFO:  + Download	- 0.50 MiB/s (raw) / 0.58 MiB/s (decompressed)
[PROGRESS] INFO:  + Disk	- 0.00 MiB/s (write) / 0.00 MiB/s (read)
[PROGRESS] INFO: = Progress: 23.24 4137148278/17802455739, Running for: 00:12:47, ETA: 00:42:13
[PROGRESS] INFO: = Downloaded: 2883.24 MiB, Written: 3945.49 MiB
[PROGRESS] INFO:  + Download	- 0.50 MiB/s (raw) / 0.57 MiB/s (decompressed)
[PROGRESS] INFO:  + Disk	- 0.00 MiB/s (write) / 0.00 MiB/s (read)
[PROGRESS] INFO: = Progress: 23.24 4137148278/17802455739, Running for: 00:12:48, ETA: 00:42:17
[PROGRESS] INFO: = Downloaded: 2911.06 MiB, Written: 3945.49 MiB
[PROGRESS] INFO:  + Download	- 0.41 MiB/s (raw) / 0.43 MiB/s (decompressed)
[PROGRESS] INFO:  + Disk	- 0.00 MiB/s (write) / 0.00 MiB/s (read)
[PROGRESS] INFO: = Progress: 23.24 4137148278/17802455739, Running for: 00:12:49, ETA: 00:42:20
[PROGRESS] INFO: = Downloaded: 2911.06 MiB, Written: 3945.49 MiB
[PROGRESS] INFO:  + Download	- 0.50 MiB/s (raw) / 0.56 MiB/s (decompressed)
[PROGRESS] INFO:  + Disk	- 0.00 MiB/s (write) / 0.00 MiB/s (read)
[PROGRESS] INFO: = Progress: 23.24 4137148278/17802455739, Running for: 00:12:50, ETA: 00:42:23
[PROGRESS] INFO: = Downloaded: 2911.06 MiB, Written: 3945.49 MiB
[PROGRESS] INFO:  + Download	- 0.50 MiB/s (raw) / 0.58 MiB/s (decompressed)
[PROGRESS] INFO:  + Disk	- 0.00 MiB/s (write) / 0.00 MiB/s (read)
[PROGRESS] INFO: = Progress: 23.24 4137148278/17802455739, Running for: 00:12:51, ETA: 00:42:27
[PROGRESS] INFO: = Downloaded: 2919.93 MiB, Written: 3945.49 MiB
[PROGRESS] INFO:  + Download	- 0.50 MiB/s (raw) / 0.55 MiB/s (decompressed)
[PROGRESS] INFO:  + Disk	- 0.00 MiB/s (write) / 0.00 MiB/s (read)
[PROGRESS] INFO: = Progress: 23.24 4137148278/17802455739, Running for: 00:12:52, ETA: 00:42:30
[PROGRESS] INFO: = Downloaded: 2919.93 MiB, Written: 3945.49 MiB
[PROGRESS] INFO:  + Download	- 0.50 MiB/s (raw) / 0.57 MiB/s (decompressed)
[PROGRESS] INFO:  + Disk	- 0.00 MiB/s (write) / 0.00 MiB/s (read)
[PROGRESS] INFO: = Progress: 23.24 4137148278/17802455739, Running for: 00:12:53, ETA: 00:42:33
[PROGRESS] INFO: = Downloaded: 2919.93 MiB, Written: 3945.49 MiB
[PROGRESS] INFO:  + Download	- 0.50 MiB/s (raw) / 0.58 MiB/s (decompressed)
[PROGRESS] INFO:  + Disk	- 0.00 MiB/s (write) / 0.00 MiB/s (read)
[PROGRESS] INFO: = Progress: 23.64 4208206424/17802455739, Running for: 00:12:54, ETA: 00:41:41
[PROGRESS] INFO: = Downloaded: 2953.69 MiB, Written: 4013.26 MiB
[PROGRESS] INFO:  + Download	- 32.13 MiB/s (raw) / 35.99 MiB/s (decompressed)
[PROGRESS] INFO:  + Disk	- 64.47 MiB/s (write) / 0.00 MiB/s (read)
[PROGRESS] INFO: = Progress: 23.82 4239663704/17802455739, Running for: 00:12:55, ETA: 00:41:20
[PROGRESS] INFO: = Downloaded: 2953.69 MiB, Written: 4043.26 MiB
[PROGRESS] INFO:  + Download	- 14.07 MiB/s (raw) / 15.63 MiB/s (decompressed)
[PROGRESS] INFO:  + Disk	- 28.10 MiB/s (write) / 0.00 MiB/s (read)
[PROGRESS] INFO: = Progress: 23.82 4239663704/17802455739, Running for: 00:12:56, ETA: 00:41:23
[PROGRESS] INFO: = Downloaded: 2953.69 MiB, Written: 4043.26 MiB
[PROGRESS] INFO:  + Download	- 0.50 MiB/s (raw) / 0.54 MiB/s (decompressed)
[PROGRESS] INFO:  + Disk	- 0.00 MiB/s (write) / 0.00 MiB/s (read)
[PROGRESS] INFO: = Progress: 23.99 4270463925/17802455739, Running for: 00:12:57, ETA: 00:41:03
[PROGRESS] INFO: = Downloaded: 3000.16 MiB, Written: 4072.63 MiB
[PROGRESS] INFO:  + Download	- 12.55 MiB/s (raw) / 13.94 MiB/s (decompressed)
[PROGRESS] INFO:  + Disk	- 24.50 MiB/s (write) / 0.00 MiB/s (read)
[PROGRESS] INFO: = Progress: 24.16 4301921205/17802455739, Running for: 00:12:59, ETA: 00:40:44
[PROGRESS] INFO: = Downloaded: 3009.56 MiB, Written: 4102.63 MiB
[PROGRESS] INFO:  + Download	- 9.69 MiB/s (raw) / 10.71 MiB/s (decompressed)
[PROGRESS] INFO:  + Disk	- 19.35 MiB/s (write) / 0.00 MiB/s (read)
[PROGRESS] INFO: = Progress: 24.16 4301921205/17802455739, Running for: 00:13:00, ETA: 00:40:47
[PROGRESS] INFO: = Downloaded: 3009.56 MiB, Written: 4102.63 MiB
[PROGRESS] INFO:  + Download	- 0.50 MiB/s (raw) / 0.54 MiB/s (decompressed)
[PROGRESS] INFO:  + Disk	- 0.00 MiB/s (write) / 0.00 MiB/s (read)
[PROGRESS] INFO: = Progress: 24.35 4334879185/17802455739, Running for: 00:13:01, ETA: 00:40:28
[PROGRESS] INFO: = Downloaded: 3018.83 MiB, Written: 4134.06 MiB
[PROGRESS] INFO:  + Download	- 10.02 MiB/s (raw) / 10.98 MiB/s (decompressed)
[PROGRESS] INFO:  + Disk	- 18.96 MiB/s (write) / 0.00 MiB/s (read)
[PROGRESS] INFO: = Progress: 24.35 4334879185/17802455739, Running for: 00:13:02, ETA: 00:40:31
[PROGRESS] INFO: = Downloaded: 3018.83 MiB, Written: 4134.06 MiB
[PROGRESS] INFO:  + Download	- 0.50 MiB/s (raw) / 0.57 MiB/s (decompressed)
[PROGRESS] INFO:  + Disk	- 0.00 MiB/s (write) / 0.00 MiB/s (read)
[PROGRESS] INFO: = Progress: 24.35 4334879185/17802455739, Running for: 00:13:03, ETA: 00:40:34
[PROGRESS] INFO: = Downloaded: 3018.83 MiB, Written: 4134.06 MiB
[PROGRESS] INFO:  + Download	- 0.50 MiB/s (raw) / 0.53 MiB/s (decompressed)
[PROGRESS] INFO:  + Disk	- 0.00 MiB/s (write) / 0.00 MiB/s (read)
[PROGRESS] INFO: = Progress: 24.35 4334879185/17802455739, Running for: 00:13:04, ETA: 00:40:37
[PROGRESS] INFO: = Downloaded: 3033.85 MiB, Written: 4134.06 MiB
[PROGRESS] INFO:  + Download	- 0.50 MiB/s (raw) / 0.52 MiB/s (decompressed)
[PROGRESS] INFO:  + Disk	- 0.00 MiB/s (write) / 0.00 MiB/s (read)
[PROGRESS] INFO: = Progress: 24.35 4334879185/17802455739, Running for: 00:13:05, ETA: 00:40:40
[PROGRESS] INFO: = Downloaded: 3033.85 MiB, Written: 4134.06 MiB
[PROGRESS] INFO:  + Download	- 0.50 MiB/s (raw) / 0.52 MiB/s (decompressed)
[PROGRESS] INFO:  + Disk	- 0.00 MiB/s (write) / 0.00 MiB/s (read)
[PROGRESS] INFO: = Progress: 24.35 4334879185/17802455739, Running for: 00:13:06, ETA: 00:40:44
[PROGRESS] INFO: = Downloaded: 3033.85 MiB, Written: 4134.06 MiB
[PROGRESS] INFO:  + Download	- 0.50 MiB/s (raw) / 0.55 MiB/s (decompressed)
[PROGRESS] INFO:  + Disk	- 0.00 MiB/s (write) / 0.00 MiB/s (read)
[PROGRESS] INFO: = Progress: 24.35 4334879185/17802455739, Running for: 00:13:07, ETA: 00:40:47
[PROGRESS] INFO: = Downloaded: 3042.48 MiB, Written: 4134.06 MiB
[PROGRESS] INFO:  + Download	- 0.50 MiB/s (raw) / 0.53 MiB/s (decompressed)
[PROGRESS] INFO:  + Disk	- 0.00 MiB/s (write) / 0.00 MiB/s (read)
[PROGRESS] INFO: = Progress: 24.35 4334879185/17802455739, Running for: 00:13:08, ETA: 00:40:50
[PROGRESS] INFO: = Downloaded: 3042.48 MiB, Written: 4134.06 MiB
[PROGRESS] INFO:  + Download	- 0.50 MiB/s (raw) / 0.52 MiB/s (decompressed)
[PROGRESS] INFO:  + Disk	- 0.00 MiB/s (write) / 0.00 MiB/s (read)
[PROGRESS] INFO: = Progress: 24.35 4334879185/17802455739, Running for: 00:13:09, ETA: 00:40:53
[PROGRESS] INFO: = Downloaded: 3042.48 MiB, Written: 4134.06 MiB
[PROGRESS] INFO:  + Download	- 0.50 MiB/s (raw) / 0.55 MiB/s (decompressed)
[PROGRESS] INFO:  + Disk	- 0.00 MiB/s (write) / 0.00 MiB/s (read)
[PROGRESS] INFO: = Progress: 24.35 4334879185/17802455739, Running for: 00:13:10, ETA: 00:40:56
[PROGRESS] INFO: = Downloaded: 3042.48 MiB, Written: 4134.06 MiB
[PROGRESS] INFO:  + Download	- 0.50 MiB/s (raw) / 0.52 MiB/s (decompressed)
[PROGRESS] INFO:  + Disk	- 0.00 MiB/s (write) / 0.00 MiB/s (read)
[PROGRESS] INFO: = Progress: 24.35 4334879185/17802455739, Running for: 00:13:11, ETA: 00:40:59
[PROGRESS] INFO: = Downloaded: 3054.31 MiB, Written: 4134.06 MiB
[PROGRESS] INFO:  + Download	- 0.50 MiB/s (raw) / 0.57 MiB/s (decompressed)
[PROGRESS] INFO:  + Disk	- 0.00 MiB/s (write) / 0.00 MiB/s (read)
[PROGRESS] INFO: = Progress: 24.35 4334879185/17802455739, Running for: 00:13:12, ETA: 00:41:02
[PROGRESS] INFO: = Downloaded: 3064.29 MiB, Written: 4134.06 MiB
[PROGRESS] INFO:  + Download	- 0.50 MiB/s (raw) / 0.56 MiB/s (decompressed)
[PROGRESS] INFO:  + Disk	- 0.00 MiB/s (write) / 0.00 MiB/s (read)
[PROGRESS] INFO: = Progress: 24.41 4345364945/17802455739, Running for: 00:13:14, ETA: 00:41:00
[PROGRESS] INFO: = Downloaded: 3073.09 MiB, Written: 4144.06 MiB
[PROGRESS] INFO:  + Download	- 2.71 MiB/s (raw) / 2.97 MiB/s (decompressed)
[PROGRESS] INFO:  + Disk	- 5.14 MiB/s (write) / 0.00 MiB/s (read)
[PROGRESS] INFO: = Progress: 24.41 4345364945/17802455739, Running for: 00:13:15, ETA: 00:41:04
[PROGRESS] INFO: = Downloaded: 3073.09 MiB, Written: 4144.06 MiB
[PROGRESS] INFO:  + Download	- 0.50 MiB/s (raw) / 0.53 MiB/s (decompressed)
[PROGRESS] INFO:  + Disk	- 0.00 MiB/s (write) / 0.00 MiB/s (read)
[PROGRESS] INFO: = Progress: 24.41 4345364945/17802455739, Running for: 00:13:16, ETA: 00:41:07
[PROGRESS] INFO: = Downloaded: 3073.09 MiB, Written: 4144.06 MiB
[PROGRESS] INFO:  + Download	- 0.50 MiB/s (raw) / 0.61 MiB/s (decompressed)
[PROGRESS] INFO:  + Disk	- 0.00 MiB/s (write) / 0.00 MiB/s (read)
[PROGRESS] INFO: = Progress: 24.41 4345364945/17802455739, Running for: 00:13:17, ETA: 00:41:10
[PROGRESS] INFO: = Downloaded: 3094.73 MiB, Written: 4144.06 MiB
[PROGRESS] INFO:  + Download	- 0.50 MiB/s (raw) / 0.56 MiB/s (decompressed)
[PROGRESS] INFO:  + Disk	- 0.00 MiB/s (write) / 0.00 MiB/s (read)
[PROGRESS] INFO: = Progress: 24.41 4345364945/17802455739, Running for: 00:13:18, ETA: 00:41:13
[PROGRESS] INFO: = Downloaded: 3103.51 MiB, Written: 4144.06 MiB
[PROGRESS] INFO:  + Download	- 0.50 MiB/s (raw) / 0.55 MiB/s (decompressed)
[PROGRESS] INFO:  + Disk	- 0.00 MiB/s (write) / 0.00 MiB/s (read)
[PROGRESS] INFO: = Progress: 24.97 4444500535/17802455739, Running for: 00:13:19, ETA: 00:40:03
[PROGRESS] INFO: = Downloaded: 3112.85 MiB, Written: 4238.61 MiB
[PROGRESS] INFO:  + Download	- 39.96 MiB/s (raw) / 43.93 MiB/s (decompressed)
[PROGRESS] INFO:  + Disk	- 79.35 MiB/s (write) / 0.00 MiB/s (read)
[PROGRESS] INFO: = Progress: 24.97 4444500535/17802455739, Running for: 00:13:20, ETA: 00:40:06
[PROGRESS] INFO: = Downloaded: 3112.85 MiB, Written: 4238.61 MiB
[PROGRESS] INFO:  + Download	- 0.50 MiB/s (raw) / 0.64 MiB/s (decompressed)
[PROGRESS] INFO:  + Disk	- 0.00 MiB/s (write) / 0.00 MiB/s (read)
[PROGRESS] INFO: = Progress: 25.02 4454986295/17802455739, Running for: 00:13:22, ETA: 00:40:03
[PROGRESS] INFO: = Downloaded: 3121.73 MiB, Written: 4248.61 MiB
[PROGRESS] INFO:  + Download	- 3.83 MiB/s (raw) / 4.34 MiB/s (decompressed)
[PROGRESS] INFO:  + Disk	- 6.96 MiB/s (write) / 0.00 MiB/s (read)
[PROGRESS] INFO: = Progress: 25.02 4454986295/17802455739, Running for: 00:13:23, ETA: 00:40:06
[PROGRESS] INFO: = Downloaded: 3121.73 MiB, Written: 4248.61 MiB
[PROGRESS] INFO:  + Download	- 0.50 MiB/s (raw) / 0.57 MiB/s (decompressed)
[PROGRESS] INFO:  + Disk	- 0.00 MiB/s (write) / 0.00 MiB/s (read)
[PROGRESS] INFO: = Progress: 25.02 4454986295/17802455739, Running for: 00:13:24, ETA: 00:40:09
[PROGRESS] INFO: = Downloaded: 3130.44 MiB, Written: 4248.61 MiB
[PROGRESS] INFO:  + Download	- 0.50 MiB/s (raw) / 0.56 MiB/s (decompressed)
[PROGRESS] INFO:  + Disk	- 0.00 MiB/s (write) / 0.00 MiB/s (read)
[PROGRESS] INFO: = Progress: 25.02 4454986295/17802455739, Running for: 00:13:25, ETA: 00:40:12
[PROGRESS] INFO: = Downloaded: 3130.44 MiB, Written: 4248.61 MiB
[PROGRESS] INFO:  + Download	- 0.50 MiB/s (raw) / 0.56 MiB/s (decompressed)
[PROGRESS] INFO:  + Disk	- 0.00 MiB/s (write) / 0.00 MiB/s (read)
[PROGRESS] INFO: = Progress: 25.02 4454986295/17802455739, Running for: 00:13:26, ETA: 00:40:15
[PROGRESS] INFO: = Downloaded: 3130.44 MiB, Written: 4248.61 MiB
[PROGRESS] INFO:  + Download	- 0.50 MiB/s (raw) / 0.51 MiB/s (decompressed)
[PROGRESS] INFO:  + Disk	- 0.00 MiB/s (write) / 0.00 MiB/s (read)
[PROGRESS] INFO: = Progress: 25.02 4454986295/17802455739, Running for: 00:13:27, ETA: 00:40:18
[PROGRESS] INFO: = Downloaded: 3130.44 MiB, Written: 4248.61 MiB
[PROGRESS] INFO:  + Download	- 0.50 MiB/s (raw) / 0.56 MiB/s (decompressed)
[PROGRESS] INFO:  + Disk	- 0.00 MiB/s (write) / 0.00 MiB/s (read)
[PROGRESS] INFO: = Progress: 25.02 4454986295/17802455739, Running for: 00:13:28, ETA: 00:40:21
[PROGRESS] INFO: = Downloaded: 3130.44 MiB, Written: 4248.61 MiB
[PROGRESS] INFO:  + Download	- 0.50 MiB/s (raw) / 0.56 MiB/s (decompressed)
[PROGRESS] INFO:  + Disk	- 0.00 MiB/s (write) / 0.00 MiB/s (read)
[PROGRESS] INFO: = Progress: 25.02 4454986295/17802455739, Running for: 00:13:29, ETA: 00:40:24
[PROGRESS] INFO: = Downloaded: 3130.44 MiB, Written: 4248.61 MiB
[PROGRESS] INFO:  + Download	- 0.50 MiB/s (raw) / 0.56 MiB/s (decompressed)
[PROGRESS] INFO:  + Disk	- 0.00 MiB/s (write) / 0.00 MiB/s (read)
[PROGRESS] INFO: = Progress: 25.02 4454986295/17802455739, Running for: 00:13:30, ETA: 00:40:27
[PROGRESS] INFO: = Downloaded: 3130.44 MiB, Written: 4248.61 MiB
[PROGRESS] INFO:  + Download	- 0.50 MiB/s (raw) / 0.56 MiB/s (decompressed)
[PROGRESS] INFO:  + Disk	- 0.00 MiB/s (write) / 0.00 MiB/s (read)
[PROGRESS] INFO: = Progress: 25.02 4454986295/17802455739, Running for: 00:13:31, ETA: 00:40:30
[PROGRESS] INFO: = Downloaded: 3130.44 MiB, Written: 4248.61 MiB
[PROGRESS] INFO:  + Download	- 0.50 MiB/s (raw) / 0.57 MiB/s (decompressed)
[PROGRESS] INFO:  + Disk	- 0.00 MiB/s (write) / 0.00 MiB/s (read)
[PROGRESS] INFO: = Progress: 25.02 4454986295/17802455739, Running for: 00:13:32, ETA: 00:40:33
[PROGRESS] INFO: = Downloaded: 3139.88 MiB, Written: 4248.61 MiB
[PROGRESS] INFO:  + Download	- 0.50 MiB/s (raw) / 0.52 MiB/s (decompressed)
[PROGRESS] INFO:  + Disk	- 0.00 MiB/s (write) / 0.00 MiB/s (read)
[PROGRESS] INFO: = Progress: 25.02 4454986295/17802455739, Running for: 00:13:33, ETA: 00:40:36
[PROGRESS] INFO: = Downloaded: 3139.88 MiB, Written: 4248.61 MiB
[PROGRESS] INFO:  + Download	- 0.50 MiB/s (raw) / 0.54 MiB/s (decompressed)
[PROGRESS] INFO:  + Disk	- 0.00 MiB/s (write) / 0.00 MiB/s (read)
[PROGRESS] INFO: = Progress: 25.23 4491219513/17802455739, Running for: 00:13:34, ETA: 00:40:14
[PROGRESS] INFO: = Downloaded: 3161.98 MiB, Written: 4283.16 MiB
[PROGRESS] INFO:  + Download	- 14.11 MiB/s (raw) / 15.57 MiB/s (decompressed)
[PROGRESS] INFO:  + Disk	- 26.89 MiB/s (write) / 0.00 MiB/s (read)
[PROGRESS] INFO: = Progress: 25.23 4491219513/17802455739, Running for: 00:13:35, ETA: 00:40:17
[PROGRESS] INFO: = Downloaded: 3180.33 MiB, Written: 4283.16 MiB
[PROGRESS] INFO:  + Download	- 0.50 MiB/s (raw) / 0.55 MiB/s (decompressed)
[PROGRESS] INFO:  + Disk	- 0.00 MiB/s (write) / 0.00 MiB/s (read)
[PROGRESS] INFO: = Progress: 25.46 4533162553/17802455739, Running for: 00:13:37, ETA: 00:39:53
[PROGRESS] INFO: = Downloaded: 3189.18 MiB, Written: 4323.16 MiB
[PROGRESS] INFO:  + Download	- 10.49 MiB/s (raw) / 11.61 MiB/s (decompressed)
[PROGRESS] INFO:  + Disk	- 20.73 MiB/s (write) / 0.00 MiB/s (read)
[PROGRESS] INFO: = Progress: 25.46 4533162553/17802455739, Running for: 00:13:38, ETA: 00:39:55
[PROGRESS] INFO: = Downloaded: 3189.18 MiB, Written: 4323.16 MiB
[PROGRESS] INFO:  + Download	- 0.50 MiB/s (raw) / 0.61 MiB/s (decompressed)
[PROGRESS] INFO:  + Disk	- 0.00 MiB/s (write) / 0.00 MiB/s (read)
[PROGRESS] INFO: = Progress: 25.46 4533162553/17802455739, Running for: 00:13:39, ETA: 00:39:58
[PROGRESS] INFO: = Downloaded: 3189.18 MiB, Written: 4323.16 MiB
[PROGRESS] INFO:  + Download	- 0.50 MiB/s (raw) / 0.61 MiB/s (decompressed)
[PROGRESS] INFO:  + Disk	- 0.00 MiB/s (write) / 0.00 MiB/s (read)
[PROGRESS] INFO: = Progress: 25.46 4533162553/17802455739, Running for: 00:13:40, ETA: 00:40:01
[PROGRESS] INFO: = Downloaded: 3189.18 MiB, Written: 4323.16 MiB
[PROGRESS] INFO:  + Download	- 0.50 MiB/s (raw) / 0.55 MiB/s (decompressed)
[PROGRESS] INFO:  + Disk	- 0.00 MiB/s (write) / 0.00 MiB/s (read)
[PROGRESS] INFO: = Progress: 25.46 4533162553/17802455739, Running for: 00:13:41, ETA: 00:40:04
[PROGRESS] INFO: = Downloaded: 3189.18 MiB, Written: 4323.16 MiB
[PROGRESS] INFO:  + Download	- 0.32 MiB/s (raw) / 0.37 MiB/s (decompressed)
[PROGRESS] INFO:  + Disk	- 0.00 MiB/s (write) / 0.00 MiB/s (read)
[PROGRESS] INFO: = Progress: 25.46 4533162553/17802455739, Running for: 00:13:42, ETA: 00:40:07
[PROGRESS] INFO: = Downloaded: 3189.18 MiB, Written: 4323.16 MiB
[PROGRESS] INFO:  + Download	- 0.50 MiB/s (raw) / 0.56 MiB/s (decompressed)
[PROGRESS] INFO:  + Disk	- 0.00 MiB/s (write) / 0.00 MiB/s (read)
[PROGRESS] INFO: = Progress: 25.46 4533162553/17802455739, Running for: 00:13:43, ETA: 00:40:10
[PROGRESS] INFO: = Downloaded: 3189.18 MiB, Written: 4323.16 MiB
[PROGRESS] INFO:  + Download	- 0.50 MiB/s (raw) / 0.55 MiB/s (decompressed)
[PROGRESS] INFO:  + Disk	- 0.00 MiB/s (write) / 0.00 MiB/s (read)
[PROGRESS] INFO: = Progress: 25.46 4533162553/17802455739, Running for: 00:13:44, ETA: 00:40:13
[PROGRESS] INFO: = Downloaded: 3189.18 MiB, Written: 4323.16 MiB
[PROGRESS] INFO:  + Download	- 0.50 MiB/s (raw) / 0.57 MiB/s (decompressed)
[PROGRESS] INFO:  + Disk	- 0.00 MiB/s (write) / 0.00 MiB/s (read)
[PROGRESS] INFO: = Progress: 25.46 4533162553/17802455739, Running for: 00:13:45, ETA: 00:40:16
[PROGRESS] INFO: = Downloaded: 3189.18 MiB, Written: 4323.16 MiB
[PROGRESS] INFO:  + Download	- 0.50 MiB/s (raw) / 0.53 MiB/s (decompressed)
[PROGRESS] INFO:  + Disk	- 0.00 MiB/s (write) / 0.00 MiB/s (read)
[PROGRESS] INFO: = Progress: 25.46 4533162553/17802455739, Running for: 00:13:46, ETA: 00:40:19
[PROGRESS] INFO: = Downloaded: 3189.18 MiB, Written: 4323.16 MiB
[PROGRESS] INFO:  + Download	- 0.50 MiB/s (raw) / 0.57 MiB/s (decompressed)
[PROGRESS] INFO:  + Disk	- 0.00 MiB/s (write) / 0.00 MiB/s (read)
[PROGRESS] INFO: = Progress: 25.46 4533162553/17802455739, Running for: 00:13:47, ETA: 00:40:22
[PROGRESS] INFO: = Downloaded: 3189.18 MiB, Written: 4323.16 MiB
[PROGRESS] INFO:  + Download	- 0.50 MiB/s (raw) / 0.59 MiB/s (decompressed)
[PROGRESS] INFO:  + Disk	- 0.00 MiB/s (write) / 0.00 MiB/s (read)
[PROGRESS] INFO: = Progress: 25.46 4533162553/17802455739, Running for: 00:13:48, ETA: 00:40:25
[PROGRESS] INFO: = Downloaded: 3189.18 MiB, Written: 4323.16 MiB
[PROGRESS] INFO:  + Download	- 0.50 MiB/s (raw) / 0.56 MiB/s (decompressed)
[PROGRESS] INFO:  + Disk	- 0.00 MiB/s (write) / 0.00 MiB/s (read)
[PROGRESS] INFO: = Progress: 25.46 4533162553/17802455739, Running for: 00:13:49, ETA: 00:40:28
[PROGRESS] INFO: = Downloaded: 3198.25 MiB, Written: 4323.16 MiB
[PROGRESS] INFO:  + Download	- 0.50 MiB/s (raw) / 0.53 MiB/s (decompressed)
[PROGRESS] INFO:  + Disk	- 0.00 MiB/s (write) / 0.00 MiB/s (read)
[PROGRESS] INFO: = Progress: 25.46 4533162553/17802455739, Running for: 00:13:50, ETA: 00:40:31
[PROGRESS] INFO: = Downloaded: 3215.58 MiB, Written: 4323.16 MiB
[PROGRESS] INFO:  + Download	- 0.50 MiB/s (raw) / 0.55 MiB/s (decompressed)
[PROGRESS] INFO:  + Disk	- 0.00 MiB/s (write) / 0.00 MiB/s (read)
[PROGRESS] INFO: = Progress: 25.46 4533162553/17802455739, Running for: 00:13:51, ETA: 00:40:34
[PROGRESS] INFO: = Downloaded: 3215.58 MiB, Written: 4323.16 MiB
[PROGRESS] INFO:  + Download	- 0.40 MiB/s (raw) / 0.42 MiB/s (decompressed)
[PROGRESS] INFO:  + Disk	- 0.00 MiB/s (write) / 0.00 MiB/s (read)
[PROGRESS] INFO: = Progress: 25.46 4533162553/17802455739, Running for: 00:13:52, ETA: 00:40:37
[PROGRESS] INFO: = Downloaded: 3224.54 MiB, Written: 4323.16 MiB
[PROGRESS] INFO:  + Download	- 0.50 MiB/s (raw) / 0.58 MiB/s (decompressed)
[PROGRESS] INFO:  + Disk	- 0.00 MiB/s (write) / 0.00 MiB/s (read)
[PROGRESS] INFO: = Progress: 25.46 4533162553/17802455739, Running for: 00:13:53, ETA: 00:40:39
[PROGRESS] INFO: = Downloaded: 3242.38 MiB, Written: 4323.16 MiB
[PROGRESS] INFO:  + Download	- 0.50 MiB/s (raw) / 0.55 MiB/s (decompressed)
[PROGRESS] INFO:  + Disk	- 0.00 MiB/s (write) / 0.00 MiB/s (read)
[PROGRESS] INFO: = Progress: 25.86 4603174334/17802455739, Running for: 00:13:55, ETA: 00:39:54
[PROGRESS] INFO: = Downloaded: 3259.06 MiB, Written: 4389.93 MiB
[PROGRESS] INFO:  + Download	- 21.90 MiB/s (raw) / 24.40 MiB/s (decompressed)
[PROGRESS] INFO:  + Disk	- 42.93 MiB/s (write) / 0.00 MiB/s (read)
[PROGRESS] INFO: = Progress: 25.98 4625234936/17802455739, Running for: 00:13:56, ETA: 00:39:42
[PROGRESS] INFO: = Downloaded: 3270.65 MiB, Written: 4410.97 MiB
[PROGRESS] INFO:  + Download	- 8.50 MiB/s (raw) / 9.49 MiB/s (decompressed)
[PROGRESS] INFO:  + Disk	- 16.19 MiB/s (write) / 0.00 MiB/s (read)
[PROGRESS] INFO: = Progress: 26.05 4636783763/17802455739, Running for: 00:13:57, ETA: 00:39:37
[PROGRESS] INFO: = Downloaded: 3281.88 MiB, Written: 4421.98 MiB
[PROGRESS] INFO:  + Download	- 6.01 MiB/s (raw) / 6.80 MiB/s (decompressed)
[PROGRESS] INFO:  + Disk	- 10.18 MiB/s (write) / 0.00 MiB/s (read)
[PROGRESS] INFO: = Progress: 26.05 4636783763/17802455739, Running for: 00:13:58, ETA: 00:39:40
[PROGRESS] INFO: = Downloaded: 3283.28 MiB, Written: 4421.98 MiB
[PROGRESS] INFO:  + Download	- 0.50 MiB/s (raw) / 0.58 MiB/s (decompressed)
[PROGRESS] INFO:  + Disk	- 0.00 MiB/s (write) / 0.00 MiB/s (read)
[PROGRESS] INFO: = Progress: 26.05 4636783763/17802455739, Running for: 00:13:59, ETA: 00:39:43
[PROGRESS] INFO: = Downloaded: 3284.15 MiB, Written: 4421.98 MiB
[PROGRESS] INFO:  + Download	- 0.50 MiB/s (raw) / 0.56 MiB/s (decompressed)
[PROGRESS] INFO:  + Disk	- 0.00 MiB/s (write) / 0.00 MiB/s (read)
[PROGRESS] INFO: = Progress: 26.05 4636783763/17802455739, Running for: 00:14:00, ETA: 00:39:46
[PROGRESS] INFO: = Downloaded: 3285.26 MiB, Written: 4421.98 MiB
[PROGRESS] INFO:  + Download	- 0.50 MiB/s (raw) / 0.55 MiB/s (decompressed)
[PROGRESS] INFO:  + Disk	- 0.00 MiB/s (write) / 0.00 MiB/s (read)
[PROGRESS] INFO: = Progress: 26.05 4636783763/17802455739, Running for: 00:14:01, ETA: 00:39:49
[PROGRESS] INFO: = Downloaded: 3286.62 MiB, Written: 4421.98 MiB
[PROGRESS] INFO:  + Download	- 0.50 MiB/s (raw) / 0.57 MiB/s (decompressed)
[PROGRESS] INFO:  + Disk	- 0.00 MiB/s (write) / 0.00 MiB/s (read)
[11/08/2024, 21:46:38] GOGDL_CONFIG_PATH=/home/strobelt/.config/heroic/gogdlConfig /opt/Heroic/resources/app.asar.unpacked/build/bin/x64/linux/gogdl --auth-config-path /home/strobelt/.config/heroic/gog_store/auth.json auth
{"access_token":"<redacted>","expires_in":3600,"token_type":"bearer","scope":"","session_id":"<redacted>","refresh_token":"<redacted>","user_id":"<redacted>","loginTime":1723422666.301182}
[11/08/2024, 21:46:38] GOGDL_CONFIG_PATH=/home/strobelt/.config/heroic/gogdlConfig /opt/Heroic/resources/app.asar.unpacked/build/bin/x64/linux/gogdl --auth-config-path /home/strobelt/.config/heroic/gog_store/auth.json info 1453375253 --os linux
[GENERIC DOWNLOAD_MANAGER] INFO: Platform is Linux, redirecting download to Linux Native installer manager
[PROGRESS] INFO: = Progress: 26.05 4636783763/17802455739, Running for: 00:14:02, ETA: 00:39:52
[PROGRESS] INFO: = Downloaded: 3287.76 MiB, Written: 4421.98 MiB
[PROGRESS] INFO:  + Download	- 0.50 MiB/s (raw) / 0.54 MiB/s (decompressed)
[PROGRESS] INFO:  + Disk	- 0.00 MiB/s (write) / 0.00 MiB/s (read)
[LINUX] INFO: Initialized Linux Download Manager
[API] INFO: Getting info from products endpoint for id: 1453375253
[PROGRESS] INFO: = Progress: 26.05 4636783763/17802455739, Running for: 00:14:03, ETA: 00:39:55
[PROGRESS] INFO: = Downloaded: 3288.77 MiB, Written: 4421.98 MiB
[PROGRESS] INFO:  + Download	- 0.50 MiB/s (raw) / 0.60 MiB/s (decompressed)
[PROGRESS] INFO:  + Disk	- 0.00 MiB/s (write) / 0.00 MiB/s (read)
[PROGRESS] INFO: = Progress: 26.05 4636783763/17802455739, Running for: 00:14:04, ETA: 00:39:57
[PROGRESS] INFO: = Downloaded: 3290.11 MiB, Written: 4421.98 MiB
[PROGRESS] INFO:  + Download	- 0.50 MiB/s (raw) / 0.56 MiB/s (decompressed)
[PROGRESS] INFO:  + Disk	- 0.00 MiB/s (write) / 0.00 MiB/s (read)
[PROGRESS] INFO: = Progress: 26.05 4636783763/17802455739, Running for: 00:14:05, ETA: 00:40:00
[PROGRESS] INFO: = Downloaded: 3291.42 MiB, Written: 4421.98 MiB
[PROGRESS] INFO:  + Download	- 0.50 MiB/s (raw) / 0.54 MiB/s (decompressed)
[PROGRESS] INFO:  + Disk	- 0.00 MiB/s (write) / 0.00 MiB/s (read)
[PROGRESS] INFO: = Progress: 26.10 4647269523/17802455739, Running for: 00:14:07, ETA: 00:39:57
[PROGRESS] INFO: = Downloaded: 3300.71 MiB, Written: 4431.98 MiB
[PROGRESS] INFO:  + Download	- 3.67 MiB/s (raw) / 4.14 MiB/s (decompressed)
[PROGRESS] INFO:  + Disk	- 6.68 MiB/s (write) / 0.00 MiB/s (read)
[PROGRESS] INFO: = Progress: 26.10 4647269523/17802455739, Running for: 00:14:08, ETA: 00:40:00
[PROGRESS] INFO: = Downloaded: 3300.71 MiB, Written: 4431.98 MiB
[PROGRESS] INFO:  + Download	- 0.50 MiB/s (raw) / 0.53 MiB/s (decompressed)
[PROGRESS] INFO:  + Disk	- 0.00 MiB/s (write) / 0.00 MiB/s (read)
{"download_size": 485520546, "disk_size": 692896617, "dlcs": [], "languages": ["en"], "folder_name": "Stardew Valley", "dependencies": [], "versionName": "1.6.8.24119.6732702600", "builds": null}
[PROGRESS] INFO: = Progress: 26.10 4647269523/17802455739, Running for: 00:14:09, ETA: 00:40:03
[PROGRESS] INFO: = Downloaded: 3300.71 MiB, Written: 4431.98 MiB
[PROGRESS] INFO:  + Download	- 0.50 MiB/s (raw) / 0.52 MiB/s (decompressed)
[PROGRESS] INFO:  + Disk	- 0.00 MiB/s (write) / 0.00 MiB/s (read)
[PROGRESS] INFO: = Progress: 26.10 4647269523/17802455739, Running for: 00:14:10, ETA: 00:40:06
[PROGRESS] INFO: = Downloaded: 3300.71 MiB, Written: 4431.98 MiB
[PROGRESS] INFO:  + Download	- 0.50 MiB/s (raw) / 0.54 MiB/s (decompressed)
[PROGRESS] INFO:  + Disk	- 0.00 MiB/s (write) / 0.00 MiB/s (read)
[PROGRESS] INFO: = Progress: 26.10 4647269523/17802455739, Running for: 00:14:11, ETA: 00:40:08
[PROGRESS] INFO: = Downloaded: 3300.71 MiB, Written: 4431.98 MiB
[PROGRESS] INFO:  + Download	- 0.50 MiB/s (raw) / 0.59 MiB/s (decompressed)
[PROGRESS] INFO:  + Disk	- 0.00 MiB/s (write) / 0.00 MiB/s (read)
[PROGRESS] INFO: = Progress: 26.10 4647269523/17802455739, Running for: 00:14:12, ETA: 00:40:11
[PROGRESS] INFO: = Downloaded: 3309.56 MiB, Written: 4431.98 MiB
[PROGRESS] INFO:  + Download	- 0.50 MiB/s (raw) / 0.54 MiB/s (decompressed)
[PROGRESS] INFO:  + Disk	- 0.00 MiB/s (write) / 0.00 MiB/s (read)
[PROGRESS] INFO: = Progress: 26.23 4669246591/17802455739, Running for: 00:14:13, ETA: 00:39:59
[PROGRESS] INFO: = Downloaded: 3319.79 MiB, Written: 4452.94 MiB
[PROGRESS] INFO:  + Download	- 9.83 MiB/s (raw) / 10.70 MiB/s (decompressed)
[PROGRESS] INFO:  + Disk	- 19.40 MiB/s (write) / 0.00 MiB/s (read)
[PROGRESS] INFO: = Progress: 26.23 4669246591/17802455739, Running for: 00:14:14, ETA: 00:40:02
[PROGRESS] INFO: = Downloaded: 3320.09 MiB, Written: 4452.94 MiB
[PROGRESS] INFO:  + Download	- 0.50 MiB/s (raw) / 0.59 MiB/s (decompressed)
[PROGRESS] INFO:  + Disk	- 0.00 MiB/s (write) / 0.00 MiB/s (read)
[PROGRESS] INFO: = Progress: 26.23 4669246591/17802455739, Running for: 00:14:15, ETA: 00:40:05
[PROGRESS] INFO: = Downloaded: 3320.09 MiB, Written: 4452.94 MiB
[PROGRESS] INFO:  + Download	- 0.50 MiB/s (raw) / 0.58 MiB/s (decompressed)
[PROGRESS] INFO:  + Disk	- 0.00 MiB/s (write) / 0.00 MiB/s (read)
[PROGRESS] INFO: = Progress: 26.23 4669246591/17802455739, Running for: 00:14:16, ETA: 00:40:07
[PROGRESS] INFO: = Downloaded: 3320.09 MiB, Written: 4452.94 MiB
[PROGRESS] INFO:  + Download	- 0.50 MiB/s (raw) / 0.53 MiB/s (decompressed)
[PROGRESS] INFO:  + Disk	- 0.00 MiB/s (write) / 0.00 MiB/s (read)
[PROGRESS] INFO: = Progress: 26.23 4669246591/17802455739, Running for: 00:14:17, ETA: 00:40:10
[PROGRESS] INFO: = Downloaded: 3320.09 MiB, Written: 4452.94 MiB
[PROGRESS] INFO:  + Download	- 0.50 MiB/s (raw) / 0.53 MiB/s (decompressed)
[PROGRESS] INFO:  + Disk	- 0.00 MiB/s (write) / 0.00 MiB/s (read)
[PROGRESS] INFO: = Progress: 26.23 4669246591/17802455739, Running for: 00:14:18, ETA: 00:40:13
[PROGRESS] INFO: = Downloaded: 3320.09 MiB, Written: 4452.94 MiB
[PROGRESS] INFO:  + Download	- 0.50 MiB/s (raw) / 0.53 MiB/s (decompressed)
[PROGRESS] INFO:  + Disk	- 0.00 MiB/s (write) / 0.00 MiB/s (read)
[PROGRESS] INFO: = Progress: 26.23 4669246591/17802455739, Running for: 00:14:19, ETA: 00:40:16
[PROGRESS] INFO: = Downloaded: 3320.09 MiB, Written: 4452.94 MiB
[PROGRESS] INFO:  + Download	- 0.50 MiB/s (raw) / 0.56 MiB/s (decompressed)
[PROGRESS] INFO:  + Disk	- 0.00 MiB/s (write) / 0.00 MiB/s (read)
[PROGRESS] INFO: = Progress: 26.23 4669246591/17802455739, Running for: 00:14:20, ETA: 00:40:19
[PROGRESS] INFO: = Downloaded: 3320.09 MiB, Written: 4452.94 MiB
[PROGRESS] INFO:  + Download	- 0.50 MiB/s (raw) / 0.59 MiB/s (decompressed)
[PROGRESS] INFO:  + Disk	- 0.00 MiB/s (write) / 0.00 MiB/s (read)
[PROGRESS] INFO: = Progress: 26.23 4669246591/17802455739, Running for: 00:14:21, ETA: 00:40:22
[PROGRESS] INFO: = Downloaded: 3320.09 MiB, Written: 4452.94 MiB
[PROGRESS] INFO:  + Download	- 0.50 MiB/s (raw) / 0.57 MiB/s (decompressed)
[PROGRESS] INFO:  + Disk	- 0.00 MiB/s (write) / 0.00 MiB/s (read)
[PROGRESS] INFO: = Progress: 26.23 4669246591/17802455739, Running for: 00:14:22, ETA: 00:40:24
[PROGRESS] INFO: = Downloaded: 3320.09 MiB, Written: 4452.94 MiB
[PROGRESS] INFO:  + Download	- 0.50 MiB/s (raw) / 0.57 MiB/s (decompressed)
[PROGRESS] INFO:  + Disk	- 0.00 MiB/s (write) / 0.00 MiB/s (read)
[PROGRESS] INFO: = Progress: 26.23 4669246591/17802455739, Running for: 00:14:23, ETA: 00:40:27
[PROGRESS] INFO: = Downloaded: 3320.09 MiB, Written: 4452.94 MiB
[PROGRESS] INFO:  + Download	- 0.50 MiB/s (raw) / 0.53 MiB/s (decompressed)
[PROGRESS] INFO:  + Disk	- 0.00 MiB/s (write) / 0.00 MiB/s (read)
[PROGRESS] INFO: = Progress: 26.23 4669246591/17802455739, Running for: 00:14:24, ETA: 00:40:30
[PROGRESS] INFO: = Downloaded: 3320.09 MiB, Written: 4452.94 MiB
[PROGRESS] INFO:  + Download	- 0.50 MiB/s (raw) / 0.53 MiB/s (decompressed)
[PROGRESS] INFO:  + Disk	- 0.00 MiB/s (write) / 0.00 MiB/s (read)
[PROGRESS] INFO: = Progress: 26.23 4669246591/17802455739, Running for: 00:14:25, ETA: 00:40:33
[PROGRESS] INFO: = Downloaded: 3320.09 MiB, Written: 4452.94 MiB
[PROGRESS] INFO:  + Download	- 0.50 MiB/s (raw) / 0.55 MiB/s (decompressed)
[PROGRESS] INFO:  + Disk	- 0.00 MiB/s (write) / 0.00 MiB/s (read)
[PROGRESS] INFO: = Progress: 26.23 4669246591/17802455739, Running for: 00:14:26, ETA: 00:40:36
[PROGRESS] INFO: = Downloaded: 3320.09 MiB, Written: 4452.94 MiB
[PROGRESS] INFO:  + Download	- 0.50 MiB/s (raw) / 0.58 MiB/s (decompressed)
[PROGRESS] INFO:  + Disk	- 0.00 MiB/s (write) / 0.00 MiB/s (read)
[PROGRESS] INFO: = Progress: 26.41 4701762925/17802455739, Running for: 00:14:27, ETA: 00:40:16
[PROGRESS] INFO: = Downloaded: 3333.47 MiB, Written: 4484.30 MiB
[PROGRESS] INFO:  + Download	- 31.97 MiB/s (raw) / 35.51 MiB/s (decompressed)
[PROGRESS] INFO:  + Disk	- 31.12 MiB/s (write) / 0.00 MiB/s (read)
[PROGRESS] INFO: = Progress: 26.43 4705481927/17802455739, Running for: 00:14:28, ETA: 00:40:17
[PROGRESS] INFO: = Downloaded: 3336.47 MiB, Written: 4487.50 MiB
[PROGRESS] INFO:  + Download	- 3.63 MiB/s (raw) / 4.01 MiB/s (decompressed)
[PROGRESS] INFO:  + Disk	- 2.36 MiB/s (write) / 0.00 MiB/s (read)
[PROGRESS] INFO: = Progress: 26.45 4708736004/17802455739, Running for: 00:14:29, ETA: 00:40:18
[PROGRESS] INFO: = Downloaded: 3339.56 MiB, Written: 4490.60 MiB
[PROGRESS] INFO:  + Download	- 4.14 MiB/s (raw) / 4.50 MiB/s (decompressed)
[PROGRESS] INFO:  + Disk	- 2.86 MiB/s (write) / 0.00 MiB/s (read)
[PROGRESS] INFO: = Progress: 26.46 4709664752/17802455739, Running for: 00:14:30, ETA: 00:40:20
[PROGRESS] INFO: = Downloaded: 3341.41 MiB, Written: 4491.49 MiB
[PROGRESS] INFO:  + Download	- 1.84 MiB/s (raw) / 2.00 MiB/s (decompressed)
[PROGRESS] INFO:  + Disk	- 0.88 MiB/s (write) / 0.00 MiB/s (read)
[PROGRESS] INFO: = Progress: 26.49 4715278793/17802455739, Running for: 00:14:31, ETA: 00:40:19
[PROGRESS] INFO: = Downloaded: 3344.08 MiB, Written: 4496.84 MiB
[PROGRESS] INFO:  + Download	- 7.06 MiB/s (raw) / 7.66 MiB/s (decompressed)
[PROGRESS] INFO:  + Disk	- 5.33 MiB/s (write) / 0.00 MiB/s (read)
[PROGRESS] INFO: = Progress: 26.50 4718374954/17802455739, Running for: 00:14:33, ETA: 00:40:20
[PROGRESS] INFO: = Downloaded: 3347.50 MiB, Written: 4499.79 MiB
[PROGRESS] INFO:  + Download	- 3.17 MiB/s (raw) / 3.39 MiB/s (decompressed)
[PROGRESS] INFO:  + Disk	- 2.08 MiB/s (write) / 0.00 MiB/s (read)
[PROGRESS] INFO: = Progress: 26.51 4719867561/17802455739, Running for: 00:14:34, ETA: 00:40:22
[PROGRESS] INFO: = Downloaded: 3349.57 MiB, Written: 4501.22 MiB
[PROGRESS] INFO:  + Download	- 2.81 MiB/s (raw) / 3.08 MiB/s (decompressed)
[PROGRESS] INFO:  + Disk	- 1.34 MiB/s (write) / 0.00 MiB/s (read)
[PROGRESS] INFO: = Progress: 26.55 4726844537/17802455739, Running for: 00:14:35, ETA: 00:40:21
[PROGRESS] INFO: = Downloaded: 3354.22 MiB, Written: 4507.87 MiB
[PROGRESS] INFO:  + Download	- 7.28 MiB/s (raw) / 7.90 MiB/s (decompressed)
[PROGRESS] INFO:  + Disk	- 5.10 MiB/s (write) / 0.00 MiB/s (read)
[PROGRESS] INFO: = Progress: 26.56 4728781172/17802455739, Running for: 00:14:36, ETA: 00:40:23
[PROGRESS] INFO: = Downloaded: 3357.18 MiB, Written: 4509.72 MiB
[PROGRESS] INFO:  + Download	- 2.73 MiB/s (raw) / 3.01 MiB/s (decompressed)
[PROGRESS] INFO:  + Disk	- 1.44 MiB/s (write) / 0.00 MiB/s (read)
[PROGRESS] INFO: = Progress: 26.58 4732183913/17802455739, Running for: 00:14:37, ETA: 00:40:24
[PROGRESS] INFO: = Downloaded: 3357.70 MiB, Written: 4512.96 MiB
[PROGRESS] INFO:  + Download	- 5.68 MiB/s (raw) / 6.23 MiB/s (decompressed)
[PROGRESS] INFO:  + Disk	- 3.07 MiB/s (write) / 0.00 MiB/s (read)
[PROGRESS] INFO: = Progress: 26.59 4733582773/17802455739, Running for: 00:14:39, ETA: 00:40:27
[PROGRESS] INFO: = Downloaded: 3358.86 MiB, Written: 4514.30 MiB
[PROGRESS] INFO:  + Download	- 1.03 MiB/s (raw) / 1.14 MiB/s (decompressed)
[PROGRESS] INFO:  + Disk	- 0.91 MiB/s (write) / 0.00 MiB/s (read)
[PROGRESS] INFO: = Progress: 26.59 4733582773/17802455739, Running for: 00:14:40, ETA: 00:40:30
[PROGRESS] INFO: = Downloaded: 3358.86 MiB, Written: 4514.30 MiB
[PROGRESS] INFO:  + Download	- 0.50 MiB/s (raw) / 0.53 MiB/s (decompressed)
[PROGRESS] INFO:  + Disk	- 0.00 MiB/s (write) / 0.00 MiB/s (read)
[PROGRESS] INFO: = Progress: 26.59 4733582773/17802455739, Running for: 00:14:41, ETA: 00:40:32
[PROGRESS] INFO: = Downloaded: 3368.28 MiB, Written: 4514.30 MiB
[PROGRESS] INFO:  + Download	- 0.50 MiB/s (raw) / 0.57 MiB/s (decompressed)
[PROGRESS] INFO:  + Disk	- 0.00 MiB/s (write) / 0.00 MiB/s (read)
[PROGRESS] INFO: = Progress: 26.59 4733582773/17802455739, Running for: 00:14:42, ETA: 00:40:35
[PROGRESS] INFO: = Downloaded: 3368.28 MiB, Written: 4514.30 MiB
[PROGRESS] INFO:  + Download	- 0.50 MiB/s (raw) / 0.54 MiB/s (decompressed)
[PROGRESS] INFO:  + Disk	- 0.00 MiB/s (write) / 0.00 MiB/s (read)
[PROGRESS] INFO: = Progress: 26.59 4733582773/17802455739, Running for: 00:14:43, ETA: 00:40:38
[PROGRESS] INFO: = Downloaded: 3382.38 MiB, Written: 4514.30 MiB
[PROGRESS] INFO:  + Download	- 0.50 MiB/s (raw) / 0.56 MiB/s (decompressed)
[PROGRESS] INFO:  + Disk	- 0.00 MiB/s (write) / 0.00 MiB/s (read)
[PROGRESS] INFO: = Progress: 26.59 4733582773/17802455739, Running for: 00:14:44, ETA: 00:40:41
[PROGRESS] INFO: = Downloaded: 3382.38 MiB, Written: 4514.30 MiB
[PROGRESS] INFO:  + Download	- 0.50 MiB/s (raw) / 0.53 MiB/s (decompressed)
[PROGRESS] INFO:  + Disk	- 0.00 MiB/s (write) / 0.00 MiB/s (read)
[PROGRESS] INFO: = Progress: 26.59 4733582773/17802455739, Running for: 00:14:45, ETA: 00:40:43
[PROGRESS] INFO: = Downloaded: 3405.53 MiB, Written: 4514.30 MiB
[PROGRESS] INFO:  + Download	- 0.50 MiB/s (raw) / 0.54 MiB/s (decompressed)
[PROGRESS] INFO:  + Disk	- 0.00 MiB/s (write) / 0.00 MiB/s (read)
[PROGRESS] INFO: = Progress: 26.59 4733582773/17802455739, Running for: 00:14:46, ETA: 00:40:46
[PROGRESS] INFO: = Downloaded: 3423.98 MiB, Written: 4514.30 MiB
[PROGRESS] INFO:  + Download	- 0.50 MiB/s (raw) / 0.54 MiB/s (decompressed)
[PROGRESS] INFO:  + Disk	- 0.00 MiB/s (write) / 0.00 MiB/s (read)
[PROGRESS] INFO: = Progress: 26.59 4733582773/17802455739, Running for: 00:14:47, ETA: 00:40:49
[PROGRESS] INFO: = Downloaded: 3423.98 MiB, Written: 4514.30 MiB
[PROGRESS] INFO:  + Download	- 0.50 MiB/s (raw) / 0.53 MiB/s (decompressed)
[PROGRESS] INFO:  + Disk	- 0.00 MiB/s (write) / 0.00 MiB/s (read)
[PROGRESS] INFO: = Progress: 26.59 4733582773/17802455739, Running for: 00:14:48, ETA: 00:40:52
[PROGRESS] INFO: = Downloaded: 3423.98 MiB, Written: 4514.30 MiB
[PROGRESS] INFO:  + Download	- 0.50 MiB/s (raw) / 0.56 MiB/s (decompressed)
[PROGRESS] INFO:  + Disk	- 0.00 MiB/s (write) / 0.00 MiB/s (read)
[PROGRESS] INFO: = Progress: 26.90 4788238917/17802455739, Running for: 00:14:49, ETA: 00:40:18
[PROGRESS] INFO: = Downloaded: 3433.10 MiB, Written: 4566.42 MiB
[PROGRESS] INFO:  + Download	- 14.35 MiB/s (raw) / 15.59 MiB/s (decompressed)
[PROGRESS] INFO:  + Disk	- 29.26 MiB/s (write) / 0.00 MiB/s (read)
[PROGRESS] INFO: = Progress: 26.90 4788238917/17802455739, Running for: 00:14:50, ETA: 00:40:21
[PROGRESS] INFO: = Downloaded: 3433.10 MiB, Written: 4566.42 MiB
[PROGRESS] INFO:  + Download	- 0.50 MiB/s (raw) / 0.56 MiB/s (decompressed)
[PROGRESS] INFO:  + Disk	- 0.00 MiB/s (write) / 0.00 MiB/s (read)
[PROGRESS] INFO: = Progress: 26.90 4788238917/17802455739, Running for: 00:14:51, ETA: 00:40:24
[PROGRESS] INFO: = Downloaded: 3459.21 MiB, Written: 4566.42 MiB
[PROGRESS] INFO:  + Download	- 0.50 MiB/s (raw) / 0.55 MiB/s (decompressed)
[PROGRESS] INFO:  + Disk	- 0.00 MiB/s (write) / 0.00 MiB/s (read)
[PROGRESS] INFO: = Progress: 26.90 4788238917/17802455739, Running for: 00:14:52, ETA: 00:40:27
[PROGRESS] INFO: = Downloaded: 3460.63 MiB, Written: 4566.42 MiB
[PROGRESS] INFO:  + Download	- 0.50 MiB/s (raw) / 0.53 MiB/s (decompressed)
[PROGRESS] INFO:  + Disk	- 0.00 MiB/s (write) / 0.00 MiB/s (read)
[PROGRESS] INFO: = Progress: 26.90 4788238917/17802455739, Running for: 00:14:53, ETA: 00:40:29
[PROGRESS] INFO: = Downloaded: 3470.96 MiB, Written: 4566.42 MiB
[PROGRESS] INFO:  + Download	- 0.42 MiB/s (raw) / 0.45 MiB/s (decompressed)
[PROGRESS] INFO:  + Disk	- 0.00 MiB/s (write) / 0.00 MiB/s (read)
[PROGRESS] INFO: = Progress: 26.90 4788238917/17802455739, Running for: 00:14:54, ETA: 00:40:32
[PROGRESS] INFO: = Downloaded: 3470.96 MiB, Written: 4566.42 MiB
[PROGRESS] INFO:  + Download	- 0.50 MiB/s (raw) / 0.55 MiB/s (decompressed)
[PROGRESS] INFO:  + Disk	- 0.00 MiB/s (write) / 0.00 MiB/s (read)
[PROGRESS] INFO: = Progress: 26.90 4788238917/17802455739, Running for: 00:14:55, ETA: 00:40:35
[PROGRESS] INFO: = Downloaded: 3470.96 MiB, Written: 4566.42 MiB
[PROGRESS] INFO:  + Download	- 0.50 MiB/s (raw) / 0.57 MiB/s (decompressed)
[PROGRESS] INFO:  + Disk	- 0.00 MiB/s (write) / 0.00 MiB/s (read)
[PROGRESS] INFO: = Progress: 26.90 4788238917/17802455739, Running for: 00:14:56, ETA: 00:40:37
[PROGRESS] INFO: = Downloaded: 3479.91 MiB, Written: 4566.42 MiB
[PROGRESS] INFO:  + Download	- 0.50 MiB/s (raw) / 0.59 MiB/s (decompressed)
[PROGRESS] INFO:  + Disk	- 0.00 MiB/s (write) / 0.00 MiB/s (read)
[PROGRESS] INFO: = Progress: 26.90 4788238917/17802455739, Running for: 00:14:57, ETA: 00:40:40
[PROGRESS] INFO: = Downloaded: 3488.99 MiB, Written: 4566.42 MiB
[PROGRESS] INFO:  + Download	- 0.50 MiB/s (raw) / 0.54 MiB/s (decompressed)
[PROGRESS] INFO:  + Disk	- 0.00 MiB/s (write) / 0.00 MiB/s (read)
[PROGRESS] INFO: = Progress: 26.90 4788238917/17802455739, Running for: 00:14:58, ETA: 00:40:43
[PROGRESS] INFO: = Downloaded: 3488.99 MiB, Written: 4566.42 MiB
[PROGRESS] INFO:  + Download	- 0.50 MiB/s (raw) / 0.53 MiB/s (decompressed)
[PROGRESS] INFO:  + Disk	- 0.00 MiB/s (write) / 0.00 MiB/s (read)
[PROGRESS] INFO: = Progress: 26.90 4788238917/17802455739, Running for: 00:14:59, ETA: 00:40:46
[PROGRESS] INFO: = Downloaded: 3506.72 MiB, Written: 4566.42 MiB
[PROGRESS] INFO:  + Download	- 0.50 MiB/s (raw) / 0.53 MiB/s (decompressed)
[PROGRESS] INFO:  + Disk	- 0.00 MiB/s (write) / 0.00 MiB/s (read)
[PROGRESS] INFO: = Progress: 26.90 4788238917/17802455739, Running for: 00:15:00, ETA: 00:40:48
[PROGRESS] INFO: = Downloaded: 3506.72 MiB, Written: 4566.42 MiB
[PROGRESS] INFO:  + Download	- 0.50 MiB/s (raw) / 0.57 MiB/s (decompressed)
[PROGRESS] INFO:  + Disk	- 0.00 MiB/s (write) / 0.00 MiB/s (read)
[PROGRESS] INFO: = Progress: 26.90 4788238917/17802455739, Running for: 00:15:02, ETA: 00:40:51
[PROGRESS] INFO: = Downloaded: 3515.75 MiB, Written: 4566.42 MiB
[PROGRESS] INFO:  + Download	- 0.50 MiB/s (raw) / 0.55 MiB/s (decompressed)
[PROGRESS] INFO:  + Disk	- 0.00 MiB/s (write) / 0.00 MiB/s (read)
[PROGRESS] INFO: = Progress: 27.42 4881418582/17802455739, Running for: 00:15:03, ETA: 00:39:51
[PROGRESS] INFO: = Downloaded: 3525.36 MiB, Written: 4655.28 MiB
[PROGRESS] INFO:  + Download	- 19.17 MiB/s (raw) / 21.61 MiB/s (decompressed)
[PROGRESS] INFO:  + Disk	- 63.81 MiB/s (write) / 0.00 MiB/s (read)
[PROGRESS] INFO: = Progress: 27.42 4881418582/17802455739, Running for: 00:15:04, ETA: 00:39:53
[PROGRESS] INFO: = Downloaded: 3525.36 MiB, Written: 4655.28 MiB
[PROGRESS] INFO:  + Download	- 0.50 MiB/s (raw) / 0.54 MiB/s (decompressed)
[PROGRESS] INFO:  + Disk	- 0.00 MiB/s (write) / 0.00 MiB/s (read)
[PROGRESS] INFO: = Progress: 27.70 4931573891/17802455739, Running for: 00:15:05, ETA: 00:39:23
[PROGRESS] INFO: = Downloaded: 3547.96 MiB, Written: 4703.12 MiB
[PROGRESS] INFO:  + Download	- 6.39 MiB/s (raw) / 7.26 MiB/s (decompressed)
[PROGRESS] INFO:  + Disk	- 46.97 MiB/s (write) / 0.00 MiB/s (read)
[PROGRESS] INFO: = Progress: 27.82 4952545411/17802455739, Running for: 00:15:06, ETA: 00:39:11
[PROGRESS] INFO: = Downloaded: 3557.00 MiB, Written: 4723.12 MiB
[PROGRESS] INFO:  + Download	- 0.91 MiB/s (raw) / 1.13 MiB/s (decompressed)
[PROGRESS] INFO:  + Disk	- 18.14 MiB/s (write) / 0.00 MiB/s (read)
[PROGRESS] INFO: = Progress: 27.82 4952545411/17802455739, Running for: 00:15:07, ETA: 00:39:14
[PROGRESS] INFO: = Downloaded: 3557.00 MiB, Written: 4723.12 MiB
[PROGRESS] INFO:  + Download	- 0.04 MiB/s (raw) / 0.05 MiB/s (decompressed)
[PROGRESS] INFO:  + Disk	- 0.00 MiB/s (write) / 0.00 MiB/s (read)
[PROGRESS] INFO: = Progress: 27.82 4952545411/17802455739, Running for: 00:15:08, ETA: 00:39:17
[PROGRESS] INFO: = Downloaded: 3575.05 MiB, Written: 4723.12 MiB
[PROGRESS] INFO:  + Download	- 0.06 MiB/s (raw) / 0.07 MiB/s (decompressed)
[PROGRESS] INFO:  + Disk	- 0.00 MiB/s (write) / 0.00 MiB/s (read)
[PROGRESS] INFO: = Progress: 28.11 5004974211/17802455739, Running for: 00:15:10, ETA: 00:38:47
[PROGRESS] INFO: = Downloaded: 3593.12 MiB, Written: 4773.12 MiB
[PROGRESS] INFO:  + Download	- 1.25 MiB/s (raw) / 1.58 MiB/s (decompressed)
[PROGRESS] INFO:  + Disk	- 29.90 MiB/s (write) / 0.00 MiB/s (read)
[PROGRESS] INFO: = Progress: 28.11 5004974211/17802455739, Running for: 00:15:11, ETA: 00:38:49
[PROGRESS] INFO: = Downloaded: 3593.12 MiB, Written: 4773.12 MiB
[PROGRESS] INFO:  + Download	- 0.03 MiB/s (raw) / 0.04 MiB/s (decompressed)
[PROGRESS] INFO:  + Disk	- 0.00 MiB/s (write) / 0.00 MiB/s (read)
[PROGRESS] INFO: = Progress: 28.11 5004974211/17802455739, Running for: 00:15:12, ETA: 00:38:52
[PROGRESS] INFO: = Downloaded: 3593.12 MiB, Written: 4773.12 MiB
[PROGRESS] INFO:  + Download	- 0.03 MiB/s (raw) / 0.04 MiB/s (decompressed)
[PROGRESS] INFO:  + Disk	- 0.00 MiB/s (write) / 0.00 MiB/s (read)
[PROGRESS] INFO: = Progress: 28.11 5004974211/17802455739, Running for: 00:15:13, ETA: 00:38:54
[PROGRESS] INFO: = Downloaded: 3593.12 MiB, Written: 4773.12 MiB
[PROGRESS] INFO:  + Download	- 0.03 MiB/s (raw) / 0.04 MiB/s (decompressed)
[PROGRESS] INFO:  + Disk	- 0.00 MiB/s (write) / 0.00 MiB/s (read)
[PROGRESS] INFO: = Progress: 28.11 5004974211/17802455739, Running for: 00:15:14, ETA: 00:38:57
[PROGRESS] INFO: = Downloaded: 3602.18 MiB, Written: 4773.12 MiB
[PROGRESS] INFO:  + Download	- 0.03 MiB/s (raw) / 0.04 MiB/s (decompressed)
[PROGRESS] INFO:  + Disk	- 0.00 MiB/s (write) / 0.00 MiB/s (read)
[PROGRESS] INFO: = Progress: 28.23 5025945731/17802455739, Running for: 00:15:16, ETA: 00:38:48
[PROGRESS] INFO: = Downloaded: 3628.22 MiB, Written: 4793.12 MiB
[PROGRESS] INFO:  + Download	- 0.30 MiB/s (raw) / 0.39 MiB/s (decompressed)
[PROGRESS] INFO:  + Disk	- 10.10 MiB/s (write) / 0.00 MiB/s (read)
[PROGRESS] INFO: = Progress: 28.23 5025945731/17802455739, Running for: 00:15:17, ETA: 00:38:51
[PROGRESS] INFO: = Downloaded: 3628.22 MiB, Written: 4793.12 MiB
[PROGRESS] INFO:  + Download	- 0.03 MiB/s (raw) / 0.03 MiB/s (decompressed)
[PROGRESS] INFO:  + Disk	- 0.00 MiB/s (write) / 0.00 MiB/s (read)
[PROGRESS] INFO: = Progress: 28.23 5025945731/17802455739, Running for: 00:15:18, ETA: 00:38:54
[PROGRESS] INFO: = Downloaded: 3651.14 MiB, Written: 4793.12 MiB
[PROGRESS] INFO:  + Download	- 0.03 MiB/s (raw) / 0.04 MiB/s (decompressed)
[PROGRESS] INFO:  + Disk	- 0.00 MiB/s (write) / 0.00 MiB/s (read)
[PROGRESS] INFO: = Progress: 28.23 5025945731/17802455739, Running for: 00:15:19, ETA: 00:38:56
[PROGRESS] INFO: = Downloaded: 3651.14 MiB, Written: 4793.12 MiB
[PROGRESS] INFO:  + Download	- 0.03 MiB/s (raw) / 0.04 MiB/s (decompressed)
[PROGRESS] INFO:  + Disk	- 0.00 MiB/s (write) / 0.00 MiB/s (read)
[PROGRESS] INFO: = Progress: 28.59 5089310848/17802455739, Running for: 00:15:20, ETA: 00:38:20
[PROGRESS] INFO: = Downloaded: 3678.22 MiB, Written: 4853.55 MiB
[PROGRESS] INFO:  + Download	- 1.23 MiB/s (raw) / 1.58 MiB/s (decompressed)
[PROGRESS] INFO:  + Disk	- 33.89 MiB/s (write) / 0.00 MiB/s (read)
[PROGRESS] INFO: = Progress: 28.59 5089310848/17802455739, Running for: 00:15:21, ETA: 00:38:23
[PROGRESS] INFO: = Downloaded: 3678.22 MiB, Written: 4853.55 MiB
[PROGRESS] INFO:  + Download	- 0.03 MiB/s (raw) / 0.04 MiB/s (decompressed)
[PROGRESS] INFO:  + Disk	- 0.00 MiB/s (write) / 0.00 MiB/s (read)
[PROGRESS] INFO: = Progress: 28.59 5089310848/17802455739, Running for: 00:15:22, ETA: 00:38:25
[PROGRESS] INFO: = Downloaded: 3680.81 MiB, Written: 4853.55 MiB
[PROGRESS] INFO:  + Download	- 0.03 MiB/s (raw) / 0.04 MiB/s (decompressed)
[PROGRESS] INFO:  + Disk	- 0.00 MiB/s (write) / 0.00 MiB/s (read)
[PROGRESS] INFO: = Progress: 28.59 5089310848/17802455739, Running for: 00:15:23, ETA: 00:38:28
[PROGRESS] INFO: = Downloaded: 3693.20 MiB, Written: 4853.55 MiB
[PROGRESS] INFO:  + Download	- 0.03 MiB/s (raw) / 0.05 MiB/s (decompressed)
[PROGRESS] INFO:  + Disk	- 0.00 MiB/s (write) / 0.00 MiB/s (read)
[PROGRESS] INFO: = Progress: 28.59 5089310848/17802455739, Running for: 00:15:24, ETA: 00:38:30
[PROGRESS] INFO: = Downloaded: 3693.20 MiB, Written: 4853.55 MiB
[PROGRESS] INFO:  + Download	- 0.10 MiB/s (raw) / 0.12 MiB/s (decompressed)
[PROGRESS] INFO:  + Disk	- 0.00 MiB/s (write) / 0.00 MiB/s (read)
[PROGRESS] INFO: = Progress: 28.71 5110282368/17802455739, Running for: 00:15:26, ETA: 00:38:20
[PROGRESS] INFO: = Downloaded: 3702.29 MiB, Written: 4873.55 MiB
[PROGRESS] INFO:  + Download	- 1.81 MiB/s (raw) / 2.18 MiB/s (decompressed)
[PROGRESS] INFO:  + Disk	- 16.16 MiB/s (write) / 0.00 MiB/s (read)
[PROGRESS] INFO: = Progress: 28.71 5110282368/17802455739, Running for: 00:15:27, ETA: 00:38:22
[PROGRESS] INFO: = Downloaded: 3705.95 MiB, Written: 4873.55 MiB
[PROGRESS] INFO:  + Download	- 0.10 MiB/s (raw) / 0.13 MiB/s (decompressed)
[PROGRESS] INFO:  + Disk	- 0.00 MiB/s (write) / 0.00 MiB/s (read)
[PROGRESS] INFO: = Progress: 28.71 5110282368/17802455739, Running for: 00:15:28, ETA: 00:38:25
[PROGRESS] INFO: = Downloaded: 3705.95 MiB, Written: 4873.55 MiB
[PROGRESS] INFO:  + Download	- 0.25 MiB/s (raw) / 0.28 MiB/s (decompressed)
[PROGRESS] INFO:  + Disk	- 0.00 MiB/s (write) / 0.00 MiB/s (read)
[PROGRESS] INFO: = Progress: 28.71 5110282368/17802455739, Running for: 00:15:29, ETA: 00:38:27
[PROGRESS] INFO: = Downloaded: 3715.26 MiB, Written: 4873.55 MiB
[PROGRESS] INFO:  + Download	- 0.25 MiB/s (raw) / 0.28 MiB/s (decompressed)
[PROGRESS] INFO:  + Disk	- 0.00 MiB/s (write) / 0.00 MiB/s (read)
[PROGRESS] INFO: = Progress: 28.71 5110282368/17802455739, Running for: 00:15:30, ETA: 00:38:30
[PROGRESS] INFO: = Downloaded: 3715.26 MiB, Written: 4873.55 MiB
[PROGRESS] INFO:  + Download	- 0.04 MiB/s (raw) / 0.05 MiB/s (decompressed)
[PROGRESS] INFO:  + Disk	- 0.00 MiB/s (write) / 0.00 MiB/s (read)
[PROGRESS] INFO: = Progress: 28.71 5110282368/17802455739, Running for: 00:15:31, ETA: 00:38:32
[PROGRESS] INFO: = Downloaded: 3715.26 MiB, Written: 4873.55 MiB
[PROGRESS] INFO:  + Download	- 0.22 MiB/s (raw) / 0.25 MiB/s (decompressed)
[PROGRESS] INFO:  + Disk	- 0.00 MiB/s (write) / 0.00 MiB/s (read)
[PROGRESS] INFO: = Progress: 28.71 5110282368/17802455739, Running for: 00:15:32, ETA: 00:38:35
[PROGRESS] INFO: = Downloaded: 3715.26 MiB, Written: 4873.55 MiB
[PROGRESS] INFO:  + Download	- 0.21 MiB/s (raw) / 0.24 MiB/s (decompressed)
[PROGRESS] INFO:  + Disk	- 0.00 MiB/s (write) / 0.00 MiB/s (read)
[PROGRESS] INFO: = Progress: 28.71 5110282368/17802455739, Running for: 00:15:33, ETA: 00:38:37
[PROGRESS] INFO: = Downloaded: 3715.26 MiB, Written: 4873.55 MiB
[PROGRESS] INFO:  + Download	- 0.26 MiB/s (raw) / 0.29 MiB/s (decompressed)
[PROGRESS] INFO:  + Disk	- 0.00 MiB/s (write) / 0.00 MiB/s (read)
[PROGRESS] INFO: = Progress: 28.71 5110282368/17802455739, Running for: 00:15:34, ETA: 00:38:40
[PROGRESS] INFO: = Downloaded: 3715.26 MiB, Written: 4873.55 MiB
[PROGRESS] INFO:  + Download	- 0.19 MiB/s (raw) / 0.23 MiB/s (decompressed)
[PROGRESS] INFO:  + Disk	- 0.00 MiB/s (write) / 0.00 MiB/s (read)
[PROGRESS] INFO: = Progress: 28.71 5110282368/17802455739, Running for: 00:15:35, ETA: 00:38:42
[PROGRESS] INFO: = Downloaded: 3724.32 MiB, Written: 4873.55 MiB
[PROGRESS] INFO:  + Download	- 0.19 MiB/s (raw) / 0.22 MiB/s (decompressed)
[PROGRESS] INFO:  + Disk	- 0.00 MiB/s (write) / 0.00 MiB/s (read)
[PROGRESS] INFO: = Progress: 28.71 5110282368/17802455739, Running for: 00:15:36, ETA: 00:38:45
[PROGRESS] INFO: = Downloaded: 3724.32 MiB, Written: 4873.55 MiB
[PROGRESS] INFO:  + Download	- 0.10 MiB/s (raw) / 0.12 MiB/s (decompressed)
[PROGRESS] INFO:  + Disk	- 0.00 MiB/s (write) / 0.00 MiB/s (read)
[PROGRESS] INFO: = Progress: 28.71 5110282368/17802455739, Running for: 00:15:37, ETA: 00:38:47
[PROGRESS] INFO: = Downloaded: 3748.85 MiB, Written: 4873.55 MiB
[PROGRESS] INFO:  + Download	- 0.18 MiB/s (raw) / 0.22 MiB/s (decompressed)
[PROGRESS] INFO:  + Disk	- 0.00 MiB/s (write) / 0.00 MiB/s (read)
[PROGRESS] INFO: = Progress: 28.71 5110282368/17802455739, Running for: 00:15:38, ETA: 00:38:50
[PROGRESS] INFO: = Downloaded: 3748.85 MiB, Written: 4873.55 MiB
[PROGRESS] INFO:  + Download	- 0.09 MiB/s (raw) / 0.11 MiB/s (decompressed)
[PROGRESS] INFO:  + Disk	- 0.00 MiB/s (write) / 0.00 MiB/s (read)
[PROGRESS] INFO: = Progress: 28.71 5110282368/17802455739, Running for: 00:15:39, ETA: 00:38:52
[PROGRESS] INFO: = Downloaded: 3748.85 MiB, Written: 4873.55 MiB
[PROGRESS] INFO:  + Download	- 0.15 MiB/s (raw) / 0.18 MiB/s (decompressed)
[PROGRESS] INFO:  + Disk	- 0.00 MiB/s (write) / 0.00 MiB/s (read)
[PROGRESS] INFO: = Progress: 28.71 5110282368/17802455739, Running for: 00:15:40, ETA: 00:38:55
[PROGRESS] INFO: = Downloaded: 3748.85 MiB, Written: 4873.55 MiB
[PROGRESS] INFO:  + Download	- 0.24 MiB/s (raw) / 0.27 MiB/s (decompressed)
[PROGRESS] INFO:  + Disk	- 0.00 MiB/s (write) / 0.00 MiB/s (read)
[PROGRESS] INFO: = Progress: 29.23 5203194382/17802455739, Running for: 00:15:41, ETA: 00:37:59
[PROGRESS] INFO: = Downloaded: 3771.53 MiB, Written: 4962.15 MiB
[PROGRESS] INFO:  + Download	- 29.95 MiB/s (raw) / 33.50 MiB/s (decompressed)
[PROGRESS] INFO:  + Disk	- 71.26 MiB/s (write) / 0.00 MiB/s (read)
[PROGRESS] INFO: = Progress: 29.23 5203194382/17802455739, Running for: 00:15:42, ETA: 00:38:02
[PROGRESS] INFO: = Downloaded: 3771.53 MiB, Written: 4962.15 MiB
[PROGRESS] INFO:  + Download	- 0.50 MiB/s (raw) / 0.56 MiB/s (decompressed)
[PROGRESS] INFO:  + Disk	- 0.00 MiB/s (write) / 0.00 MiB/s (read)
[PROGRESS] INFO: = Progress: 29.23 5203194382/17802455739, Running for: 00:15:43, ETA: 00:38:04
[PROGRESS] INFO: = Downloaded: 3771.53 MiB, Written: 4962.15 MiB
[PROGRESS] INFO:  + Download	- 0.50 MiB/s (raw) / 0.54 MiB/s (decompressed)
[PROGRESS] INFO:  + Disk	- 0.00 MiB/s (write) / 0.00 MiB/s (read)
[PROGRESS] INFO: = Progress: 29.23 5203194382/17802455739, Running for: 00:15:44, ETA: 00:38:06
[PROGRESS] INFO: = Downloaded: 3771.53 MiB, Written: 4962.15 MiB
[PROGRESS] INFO:  + Download	- 0.50 MiB/s (raw) / 0.54 MiB/s (decompressed)
[PROGRESS] INFO:  + Disk	- 0.00 MiB/s (write) / 0.00 MiB/s (read)
[PROGRESS] INFO: = Progress: 29.23 5203194382/17802455739, Running for: 00:15:45, ETA: 00:38:09
[PROGRESS] INFO: = Downloaded: 3771.53 MiB, Written: 4962.15 MiB
[PROGRESS] INFO:  + Download	- 0.50 MiB/s (raw) / 0.52 MiB/s (decompressed)
[PROGRESS] INFO:  + Disk	- 0.00 MiB/s (write) / 0.00 MiB/s (read)
[PROGRESS] INFO: = Progress: 29.23 5203194382/17802455739, Running for: 00:15:46, ETA: 00:38:11
[PROGRESS] INFO: = Downloaded: 3771.53 MiB, Written: 4962.15 MiB
[PROGRESS] INFO:  + Download	- 0.50 MiB/s (raw) / 0.56 MiB/s (decompressed)
[PROGRESS] INFO:  + Disk	- 0.00 MiB/s (write) / 0.00 MiB/s (read)
[PROGRESS] INFO: = Progress: 29.23 5203194382/17802455739, Running for: 00:15:47, ETA: 00:38:14
[PROGRESS] INFO: = Downloaded: 3771.53 MiB, Written: 4962.15 MiB
[PROGRESS] INFO:  + Download	- 0.50 MiB/s (raw) / 0.56 MiB/s (decompressed)
[PROGRESS] INFO:  + Disk	- 0.00 MiB/s (write) / 0.00 MiB/s (read)
[PROGRESS] INFO: = Progress: 29.23 5203194382/17802455739, Running for: 00:15:48, ETA: 00:38:16
[PROGRESS] INFO: = Downloaded: 3771.53 MiB, Written: 4962.15 MiB
[PROGRESS] INFO:  + Download	- 0.50 MiB/s (raw) / 0.53 MiB/s (decompressed)
[PROGRESS] INFO:  + Disk	- 0.00 MiB/s (write) / 0.00 MiB/s (read)
[PROGRESS] INFO: = Progress: 29.23 5203194382/17802455739, Running for: 00:15:49, ETA: 00:38:19
[PROGRESS] INFO: = Downloaded: 3771.53 MiB, Written: 4962.15 MiB
[PROGRESS] INFO:  + Download	- 0.50 MiB/s (raw) / 0.56 MiB/s (decompressed)
[PROGRESS] INFO:  + Disk	- 0.00 MiB/s (write) / 0.00 MiB/s (read)
[PROGRESS] INFO: = Progress: 29.23 5203194382/17802455739, Running for: 00:15:50, ETA: 00:38:21
[PROGRESS] INFO: = Downloaded: 3771.53 MiB, Written: 4962.15 MiB
[PROGRESS] INFO:  + Download	- 0.50 MiB/s (raw) / 0.52 MiB/s (decompressed)
[PROGRESS] INFO:  + Disk	- 0.00 MiB/s (write) / 0.00 MiB/s (read)
[PROGRESS] INFO: = Progress: 29.23 5203194382/17802455739, Running for: 00:15:51, ETA: 00:38:23
[PROGRESS] INFO: = Downloaded: 3771.53 MiB, Written: 4962.15 MiB
[PROGRESS] INFO:  + Download	- 0.50 MiB/s (raw) / 0.54 MiB/s (decompressed)
[PROGRESS] INFO:  + Disk	- 0.00 MiB/s (write) / 0.00 MiB/s (read)
[PROGRESS] INFO: = Progress: 29.23 5203194382/17802455739, Running for: 00:15:52, ETA: 00:38:26
[PROGRESS] INFO: = Downloaded: 3783.93 MiB, Written: 4962.15 MiB
[PROGRESS] INFO:  + Download	- 0.50 MiB/s (raw) / 0.54 MiB/s (decompressed)
[PROGRESS] INFO:  + Disk	- 0.00 MiB/s (write) / 0.00 MiB/s (read)
[PROGRESS] INFO: = Progress: 29.31 5217172209/17802455739, Running for: 00:15:54, ETA: 00:38:21
[PROGRESS] INFO: = Downloaded: 3806.40 MiB, Written: 4975.48 MiB
[PROGRESS] INFO:  + Download	- 4.66 MiB/s (raw) / 5.04 MiB/s (decompressed)
[PROGRESS] INFO:  + Disk	- 8.28 MiB/s (write) / 0.00 MiB/s (read)
[PROGRESS] INFO: = Progress: 29.62 5272677995/17802455739, Running for: 00:15:55, ETA: 00:37:51
[PROGRESS] INFO: = Downloaded: 3831.39 MiB, Written: 5028.42 MiB
[PROGRESS] INFO:  + Download	- 17.31 MiB/s (raw) / 18.65 MiB/s (decompressed)
[PROGRESS] INFO:  + Disk	- 33.48 MiB/s (write) / 0.00 MiB/s (read)
[PROGRESS] INFO: = Progress: 29.81 5307292143/17802455739, Running for: 00:15:57, ETA: 00:37:33
[PROGRESS] INFO: = Downloaded: 3859.41 MiB, Written: 5061.43 MiB
[PROGRESS] INFO:  + Download	- 10.45 MiB/s (raw) / 11.43 MiB/s (decompressed)
[PROGRESS] INFO:  + Disk	- 20.65 MiB/s (write) / 0.00 MiB/s (read)
[PROGRESS] INFO: = Progress: 29.92 5325705343/17802455739, Running for: 00:15:58, ETA: 00:37:26
[PROGRESS] INFO: = Downloaded: 3905.34 MiB, Written: 5078.99 MiB
[PROGRESS] INFO:  + Download	- 6.17 MiB/s (raw) / 6.92 MiB/s (decompressed)
[PROGRESS] INFO:  + Disk	- 12.05 MiB/s (write) / 0.00 MiB/s (read)
[PROGRESS] INFO: = Progress: 30.44 5419370946/17802455739, Running for: 00:16:00, ETA: 00:36:34
[PROGRESS] INFO: = Downloaded: 3973.99 MiB, Written: 5168.31 MiB
[PROGRESS] INFO:  + Download	- 27.50 MiB/s (raw) / 30.04 MiB/s (decompressed)
[PROGRESS] INFO:  + Disk	- 53.82 MiB/s (write) / 0.00 MiB/s (read)
[PROGRESS] INFO: = Progress: 30.55 5439411596/17802455739, Running for: 00:16:01, ETA: 00:36:25
[PROGRESS] INFO: = Downloaded: 3983.38 MiB, Written: 5187.43 MiB
[PROGRESS] INFO:  + Download	- 9.61 MiB/s (raw) / 10.61 MiB/s (decompressed)
[PROGRESS] INFO:  + Disk	- 17.41 MiB/s (write) / 0.00 MiB/s (read)
[PROGRESS] INFO: = Progress: 30.55 5439411596/17802455739, Running for: 00:16:02, ETA: 00:36:27
[PROGRESS] INFO: = Downloaded: 4002.10 MiB, Written: 5187.43 MiB
[PROGRESS] INFO:  + Download	- 0.50 MiB/s (raw) / 0.54 MiB/s (decompressed)
[PROGRESS] INFO:  + Disk	- 0.00 MiB/s (write) / 0.00 MiB/s (read)
[PROGRESS] INFO: = Progress: 30.55 5439411596/17802455739, Running for: 00:16:03, ETA: 00:36:29
[PROGRESS] INFO: = Downloaded: 4035.78 MiB, Written: 5187.43 MiB
[PROGRESS] INFO:  + Download	- 0.50 MiB/s (raw) / 0.52 MiB/s (decompressed)
[PROGRESS] INFO:  + Disk	- 0.00 MiB/s (write) / 0.00 MiB/s (read)
[PROGRESS] INFO: = Progress: 30.55 5439411596/17802455739, Running for: 00:16:04, ETA: 00:36:32
[PROGRESS] INFO: = Downloaded: 4046.87 MiB, Written: 5187.43 MiB
[PROGRESS] INFO:  + Download	- 0.50 MiB/s (raw) / 0.56 MiB/s (decompressed)
[PROGRESS] INFO:  + Disk	- 0.00 MiB/s (write) / 0.00 MiB/s (read)
[PROGRESS] INFO: = Progress: 30.55 5439411596/17802455739, Running for: 00:16:05, ETA: 00:36:34
[PROGRESS] INFO: = Downloaded: 4085.98 MiB, Written: 5187.43 MiB
[PROGRESS] INFO:  + Download	- 0.50 MiB/s (raw) / 0.53 MiB/s (decompressed)
[PROGRESS] INFO:  + Disk	- 0.00 MiB/s (write) / 0.00 MiB/s (read)
[PROGRESS] INFO: = Progress: 30.55 5439411596/17802455739, Running for: 00:16:06, ETA: 00:36:36
[PROGRESS] INFO: = Downloaded: 4114.08 MiB, Written: 5187.43 MiB
[PROGRESS] INFO:  + Download	- 0.50 MiB/s (raw) / 0.55 MiB/s (decompressed)
[PROGRESS] INFO:  + Disk	- 0.00 MiB/s (write) / 0.00 MiB/s (read)
[PROGRESS] INFO: = Progress: 30.55 5439411596/17802455739, Running for: 00:16:07, ETA: 00:36:39
[PROGRESS] INFO: = Downloaded: 4114.08 MiB, Written: 5187.43 MiB
[PROGRESS] INFO:  + Download	- 0.50 MiB/s (raw) / 0.53 MiB/s (decompressed)
[PROGRESS] INFO:  + Disk	- 0.00 MiB/s (write) / 0.00 MiB/s (read)
[PROGRESS] INFO: = Progress: 30.55 5439411596/17802455739, Running for: 00:16:08, ETA: 00:36:41
[PROGRESS] INFO: = Downloaded: 4132.72 MiB, Written: 5187.43 MiB
[PROGRESS] INFO:  + Download	- 0.50 MiB/s (raw) / 0.55 MiB/s (decompressed)
[PROGRESS] INFO:  + Disk	- 0.00 MiB/s (write) / 0.00 MiB/s (read)
[PROGRESS] INFO: = Progress: 30.55 5439411596/17802455739, Running for: 00:16:09, ETA: 00:36:43
[PROGRESS] INFO: = Downloaded: 4162.50 MiB, Written: 5187.43 MiB
[PROGRESS] INFO:  + Download	- 0.50 MiB/s (raw) / 0.55 MiB/s (decompressed)
[PROGRESS] INFO:  + Disk	- 0.00 MiB/s (write) / 0.00 MiB/s (read)
[PROGRESS] INFO: = Progress: 30.55 5439411596/17802455739, Running for: 00:16:10, ETA: 00:36:45
[PROGRESS] INFO: = Downloaded: 4178.85 MiB, Written: 5187.43 MiB
[PROGRESS] INFO:  + Download	- 0.50 MiB/s (raw) / 0.55 MiB/s (decompressed)
[PROGRESS] INFO:  + Disk	- 0.00 MiB/s (write) / 0.00 MiB/s (read)
[PROGRESS] INFO: = Progress: 30.55 5439411596/17802455739, Running for: 00:16:11, ETA: 00:36:48
[PROGRESS] INFO: = Downloaded: 4184.38 MiB, Written: 5187.43 MiB
[PROGRESS] INFO:  + Download	- 0.50 MiB/s (raw) / 0.53 MiB/s (decompressed)
[PROGRESS] INFO:  + Disk	- 0.00 MiB/s (write) / 0.00 MiB/s (read)
[PROGRESS] INFO: = Progress: 30.55 5439411596/17802455739, Running for: 00:16:12, ETA: 00:36:50
[PROGRESS] INFO: = Downloaded: 4193.83 MiB, Written: 5187.43 MiB
[PROGRESS] INFO:  + Download	- 0.50 MiB/s (raw) / 0.55 MiB/s (decompressed)
[PROGRESS] INFO:  + Disk	- 0.00 MiB/s (write) / 0.00 MiB/s (read)
[PROGRESS] INFO: = Progress: 30.55 5439411596/17802455739, Running for: 00:16:13, ETA: 00:36:52
[PROGRESS] INFO: = Downloaded: 4193.83 MiB, Written: 5187.43 MiB
[PROGRESS] INFO:  + Download	- 0.50 MiB/s (raw) / 0.60 MiB/s (decompressed)
[PROGRESS] INFO:  + Disk	- 0.00 MiB/s (write) / 0.00 MiB/s (read)
[PROGRESS] INFO: = Progress: 31.76 5654677621/17802455739, Running for: 00:16:15, ETA: 00:34:55
[PROGRESS] INFO: = Downloaded: 4237.68 MiB, Written: 5392.72 MiB
[PROGRESS] INFO:  + Download	- 60.26 MiB/s (raw) / 66.86 MiB/s (decompressed)
[PROGRESS] INFO:  + Disk	- 120.21 MiB/s (write) / 0.00 MiB/s (read)
[PROGRESS] INFO: = Progress: 31.76 5654677621/17802455739, Running for: 00:16:16, ETA: 00:34:57
[PROGRESS] INFO: = Downloaded: 4237.68 MiB, Written: 5392.72 MiB
[PROGRESS] INFO:  + Download	- 0.50 MiB/s (raw) / 0.66 MiB/s (decompressed)
[PROGRESS] INFO:  + Disk	- 0.00 MiB/s (write) / 0.00 MiB/s (read)
[PROGRESS] INFO: = Progress: 31.76 5654677621/17802455739, Running for: 00:16:17, ETA: 00:34:59
[PROGRESS] INFO: = Downloaded: 4257.44 MiB, Written: 5392.72 MiB
[PROGRESS] INFO:  + Download	- 0.50 MiB/s (raw) / 0.56 MiB/s (decompressed)
[PROGRESS] INFO:  + Disk	- 0.00 MiB/s (write) / 0.00 MiB/s (read)
[PROGRESS] INFO: = Progress: 31.76 5654677621/17802455739, Running for: 00:16:18, ETA: 00:35:01
[PROGRESS] INFO: = Downloaded: 4257.44 MiB, Written: 5392.72 MiB
[PROGRESS] INFO:  + Download	- 0.50 MiB/s (raw) / 0.57 MiB/s (decompressed)
[PROGRESS] INFO:  + Disk	- 0.00 MiB/s (write) / 0.00 MiB/s (read)
[PROGRESS] INFO: = Progress: 31.76 5654677621/17802455739, Running for: 00:16:19, ETA: 00:35:03
[PROGRESS] INFO: = Downloaded: 4257.44 MiB, Written: 5392.72 MiB
[PROGRESS] INFO:  + Download	- 0.50 MiB/s (raw) / 0.59 MiB/s (decompressed)
[PROGRESS] INFO:  + Disk	- 0.00 MiB/s (write) / 0.00 MiB/s (read)
[PROGRESS] INFO: = Progress: 31.76 5654677621/17802455739, Running for: 00:16:20, ETA: 00:35:05
[PROGRESS] INFO: = Downloaded: 4257.44 MiB, Written: 5392.72 MiB
[PROGRESS] INFO:  + Download	- 0.50 MiB/s (raw) / 0.54 MiB/s (decompressed)
[PROGRESS] INFO:  + Disk	- 0.00 MiB/s (write) / 0.00 MiB/s (read)
[PROGRESS] INFO: = Progress: 31.76 5654677621/17802455739, Running for: 00:16:21, ETA: 00:35:07
[PROGRESS] INFO: = Downloaded: 4266.43 MiB, Written: 5392.72 MiB
[PROGRESS] INFO:  + Download	- 0.50 MiB/s (raw) / 0.59 MiB/s (decompressed)
[PROGRESS] INFO:  + Disk	- 0.00 MiB/s (write) / 0.00 MiB/s (read)
[PROGRESS] INFO: = Progress: 31.91 5680880027/17802455739, Running for: 00:16:22, ETA: 00:34:55
[PROGRESS] INFO: = Downloaded: 4279.97 MiB, Written: 5417.71 MiB
[PROGRESS] INFO:  + Download	- 12.41 MiB/s (raw) / 14.11 MiB/s (decompressed)
[PROGRESS] INFO:  + Disk	- 25.98 MiB/s (write) / 0.00 MiB/s (read)
[PROGRESS] INFO: = Progress: 32.53 5790603483/17802455739, Running for: 00:16:23, ETA: 00:33:59
[PROGRESS] INFO: = Downloaded: 4306.80 MiB, Written: 5522.35 MiB
[PROGRESS] INFO:  + Download	- 51.04 MiB/s (raw) / 56.00 MiB/s (decompressed)
[PROGRESS] INFO:  + Disk	- 95.43 MiB/s (write) / 0.00 MiB/s (read)
[PROGRESS] INFO: = Progress: 32.53 5790603483/17802455739, Running for: 00:16:24, ETA: 00:34:01
[PROGRESS] INFO: = Downloaded: 4306.80 MiB, Written: 5522.35 MiB
[PROGRESS] INFO:  + Download	- 0.50 MiB/s (raw) / 0.54 MiB/s (decompressed)
[PROGRESS] INFO:  + Disk	- 0.00 MiB/s (write) / 0.00 MiB/s (read)
[PROGRESS] INFO: = Progress: 32.53 5790603483/17802455739, Running for: 00:16:25, ETA: 00:34:03
[PROGRESS] INFO: = Downloaded: 4306.80 MiB, Written: 5522.35 MiB
[PROGRESS] INFO:  + Download	- 0.50 MiB/s (raw) / 0.52 MiB/s (decompressed)
[PROGRESS] INFO:  + Disk	- 0.00 MiB/s (write) / 0.00 MiB/s (read)
[PROGRESS] INFO: = Progress: 32.53 5790603483/17802455739, Running for: 00:16:26, ETA: 00:34:06
[PROGRESS] INFO: = Downloaded: 4306.80 MiB, Written: 5522.35 MiB
[PROGRESS] INFO:  + Download	- 0.50 MiB/s (raw) / 0.54 MiB/s (decompressed)
[PROGRESS] INFO:  + Disk	- 0.00 MiB/s (write) / 0.00 MiB/s (read)
[PROGRESS] INFO: = Progress: 32.53 5790603483/17802455739, Running for: 00:16:27, ETA: 00:34:08
[PROGRESS] INFO: = Downloaded: 4306.80 MiB, Written: 5522.35 MiB
[PROGRESS] INFO:  + Download	- 0.50 MiB/s (raw) / 0.58 MiB/s (decompressed)
[PROGRESS] INFO:  + Disk	- 0.00 MiB/s (write) / 0.00 MiB/s (read)
[PROGRESS] INFO: = Progress: 32.53 5790603483/17802455739, Running for: 00:16:28, ETA: 00:34:10
[PROGRESS] INFO: = Downloaded: 4315.80 MiB, Written: 5522.35 MiB
[PROGRESS] INFO:  + Download	- 0.50 MiB/s (raw) / 0.53 MiB/s (decompressed)
[PROGRESS] INFO:  + Disk	- 0.00 MiB/s (write) / 0.00 MiB/s (read)
[PROGRESS] INFO: = Progress: 32.53 5790603483/17802455739, Running for: 00:16:29, ETA: 00:34:12
[PROGRESS] INFO: = Downloaded: 4315.80 MiB, Written: 5522.35 MiB
[PROGRESS] INFO:  + Download	- 0.50 MiB/s (raw) / 0.53 MiB/s (decompressed)
[PROGRESS] INFO:  + Disk	- 0.00 MiB/s (write) / 0.00 MiB/s (read)
[PROGRESS] INFO: = Progress: 32.53 5790603483/17802455739, Running for: 00:16:30, ETA: 00:34:14
[PROGRESS] INFO: = Downloaded: 4315.80 MiB, Written: 5522.35 MiB
[PROGRESS] INFO:  + Download	- 0.50 MiB/s (raw) / 0.59 MiB/s (decompressed)
[PROGRESS] INFO:  + Disk	- 0.00 MiB/s (write) / 0.00 MiB/s (read)
[PROGRESS] INFO: = Progress: 32.53 5790603483/17802455739, Running for: 00:16:31, ETA: 00:34:16
[PROGRESS] INFO: = Downloaded: 4329.79 MiB, Written: 5522.35 MiB
[PROGRESS] INFO:  + Download	- 0.50 MiB/s (raw) / 0.54 MiB/s (decompressed)
[PROGRESS] INFO:  + Disk	- 0.00 MiB/s (write) / 0.00 MiB/s (read)
[PROGRESS] INFO: = Progress: 32.53 5790603483/17802455739, Running for: 00:16:32, ETA: 00:34:18
[PROGRESS] INFO: = Downloaded: 4340.64 MiB, Written: 5522.35 MiB
[PROGRESS] INFO:  + Download	- 0.50 MiB/s (raw) / 0.57 MiB/s (decompressed)
[PROGRESS] INFO:  + Disk	- 0.00 MiB/s (write) / 0.00 MiB/s (read)
[PROGRESS] INFO: = Progress: 32.53 5790603483/17802455739, Running for: 00:16:33, ETA: 00:34:20
[PROGRESS] INFO: = Downloaded: 4353.82 MiB, Written: 5522.35 MiB
[PROGRESS] INFO:  + Download	- 0.50 MiB/s (raw) / 0.56 MiB/s (decompressed)
[PROGRESS] INFO:  + Disk	- 0.00 MiB/s (write) / 0.00 MiB/s (read)
[PROGRESS] INFO: = Progress: 32.53 5790603483/17802455739, Running for: 00:16:34, ETA: 00:34:22
[PROGRESS] INFO: = Downloaded: 4353.82 MiB, Written: 5522.35 MiB
[PROGRESS] INFO:  + Download	- 0.50 MiB/s (raw) / 0.60 MiB/s (decompressed)
[PROGRESS] INFO:  + Disk	- 0.00 MiB/s (write) / 0.00 MiB/s (read)
[PROGRESS] INFO: = Progress: 32.53 5790603483/17802455739, Running for: 00:16:35, ETA: 00:34:24
[PROGRESS] INFO: = Downloaded: 4353.82 MiB, Written: 5522.35 MiB
[PROGRESS] INFO:  + Download	- 0.50 MiB/s (raw) / 0.54 MiB/s (decompressed)
[PROGRESS] INFO:  + Disk	- 0.00 MiB/s (write) / 0.00 MiB/s (read)
[PROGRESS] INFO: = Progress: 32.53 5790603483/17802455739, Running for: 00:16:36, ETA: 00:34:26
[PROGRESS] INFO: = Downloaded: 4353.82 MiB, Written: 5522.35 MiB
[PROGRESS] INFO:  + Download	- 0.50 MiB/s (raw) / 0.53 MiB/s (decompressed)
[PROGRESS] INFO:  + Disk	- 0.00 MiB/s (write) / 0.00 MiB/s (read)
[PROGRESS] INFO: = Progress: 32.53 5790603483/17802455739, Running for: 00:16:37, ETA: 00:34:28
[PROGRESS] INFO: = Downloaded: 4353.82 MiB, Written: 5522.35 MiB
[PROGRESS] INFO:  + Download	- 0.50 MiB/s (raw) / 0.54 MiB/s (decompressed)
[PROGRESS] INFO:  + Disk	- 0.00 MiB/s (write) / 0.00 MiB/s (read)
[PROGRESS] INFO: = Progress: 32.53 5790603483/17802455739, Running for: 00:16:38, ETA: 00:34:30
[PROGRESS] INFO: = Downloaded: 4362.70 MiB, Written: 5522.35 MiB
[PROGRESS] INFO:  + Download	- 0.50 MiB/s (raw) / 0.58 MiB/s (decompressed)
[PROGRESS] INFO:  + Disk	- 0.00 MiB/s (write) / 0.00 MiB/s (read)
[PROGRESS] INFO: = Progress: 32.70 5821855015/17802455739, Running for: 00:16:39, ETA: 00:34:16
[PROGRESS] INFO: = Downloaded: 4388.65 MiB, Written: 5552.15 MiB
[PROGRESS] INFO:  + Download	- 13.06 MiB/s (raw) / 14.29 MiB/s (decompressed)
[PROGRESS] INFO:  + Disk	- 25.27 MiB/s (write) / 0.00 MiB/s (read)
[PROGRESS] INFO: = Progress: 32.70 5821855015/17802455739, Running for: 00:16:40, ETA: 00:34:18
[PROGRESS] INFO: = Downloaded: 4397.49 MiB, Written: 5552.15 MiB
[PROGRESS] INFO:  + Download	- 0.50 MiB/s (raw) / 0.53 MiB/s (decompressed)
[PROGRESS] INFO:  + Disk	- 0.00 MiB/s (write) / 0.00 MiB/s (read)
[PROGRESS] INFO: = Progress: 33.38 5942797153/17802455739, Running for: 00:16:42, ETA: 00:33:19
[PROGRESS] INFO: = Downloaded: 4419.73 MiB, Written: 5667.49 MiB
[PROGRESS] INFO:  + Download	- 37.75 MiB/s (raw) / 41.98 MiB/s (decompressed)
[PROGRESS] INFO:  + Disk	- 74.13 MiB/s (write) / 0.00 MiB/s (read)
[PROGRESS] INFO: = Progress: 33.38 5942797153/17802455739, Running for: 00:16:43, ETA: 00:33:21
[PROGRESS] INFO: = Downloaded: 4419.73 MiB, Written: 5667.49 MiB
[PROGRESS] INFO:  + Download	- 0.50 MiB/s (raw) / 0.54 MiB/s (decompressed)
[PROGRESS] INFO:  + Disk	- 0.00 MiB/s (write) / 0.00 MiB/s (read)
[PROGRESS] INFO: = Progress: 33.38 5942797153/17802455739, Running for: 00:16:44, ETA: 00:33:23
[PROGRESS] INFO: = Downloaded: 4419.73 MiB, Written: 5667.49 MiB
[PROGRESS] INFO:  + Download	- 0.50 MiB/s (raw) / 0.59 MiB/s (decompressed)
[PROGRESS] INFO:  + Disk	- 0.00 MiB/s (write) / 0.00 MiB/s (read)
[PROGRESS] INFO: = Progress: 33.38 5942797153/17802455739, Running for: 00:16:45, ETA: 00:33:25
[PROGRESS] INFO: = Downloaded: 4419.73 MiB, Written: 5667.49 MiB
[PROGRESS] INFO:  + Download	- 0.50 MiB/s (raw) / 0.53 MiB/s (decompressed)
[PROGRESS] INFO:  + Disk	- 0.00 MiB/s (write) / 0.00 MiB/s (read)
[PROGRESS] INFO: = Progress: 33.50 5963727201/17802455739, Running for: 00:16:46, ETA: 00:33:17
[PROGRESS] INFO: = Downloaded: 4437.64 MiB, Written: 5687.45 MiB
[PROGRESS] INFO:  + Download	- 10.05 MiB/s (raw) / 11.11 MiB/s (decompressed)
[PROGRESS] INFO:  + Disk	- 19.18 MiB/s (write) / 0.00 MiB/s (read)
[PROGRESS] INFO: = Progress: 33.50 5963727201/17802455739, Running for: 00:16:47, ETA: 00:33:19
[PROGRESS] INFO: = Downloaded: 4446.76 MiB, Written: 5687.45 MiB
[PROGRESS] INFO:  + Download	- 0.15 MiB/s (raw) / 0.16 MiB/s (decompressed)
[PROGRESS] INFO:  + Disk	- 0.00 MiB/s (write) / 0.00 MiB/s (read)
[PROGRESS] INFO: = Progress: 33.72 6003412930/17802455739, Running for: 00:16:48, ETA: 00:33:02
[PROGRESS] INFO: = Downloaded: 4462.79 MiB, Written: 5725.30 MiB
[PROGRESS] INFO:  + Download	- 9.43 MiB/s (raw) / 10.55 MiB/s (decompressed)
[PROGRESS] INFO:  + Disk	- 22.39 MiB/s (write) / 0.00 MiB/s (read)
[PROGRESS] INFO: = Progress: 33.72 6003412930/17802455739, Running for: 00:16:49, ETA: 00:33:04
[PROGRESS] INFO: = Downloaded: 4462.79 MiB, Written: 5725.30 MiB
[PROGRESS] INFO:  + Download	- 0.28 MiB/s (raw) / 0.34 MiB/s (decompressed)
[PROGRESS] INFO:  + Disk	- 0.00 MiB/s (write) / 0.00 MiB/s (read)
[PROGRESS] INFO: = Progress: 33.72 6003412930/17802455739, Running for: 00:16:50, ETA: 00:33:06
[PROGRESS] INFO: = Downloaded: 4462.79 MiB, Written: 5725.30 MiB
[PROGRESS] INFO:  + Download	- 0.24 MiB/s (raw) / 0.29 MiB/s (decompressed)
[PROGRESS] INFO:  + Disk	- 0.00 MiB/s (write) / 0.00 MiB/s (read)
[PROGRESS] INFO: = Progress: 33.86 6027023233/17802455739, Running for: 00:16:52, ETA: 00:32:58
[PROGRESS] INFO: = Downloaded: 4474.21 MiB, Written: 5747.82 MiB
[PROGRESS] INFO:  + Download	- 4.77 MiB/s (raw) / 5.46 MiB/s (decompressed)
[PROGRESS] INFO:  + Disk	- 11.84 MiB/s (write) / 0.00 MiB/s (read)
[PROGRESS] INFO: = Progress: 33.92 6038872006/17802455739, Running for: 00:16:54, ETA: 00:32:56
[PROGRESS] INFO: = Downloaded: 4484.65 MiB, Written: 5759.12 MiB
[PROGRESS] INFO:  + Download	- 2.60 MiB/s (raw) / 3.00 MiB/s (decompressed)
[PROGRESS] INFO:  + Disk	- 5.68 MiB/s (write) / 0.00 MiB/s (read)
[PROGRESS] INFO: = Progress: 33.92 6038872006/17802455739, Running for: 00:16:55, ETA: 00:32:58
[PROGRESS] INFO: = Downloaded: 4484.65 MiB, Written: 5759.12 MiB
[PROGRESS] INFO:  + Download	- 0.29 MiB/s (raw) / 0.35 MiB/s (decompressed)
[PROGRESS] INFO:  + Disk	- 0.00 MiB/s (write) / 0.00 MiB/s (read)
[PROGRESS] INFO: = Progress: 33.92 6038872006/17802455739, Running for: 00:16:56, ETA: 00:33:00
[PROGRESS] INFO: = Downloaded: 4493.83 MiB, Written: 5759.12 MiB
[PROGRESS] INFO:  + Download	- 0.27 MiB/s (raw) / 0.32 MiB/s (decompressed)
[PROGRESS] INFO:  + Disk	- 0.00 MiB/s (write) / 0.00 MiB/s (read)
[PROGRESS] INFO: = Progress: 34.04 6059843526/17802455739, Running for: 00:16:58, ETA: 00:32:53
[PROGRESS] INFO: = Downloaded: 4502.81 MiB, Written: 5779.12 MiB
[PROGRESS] INFO:  + Download	- 5.26 MiB/s (raw) / 6.02 MiB/s (decompressed)
[PROGRESS] INFO:  + Disk	- 12.94 MiB/s (write) / 0.00 MiB/s (read)
[PROGRESS] INFO: = Progress: 34.04 6059843526/17802455739, Running for: 00:16:59, ETA: 00:32:55
[PROGRESS] INFO: = Downloaded: 4511.58 MiB, Written: 5779.12 MiB
[PROGRESS] INFO:  + Download	- 0.23 MiB/s (raw) / 0.27 MiB/s (decompressed)
[PROGRESS] INFO:  + Disk	- 0.00 MiB/s (write) / 0.00 MiB/s (read)
[PROGRESS] INFO: = Progress: 34.04 6059843526/17802455739, Running for: 00:17:00, ETA: 00:32:57
[PROGRESS] INFO: = Downloaded: 4511.58 MiB, Written: 5779.12 MiB
[PROGRESS] INFO:  + Download	- 0.30 MiB/s (raw) / 0.35 MiB/s (decompressed)
[PROGRESS] INFO:  + Disk	- 0.00 MiB/s (write) / 0.00 MiB/s (read)
[PROGRESS] INFO: = Progress: 34.04 6059843526/17802455739, Running for: 00:17:01, ETA: 00:32:59
[PROGRESS] INFO: = Downloaded: 4531.27 MiB, Written: 5779.12 MiB
[PROGRESS] INFO:  + Download	- 0.27 MiB/s (raw) / 0.32 MiB/s (decompressed)
[PROGRESS] INFO:  + Disk	- 0.00 MiB/s (write) / 0.00 MiB/s (read)
[PROGRESS] INFO: = Progress: 34.25 6096793954/17802455739, Running for: 00:17:02, ETA: 00:32:43
[PROGRESS] INFO: = Downloaded: 4545.39 MiB, Written: 5814.36 MiB
[PROGRESS] INFO:  + Download	- 11.11 MiB/s (raw) / 12.41 MiB/s (decompressed)
[PROGRESS] INFO:  + Disk	- 24.37 MiB/s (write) / 0.00 MiB/s (read)
[PROGRESS] INFO: = Progress: 34.25 6096793954/17802455739, Running for: 00:17:03, ETA: 00:32:45
[PROGRESS] INFO: = Downloaded: 4554.47 MiB, Written: 5814.36 MiB
[PROGRESS] INFO:  + Download	- 0.30 MiB/s (raw) / 0.36 MiB/s (decompressed)
[PROGRESS] INFO:  + Disk	- 0.00 MiB/s (write) / 0.00 MiB/s (read)
[PROGRESS] INFO: = Progress: 34.25 6096793954/17802455739, Running for: 00:17:04, ETA: 00:32:47
[PROGRESS] INFO: = Downloaded: 4571.53 MiB, Written: 5814.36 MiB
[PROGRESS] INFO:  + Download	- 0.22 MiB/s (raw) / 0.27 MiB/s (decompressed)
[PROGRESS] INFO:  + Disk	- 0.00 MiB/s (write) / 0.00 MiB/s (read)
[PROGRESS] INFO: = Progress: 34.25 6096793954/17802455739, Running for: 00:17:05, ETA: 00:32:49
[PROGRESS] INFO: = Downloaded: 4571.53 MiB, Written: 5814.36 MiB
[PROGRESS] INFO:  + Download	- 0.24 MiB/s (raw) / 0.29 MiB/s (decompressed)
[PROGRESS] INFO:  + Disk	- 0.00 MiB/s (write) / 0.00 MiB/s (read)
[PROGRESS] INFO: = Progress: 34.43 6128711761/17802455739, Running for: 00:17:07, ETA: 00:32:36
[PROGRESS] INFO: = Downloaded: 4588.90 MiB, Written: 5844.79 MiB
[PROGRESS] INFO:  + Download	- 6.10 MiB/s (raw) / 7.22 MiB/s (decompressed)
[PROGRESS] INFO:  + Disk	- 20.62 MiB/s (write) / 0.00 MiB/s (read)
[PROGRESS] INFO: = Progress: 34.43 6128711761/17802455739, Running for: 00:17:08, ETA: 00:32:38
[PROGRESS] INFO: = Downloaded: 4588.90 MiB, Written: 5844.79 MiB
[PROGRESS] INFO:  + Download	- 0.27 MiB/s (raw) / 0.32 MiB/s (decompressed)
[PROGRESS] INFO:  + Disk	- 0.00 MiB/s (write) / 0.00 MiB/s (read)
[PROGRESS] INFO: = Progress: 34.43 6128711761/17802455739, Running for: 00:17:09, ETA: 00:32:40
[PROGRESS] INFO: = Downloaded: 4588.90 MiB, Written: 5844.79 MiB
[PROGRESS] INFO:  + Download	- 0.28 MiB/s (raw) / 0.33 MiB/s (decompressed)
[PROGRESS] INFO:  + Disk	- 0.00 MiB/s (write) / 0.00 MiB/s (read)
[PROGRESS] INFO: = Progress: 34.43 6128711761/17802455739, Running for: 00:17:10, ETA: 00:32:42
[PROGRESS] INFO: = Downloaded: 4601.33 MiB, Written: 5844.79 MiB
[PROGRESS] INFO:  + Download	- 0.28 MiB/s (raw) / 0.33 MiB/s (decompressed)
[PROGRESS] INFO:  + Disk	- 0.00 MiB/s (write) / 0.00 MiB/s (read)
[PROGRESS] INFO: = Progress: 34.53 6147461488/17802455739, Running for: 00:17:11, ETA: 00:32:36
[PROGRESS] INFO: = Downloaded: 4624.13 MiB, Written: 5862.68 MiB
[PROGRESS] INFO:  + Download	- 3.26 MiB/s (raw) / 3.85 MiB/s (decompressed)
[PROGRESS] INFO:  + Disk	- 11.14 MiB/s (write) / 0.00 MiB/s (read)
[PROGRESS] INFO: = Progress: 34.80 6196133357/17802455739, Running for: 00:17:13, ETA: 00:32:15
[PROGRESS] INFO: = Downloaded: 4640.00 MiB, Written: 5909.09 MiB
[PROGRESS] INFO:  + Download	- 11.03 MiB/s (raw) / 12.71 MiB/s (decompressed)
[PROGRESS] INFO:  + Disk	- 30.96 MiB/s (write) / 0.00 MiB/s (read)
[PROGRESS] INFO: = Progress: 34.80 6196133357/17802455739, Running for: 00:17:14, ETA: 00:32:17
[PROGRESS] INFO: = Downloaded: 4640.00 MiB, Written: 5909.09 MiB
[PROGRESS] INFO:  + Download	- 0.50 MiB/s (raw) / 0.55 MiB/s (decompressed)
[PROGRESS] INFO:  + Disk	- 0.00 MiB/s (write) / 0.00 MiB/s (read)
[PROGRESS] INFO: = Progress: 34.80 6196133357/17802455739, Running for: 00:17:15, ETA: 00:32:19
[PROGRESS] INFO: = Downloaded: 4648.92 MiB, Written: 5909.09 MiB
[PROGRESS] INFO:  + Download	- 0.50 MiB/s (raw) / 0.54 MiB/s (decompressed)
[PROGRESS] INFO:  + Disk	- 0.00 MiB/s (write) / 0.00 MiB/s (read)
[PROGRESS] INFO: = Progress: 34.80 6196133357/17802455739, Running for: 00:17:16, ETA: 00:32:21
[PROGRESS] INFO: = Downloaded: 4658.03 MiB, Written: 5909.09 MiB
[PROGRESS] INFO:  + Download	- 0.50 MiB/s (raw) / 0.55 MiB/s (decompressed)
[PROGRESS] INFO:  + Disk	- 0.00 MiB/s (write) / 0.00 MiB/s (read)
[PROGRESS] INFO: = Progress: 34.80 6196133357/17802455739, Running for: 00:17:17, ETA: 00:32:23
[PROGRESS] INFO: = Downloaded: 4668.52 MiB, Written: 5909.09 MiB
[PROGRESS] INFO:  + Download	- 0.50 MiB/s (raw) / 0.55 MiB/s (decompressed)
[PROGRESS] INFO:  + Disk	- 0.00 MiB/s (write) / 0.00 MiB/s (read)
[PROGRESS] INFO: = Progress: 34.80 6196133357/17802455739, Running for: 00:17:18, ETA: 00:32:24
[PROGRESS] INFO: = Downloaded: 4668.52 MiB, Written: 5909.09 MiB
[PROGRESS] INFO:  + Download	- 0.50 MiB/s (raw) / 0.55 MiB/s (decompressed)
[PROGRESS] INFO:  + Disk	- 0.00 MiB/s (write) / 0.00 MiB/s (read)
[PROGRESS] INFO: = Progress: 34.80 6196133357/17802455739, Running for: 00:17:19, ETA: 00:32:26
[PROGRESS] INFO: = Downloaded: 4668.52 MiB, Written: 5909.09 MiB
[PROGRESS] INFO:  + Download	- 0.50 MiB/s (raw) / 0.54 MiB/s (decompressed)
[PROGRESS] INFO:  + Disk	- 0.00 MiB/s (write) / 0.00 MiB/s (read)
[PROGRESS] INFO: = Progress: 34.80 6196133357/17802455739, Running for: 00:17:20, ETA: 00:32:28
[PROGRESS] INFO: = Downloaded: 4668.52 MiB, Written: 5909.09 MiB
[PROGRESS] INFO:  + Download	- 0.50 MiB/s (raw) / 0.55 MiB/s (decompressed)
[PROGRESS] INFO:  + Disk	- 0.00 MiB/s (write) / 0.00 MiB/s (read)
[PROGRESS] INFO: = Progress: 34.80 6196133357/17802455739, Running for: 00:17:21, ETA: 00:32:30
[PROGRESS] INFO: = Downloaded: 4668.52 MiB, Written: 5909.09 MiB
[PROGRESS] INFO:  + Download	- 0.50 MiB/s (raw) / 0.58 MiB/s (decompressed)
[PROGRESS] INFO:  + Disk	- 0.00 MiB/s (write) / 0.00 MiB/s (read)
[PROGRESS] INFO: = Progress: 34.80 6196133357/17802455739, Running for: 00:17:22, ETA: 00:32:32
[PROGRESS] INFO: = Downloaded: 4679.68 MiB, Written: 5909.09 MiB
[PROGRESS] INFO:  + Download	- 0.50 MiB/s (raw) / 0.55 MiB/s (decompressed)
[PROGRESS] INFO:  + Disk	- 0.00 MiB/s (write) / 0.00 MiB/s (read)
[PROGRESS] INFO: = Progress: 34.80 6196133357/17802455739, Running for: 00:17:23, ETA: 00:32:34
[PROGRESS] INFO: = Downloaded: 4679.68 MiB, Written: 5909.09 MiB
[PROGRESS] INFO:  + Download	- 0.50 MiB/s (raw) / 0.56 MiB/s (decompressed)
[PROGRESS] INFO:  + Disk	- 0.00 MiB/s (write) / 0.00 MiB/s (read)
[PROGRESS] INFO: = Progress: 35.34 6291369841/17802455739, Running for: 00:17:24, ETA: 00:31:51
[PROGRESS] INFO: = Downloaded: 4725.35 MiB, Written: 5999.92 MiB
[PROGRESS] INFO:  + Download	- 39.20 MiB/s (raw) / 43.10 MiB/s (decompressed)
[PROGRESS] INFO:  + Disk	- 77.38 MiB/s (write) / 0.00 MiB/s (read)
[PROGRESS] INFO: = Progress: 35.48 6316442638/17802455739, Running for: 00:17:25, ETA: 00:31:41
[PROGRESS] INFO: = Downloaded: 4725.35 MiB, Written: 6023.83 MiB
[PROGRESS] INFO:  + Download	- 12.29 MiB/s (raw) / 13.48 MiB/s (decompressed)
[PROGRESS] INFO:  + Disk	- 22.52 MiB/s (write) / 0.00 MiB/s (read)
[PROGRESS] INFO: = Progress: 35.55 6327890584/17802455739, Running for: 00:17:27, ETA: 00:31:38
[PROGRESS] INFO: = Downloaded: 4735.40 MiB, Written: 6034.75 MiB
[PROGRESS] INFO:  + Download	- 3.40 MiB/s (raw) / 3.73 MiB/s (decompressed)
[PROGRESS] INFO:  + Disk	- 7.35 MiB/s (write) / 0.00 MiB/s (read)
[PROGRESS] INFO: = Progress: 35.55 6327890584/17802455739, Running for: 00:17:28, ETA: 00:31:40
[PROGRESS] INFO: = Downloaded: 4735.40 MiB, Written: 6034.75 MiB
[PROGRESS] INFO:  + Download	- 0.50 MiB/s (raw) / 0.55 MiB/s (decompressed)
[PROGRESS] INFO:  + Disk	- 0.00 MiB/s (write) / 0.00 MiB/s (read)
[PROGRESS] INFO: = Progress: 35.55 6327890584/17802455739, Running for: 00:17:29, ETA: 00:31:42
[PROGRESS] INFO: = Downloaded: 4735.40 MiB, Written: 6034.75 MiB
[PROGRESS] INFO:  + Download	- 0.10 MiB/s (raw) / 0.10 MiB/s (decompressed)
[PROGRESS] INFO:  + Disk	- 0.00 MiB/s (write) / 0.00 MiB/s (read)
[PROGRESS] INFO: = Progress: 35.55 6327890584/17802455739, Running for: 00:17:30, ETA: 00:31:44
[PROGRESS] INFO: = Downloaded: 4735.40 MiB, Written: 6034.75 MiB
[PROGRESS] INFO:  + Download	- 0.50 MiB/s (raw) / 0.55 MiB/s (decompressed)
[PROGRESS] INFO:  + Disk	- 0.00 MiB/s (write) / 0.00 MiB/s (read)
[PROGRESS] INFO: = Progress: 35.55 6327890584/17802455739, Running for: 00:17:31, ETA: 00:31:45
[PROGRESS] INFO: = Downloaded: 4746.60 MiB, Written: 6034.75 MiB
[PROGRESS] INFO:  + Download	- 0.50 MiB/s (raw) / 0.55 MiB/s (decompressed)
[PROGRESS] INFO:  + Disk	- 0.00 MiB/s (write) / 0.00 MiB/s (read)
[PROGRESS] INFO: = Progress: 35.55 6327890584/17802455739, Running for: 00:17:32, ETA: 00:31:47
[PROGRESS] INFO: = Downloaded: 4746.60 MiB, Written: 6034.75 MiB
[PROGRESS] INFO:  + Download	- 0.50 MiB/s (raw) / 0.54 MiB/s (decompressed)
[PROGRESS] INFO:  + Disk	- 0.00 MiB/s (write) / 0.00 MiB/s (read)
[PROGRESS] INFO: = Progress: 35.55 6327890584/17802455739, Running for: 00:17:33, ETA: 00:31:49
[PROGRESS] INFO: = Downloaded: 4746.60 MiB, Written: 6034.75 MiB
[PROGRESS] INFO:  + Download	- 0.50 MiB/s (raw) / 0.55 MiB/s (decompressed)
[PROGRESS] INFO:  + Disk	- 0.00 MiB/s (write) / 0.00 MiB/s (read)
[PROGRESS] INFO: = Progress: 35.55 6327890584/17802455739, Running for: 00:17:34, ETA: 00:31:51
[PROGRESS] INFO: = Downloaded: 4746.60 MiB, Written: 6034.75 MiB
[PROGRESS] INFO:  + Download	- 0.50 MiB/s (raw) / 0.55 MiB/s (decompressed)
[PROGRESS] INFO:  + Disk	- 0.00 MiB/s (write) / 0.00 MiB/s (read)
[PROGRESS] INFO: = Progress: 35.69 6354360635/17802455739, Running for: 00:17:35, ETA: 00:31:41
[PROGRESS] INFO: = Downloaded: 4757.99 MiB, Written: 6059.99 MiB
[PROGRESS] INFO:  + Download	- 7.89 MiB/s (raw) / 8.76 MiB/s (decompressed)
[PROGRESS] INFO:  + Disk	- 15.38 MiB/s (write) / 0.00 MiB/s (read)
[PROGRESS] INFO: = Progress: 35.69 6354360635/17802455739, Running for: 00:17:36, ETA: 00:31:43
[PROGRESS] INFO: = Downloaded: 4757.99 MiB, Written: 6059.99 MiB
[PROGRESS] INFO:  + Download	- 0.50 MiB/s (raw) / 0.55 MiB/s (decompressed)
[PROGRESS] INFO:  + Disk	- 0.00 MiB/s (write) / 0.00 MiB/s (read)
[PROGRESS] INFO: = Progress: 35.69 6354360635/17802455739, Running for: 00:17:37, ETA: 00:31:45
[PROGRESS] INFO: = Downloaded: 4766.87 MiB, Written: 6059.99 MiB
[PROGRESS] INFO:  + Download	- 0.50 MiB/s (raw) / 0.55 MiB/s (decompressed)
[PROGRESS] INFO:  + Disk	- 0.00 MiB/s (write) / 0.00 MiB/s (read)
[PROGRESS] INFO: = Progress: 35.69 6354360635/17802455739, Running for: 00:17:38, ETA: 00:31:47
[PROGRESS] INFO: = Downloaded: 4766.87 MiB, Written: 6059.99 MiB
[PROGRESS] INFO:  + Download	- 0.50 MiB/s (raw) / 0.55 MiB/s (decompressed)
[PROGRESS] INFO:  + Disk	- 0.00 MiB/s (write) / 0.00 MiB/s (read)
[PROGRESS] INFO: = Progress: 35.69 6354360635/17802455739, Running for: 00:17:39, ETA: 00:31:49
[PROGRESS] INFO: = Downloaded: 4766.87 MiB, Written: 6059.99 MiB
[PROGRESS] INFO:  + Download	- 0.50 MiB/s (raw) / 0.55 MiB/s (decompressed)
[PROGRESS] INFO:  + Disk	- 0.00 MiB/s (write) / 0.00 MiB/s (read)
[PROGRESS] INFO: = Progress: 35.69 6354360635/17802455739, Running for: 00:17:40, ETA: 00:31:50
[PROGRESS] INFO: = Downloaded: 4766.87 MiB, Written: 6059.99 MiB
[PROGRESS] INFO:  + Download	- 0.50 MiB/s (raw) / 0.54 MiB/s (decompressed)
[PROGRESS] INFO:  + Disk	- 0.00 MiB/s (write) / 0.00 MiB/s (read)
[PROGRESS] INFO: = Progress: 35.69 6354360635/17802455739, Running for: 00:17:41, ETA: 00:31:52
[PROGRESS] INFO: = Downloaded: 4766.87 MiB, Written: 6059.99 MiB
[PROGRESS] INFO:  + Download	- 0.50 MiB/s (raw) / 0.55 MiB/s (decompressed)
[PROGRESS] INFO:  + Disk	- 0.00 MiB/s (write) / 0.00 MiB/s (read)
[PROGRESS] INFO: = Progress: 35.79 6371040141/17802455739, Running for: 00:17:43, ETA: 00:31:48
[PROGRESS] INFO: = Downloaded: 4781.27 MiB, Written: 6075.90 MiB
[PROGRESS] INFO:  + Download	- 5.05 MiB/s (raw) / 5.57 MiB/s (decompressed)
[PROGRESS] INFO:  + Disk	- 9.45 MiB/s (write) / 0.00 MiB/s (read)
[PROGRESS] INFO: = Progress: 35.79 6371040141/17802455739, Running for: 00:17:44, ETA: 00:31:49
[PROGRESS] INFO: = Downloaded: 4781.27 MiB, Written: 6075.90 MiB
[PROGRESS] INFO:  + Download	- 0.50 MiB/s (raw) / 0.55 MiB/s (decompressed)
[PROGRESS] INFO:  + Disk	- 0.00 MiB/s (write) / 0.00 MiB/s (read)
[PROGRESS] INFO: = Progress: 35.79 6371040141/17802455739, Running for: 00:17:45, ETA: 00:31:51
[PROGRESS] INFO: = Downloaded: 4781.27 MiB, Written: 6075.90 MiB
[PROGRESS] INFO:  + Download	- 0.50 MiB/s (raw) / 0.55 MiB/s (decompressed)
[PROGRESS] INFO:  + Disk	- 0.00 MiB/s (write) / 0.00 MiB/s (read)
[PROGRESS] INFO: = Progress: 35.79 6371040141/17802455739, Running for: 00:17:46, ETA: 00:31:53
[PROGRESS] INFO: = Downloaded: 4793.92 MiB, Written: 6075.90 MiB
[PROGRESS] INFO:  + Download	- 0.50 MiB/s (raw) / 0.55 MiB/s (decompressed)
[PROGRESS] INFO:  + Disk	- 0.00 MiB/s (write) / 0.00 MiB/s (read)
[PROGRESS] INFO: = Progress: 35.79 6371040141/17802455739, Running for: 00:17:47, ETA: 00:31:55
[PROGRESS] INFO: = Downloaded: 4811.68 MiB, Written: 6075.90 MiB
[PROGRESS] INFO:  + Download	- 0.50 MiB/s (raw) / 0.56 MiB/s (decompressed)
[PROGRESS] INFO:  + Disk	- 0.00 MiB/s (write) / 0.00 MiB/s (read)
[PROGRESS] INFO: = Progress: 35.79 6371040141/17802455739, Running for: 00:17:48, ETA: 00:31:56
[PROGRESS] INFO: = Downloaded: 4811.68 MiB, Written: 6075.90 MiB
[PROGRESS] INFO:  + Download	- 0.50 MiB/s (raw) / 0.55 MiB/s (decompressed)
[PROGRESS] INFO:  + Disk	- 0.00 MiB/s (write) / 0.00 MiB/s (read)
[PROGRESS] INFO: = Progress: 35.79 6371040141/17802455739, Running for: 00:17:49, ETA: 00:31:58
[PROGRESS] INFO: = Downloaded: 4826.96 MiB, Written: 6075.90 MiB
[PROGRESS] INFO:  + Download	- 0.50 MiB/s (raw) / 0.55 MiB/s (decompressed)
[PROGRESS] INFO:  + Disk	- 0.00 MiB/s (write) / 0.00 MiB/s (read)
[PROGRESS] INFO: = Progress: 35.79 6371040141/17802455739, Running for: 00:17:50, ETA: 00:32:00
[PROGRESS] INFO: = Downloaded: 4826.96 MiB, Written: 6075.90 MiB
[PROGRESS] INFO:  + Download	- 0.50 MiB/s (raw) / 0.55 MiB/s (decompressed)
[PROGRESS] INFO:  + Disk	- 0.00 MiB/s (write) / 0.00 MiB/s (read)
[PROGRESS] INFO: = Progress: 35.79 6371040141/17802455739, Running for: 00:17:51, ETA: 00:32:02
[PROGRESS] INFO: = Downloaded: 4826.96 MiB, Written: 6075.90 MiB
[PROGRESS] INFO:  + Download	- 0.50 MiB/s (raw) / 0.55 MiB/s (decompressed)
[PROGRESS] INFO:  + Disk	- 0.00 MiB/s (write) / 0.00 MiB/s (read)
[PROGRESS] INFO: = Progress: 35.88 6387550655/17802455739, Running for: 00:17:52, ETA: 00:31:56
[PROGRESS] INFO: = Downloaded: 4841.19 MiB, Written: 6091.64 MiB
[PROGRESS] INFO:  + Download	- 7.04 MiB/s (raw) / 7.73 MiB/s (decompressed)
[PROGRESS] INFO:  + Disk	- 13.64 MiB/s (write) / 0.00 MiB/s (read)
[PROGRESS] INFO: = Progress: 35.88 6387550655/17802455739, Running for: 00:17:53, ETA: 00:31:58
[PROGRESS] INFO: = Downloaded: 4841.19 MiB, Written: 6091.64 MiB
[PROGRESS] INFO:  + Download	- 0.50 MiB/s (raw) / 0.55 MiB/s (decompressed)
[PROGRESS] INFO:  + Disk	- 0.00 MiB/s (write) / 0.00 MiB/s (read)
[PROGRESS] INFO: = Progress: 35.88 6387550655/17802455739, Running for: 00:17:54, ETA: 00:32:00
[PROGRESS] INFO: = Downloaded: 4841.19 MiB, Written: 6091.64 MiB
[PROGRESS] INFO:  + Download	- 0.50 MiB/s (raw) / 0.55 MiB/s (decompressed)
[PROGRESS] INFO:  + Disk	- 0.00 MiB/s (write) / 0.00 MiB/s (read)
[PROGRESS] INFO: = Progress: 35.88 6387550655/17802455739, Running for: 00:17:55, ETA: 00:32:02
[PROGRESS] INFO: = Downloaded: 4841.19 MiB, Written: 6091.64 MiB
[PROGRESS] INFO:  + Download	- 0.50 MiB/s (raw) / 0.54 MiB/s (decompressed)
[PROGRESS] INFO:  + Disk	- 0.00 MiB/s (write) / 0.00 MiB/s (read)
[PROGRESS] INFO: = Progress: 35.88 6387550655/17802455739, Running for: 00:17:56, ETA: 00:32:03
[PROGRESS] INFO: = Downloaded: 4855.28 MiB, Written: 6091.64 MiB
[PROGRESS] INFO:  + Download	- 0.50 MiB/s (raw) / 0.54 MiB/s (decompressed)
[PROGRESS] INFO:  + Disk	- 0.00 MiB/s (write) / 0.00 MiB/s (read)
[PROGRESS] INFO: = Progress: 35.88 6387550655/17802455739, Running for: 00:17:57, ETA: 00:32:05
[PROGRESS] INFO: = Downloaded: 4855.28 MiB, Written: 6091.64 MiB
[PROGRESS] INFO:  + Download	- 0.50 MiB/s (raw) / 0.55 MiB/s (decompressed)
[PROGRESS] INFO:  + Disk	- 0.00 MiB/s (write) / 0.00 MiB/s (read)
[PROGRESS] INFO: = Progress: 35.88 6387550655/17802455739, Running for: 00:17:58, ETA: 00:32:07
[PROGRESS] INFO: = Downloaded: 4855.28 MiB, Written: 6091.64 MiB
[PROGRESS] INFO:  + Download	- 0.50 MiB/s (raw) / 0.55 MiB/s (decompressed)
[PROGRESS] INFO:  + Disk	- 0.00 MiB/s (write) / 0.00 MiB/s (read)
[PROGRESS] INFO: = Progress: 36.42 6483334016/17802455739, Running for: 00:17:59, ETA: 00:31:24
[PROGRESS] INFO: = Downloaded: 4869.34 MiB, Written: 6182.99 MiB
[PROGRESS] INFO:  + Download	- 41.35 MiB/s (raw) / 45.93 MiB/s (decompressed)
[PROGRESS] INFO:  + Disk	- 82.32 MiB/s (write) / 0.00 MiB/s (read)
[PROGRESS] INFO: = Progress: 36.42 6483334016/17802455739, Running for: 00:18:00, ETA: 00:31:26
[PROGRESS] INFO: = Downloaded: 4869.34 MiB, Written: 6182.99 MiB
[PROGRESS] INFO:  + Download	- 0.50 MiB/s (raw) / 0.56 MiB/s (decompressed)
[PROGRESS] INFO:  + Disk	- 0.00 MiB/s (write) / 0.00 MiB/s (read)
[PROGRESS] INFO: = Progress: 36.42 6483334016/17802455739, Running for: 00:18:01, ETA: 00:31:28
[PROGRESS] INFO: = Downloaded: 4869.34 MiB, Written: 6182.99 MiB
[PROGRESS] INFO:  + Download	- 0.50 MiB/s (raw) / 0.55 MiB/s (decompressed)
[PROGRESS] INFO:  + Disk	- 0.00 MiB/s (write) / 0.00 MiB/s (read)
[PROGRESS] INFO: = Progress: 36.42 6483334016/17802455739, Running for: 00:18:02, ETA: 00:31:30
[PROGRESS] INFO: = Downloaded: 4869.34 MiB, Written: 6182.99 MiB
[PROGRESS] INFO:  + Download	- 0.50 MiB/s (raw) / 0.55 MiB/s (decompressed)
[PROGRESS] INFO:  + Disk	- 0.00 MiB/s (write) / 0.00 MiB/s (read)
[PROGRESS] INFO: = Progress: 36.42 6483334016/17802455739, Running for: 00:18:03, ETA: 00:31:31
[PROGRESS] INFO: = Downloaded: 4869.34 MiB, Written: 6182.99 MiB
[PROGRESS] INFO:  + Download	- 0.50 MiB/s (raw) / 0.56 MiB/s (decompressed)
[PROGRESS] INFO:  + Disk	- 0.00 MiB/s (write) / 0.00 MiB/s (read)
[PROGRESS] INFO: = Progress: 36.42 6483334016/17802455739, Running for: 00:18:04, ETA: 00:31:33
[PROGRESS] INFO: = Downloaded: 4878.14 MiB, Written: 6182.99 MiB
[PROGRESS] INFO:  + Download	- 0.50 MiB/s (raw) / 0.55 MiB/s (decompressed)
[PROGRESS] INFO:  + Disk	- 0.00 MiB/s (write) / 0.00 MiB/s (read)
[PROGRESS] INFO: = Progress: 36.42 6483334016/17802455739, Running for: 00:18:05, ETA: 00:31:35
[PROGRESS] INFO: = Downloaded: 4878.14 MiB, Written: 6182.99 MiB
[PROGRESS] INFO:  + Download	- 0.50 MiB/s (raw) / 0.55 MiB/s (decompressed)
[PROGRESS] INFO:  + Disk	- 0.00 MiB/s (write) / 0.00 MiB/s (read)
[PROGRESS] INFO: = Progress: 36.42 6483334016/17802455739, Running for: 00:18:06, ETA: 00:31:37
[PROGRESS] INFO: = Downloaded: 4878.14 MiB, Written: 6182.99 MiB
[PROGRESS] INFO:  + Download	- 0.50 MiB/s (raw) / 0.55 MiB/s (decompressed)
[PROGRESS] INFO:  + Disk	- 0.00 MiB/s (write) / 0.00 MiB/s (read)
[PROGRESS] INFO: = Progress: 36.50 6498420523/17802455739, Running for: 00:18:08, ETA: 00:31:33
[PROGRESS] INFO: = Downloaded: 4891.05 MiB, Written: 6197.38 MiB
[PROGRESS] INFO:  + Download	- 3.84 MiB/s (raw) / 4.25 MiB/s (decompressed)
[PROGRESS] INFO:  + Disk	- 7.20 MiB/s (write) / 0.00 MiB/s (read)
[PROGRESS] INFO: = Progress: 36.57 6511048735/17802455739, Running for: 00:18:10, ETA: 00:31:30
[PROGRESS] INFO: = Downloaded: 4911.13 MiB, Written: 6209.42 MiB
[PROGRESS] INFO:  + Download	- 4.95 MiB/s (raw) / 5.49 MiB/s (decompressed)
[PROGRESS] INFO:  + Disk	- 9.12 MiB/s (write) / 0.00 MiB/s (read)
[PROGRESS] INFO: = Progress: 36.57 6511048735/17802455739, Running for: 00:18:11, ETA: 00:31:32
[PROGRESS] INFO: = Downloaded: 4911.13 MiB, Written: 6209.42 MiB
[PROGRESS] INFO:  + Download	- 0.50 MiB/s (raw) / 0.55 MiB/s (decompressed)
[PROGRESS] INFO:  + Disk	- 0.00 MiB/s (write) / 0.00 MiB/s (read)
[PROGRESS] INFO: = Progress: 36.57 6511048735/17802455739, Running for: 00:18:12, ETA: 00:31:33
[PROGRESS] INFO: = Downloaded: 4911.13 MiB, Written: 6209.42 MiB
[PROGRESS] INFO:  + Download	- 0.50 MiB/s (raw) / 0.56 MiB/s (decompressed)
[PROGRESS] INFO:  + Disk	- 0.00 MiB/s (write) / 0.00 MiB/s (read)
[PROGRESS] INFO: = Progress: 36.57 6511048735/17802455739, Running for: 00:18:13, ETA: 00:31:35
[PROGRESS] INFO: = Downloaded: 4911.13 MiB, Written: 6209.42 MiB
[PROGRESS] INFO:  + Download	- 0.50 MiB/s (raw) / 0.55 MiB/s (decompressed)
[PROGRESS] INFO:  + Disk	- 0.00 MiB/s (write) / 0.00 MiB/s (read)
[PROGRESS] INFO: = Progress: 36.57 6511048735/17802455739, Running for: 00:18:14, ETA: 00:31:37
[PROGRESS] INFO: = Downloaded: 4911.13 MiB, Written: 6209.42 MiB
[PROGRESS] INFO:  + Download	- 0.50 MiB/s (raw) / 0.56 MiB/s (decompressed)
[PROGRESS] INFO:  + Disk	- 0.00 MiB/s (write) / 0.00 MiB/s (read)
[PROGRESS] INFO: = Progress: 36.57 6511048735/17802455739, Running for: 00:18:15, ETA: 00:31:38
[PROGRESS] INFO: = Downloaded: 4911.13 MiB, Written: 6209.42 MiB
[PROGRESS] INFO:  + Download	- 0.50 MiB/s (raw) / 0.56 MiB/s (decompressed)
[PROGRESS] INFO:  + Disk	- 0.00 MiB/s (write) / 0.00 MiB/s (read)
[PROGRESS] INFO: = Progress: 36.57 6511048735/17802455739, Running for: 00:18:16, ETA: 00:31:40
[PROGRESS] INFO: = Downloaded: 4911.13 MiB, Written: 6209.42 MiB
[PROGRESS] INFO:  + Download	- 0.50 MiB/s (raw) / 0.55 MiB/s (decompressed)
[PROGRESS] INFO:  + Disk	- 0.00 MiB/s (write) / 0.00 MiB/s (read)
[PROGRESS] INFO: = Progress: 36.57 6511048735/17802455739, Running for: 00:18:17, ETA: 00:31:42
[PROGRESS] INFO: = Downloaded: 4911.13 MiB, Written: 6209.42 MiB
[PROGRESS] INFO:  + Download	- 0.50 MiB/s (raw) / 0.55 MiB/s (decompressed)
[PROGRESS] INFO:  + Disk	- 0.00 MiB/s (write) / 0.00 MiB/s (read)
[PROGRESS] INFO: = Progress: 36.79 6549765866/17802455739, Running for: 00:18:18, ETA: 00:31:27
[PROGRESS] INFO: = Downloaded: 4926.31 MiB, Written: 6246.34 MiB
[PROGRESS] INFO:  + Download	- 11.64 MiB/s (raw) / 12.91 MiB/s (decompressed)
[PROGRESS] INFO:  + Disk	- 23.05 MiB/s (write) / 0.00 MiB/s (read)
[PROGRESS] INFO: = Progress: 36.79 6549765866/17802455739, Running for: 00:18:19, ETA: 00:31:29
[PROGRESS] INFO: = Downloaded: 4932.82 MiB, Written: 6246.34 MiB
[PROGRESS] INFO:  + Download	- 0.50 MiB/s (raw) / 0.55 MiB/s (decompressed)
[PROGRESS] INFO:  + Disk	- 0.00 MiB/s (write) / 0.00 MiB/s (read)
[PROGRESS] INFO: = Progress: 36.79 6549765866/17802455739, Running for: 00:18:20, ETA: 00:31:30
[PROGRESS] INFO: = Downloaded: 4932.82 MiB, Written: 6246.34 MiB
[PROGRESS] INFO:  + Download	- 0.50 MiB/s (raw) / 0.57 MiB/s (decompressed)
[PROGRESS] INFO:  + Disk	- 0.00 MiB/s (write) / 0.00 MiB/s (read)
[PROGRESS] INFO: = Progress: 36.79 6549765866/17802455739, Running for: 00:18:21, ETA: 00:31:32
[PROGRESS] INFO: = Downloaded: 4932.82 MiB, Written: 6246.34 MiB
[PROGRESS] INFO:  + Download	- 0.50 MiB/s (raw) / 0.56 MiB/s (decompressed)
[PROGRESS] INFO:  + Disk	- 0.00 MiB/s (write) / 0.00 MiB/s (read)
[PROGRESS] INFO: = Progress: 36.79 6549765866/17802455739, Running for: 00:18:22, ETA: 00:31:34
[PROGRESS] INFO: = Downloaded: 4947.41 MiB, Written: 6246.34 MiB
[PROGRESS] INFO:  + Download	- 0.50 MiB/s (raw) / 0.55 MiB/s (decompressed)
[PROGRESS] INFO:  + Disk	- 0.00 MiB/s (write) / 0.00 MiB/s (read)
[PROGRESS] INFO: = Progress: 36.89 6566969324/17802455739, Running for: 00:18:23, ETA: 00:31:28
[PROGRESS] INFO: = Downloaded: 4962.16 MiB, Written: 6262.75 MiB
[PROGRESS] INFO:  + Download	- 7.18 MiB/s (raw) / 7.93 MiB/s (decompressed)
[PROGRESS] INFO:  + Disk	- 13.10 MiB/s (write) / 0.00 MiB/s (read)
[PROGRESS] INFO: = Progress: 36.89 6566969324/17802455739, Running for: 00:18:24, ETA: 00:31:30
[PROGRESS] INFO: = Downloaded: 4962.16 MiB, Written: 6262.75 MiB
[PROGRESS] INFO:  + Download	- 0.50 MiB/s (raw) / 0.55 MiB/s (decompressed)
[PROGRESS] INFO:  + Disk	- 0.00 MiB/s (write) / 0.00 MiB/s (read)
[PROGRESS] INFO: = Progress: 36.89 6566969324/17802455739, Running for: 00:18:25, ETA: 00:31:32
[PROGRESS] INFO: = Downloaded: 4971.08 MiB, Written: 6262.75 MiB
[PROGRESS] INFO:  + Download	- 0.50 MiB/s (raw) / 0.55 MiB/s (decompressed)
[PROGRESS] INFO:  + Disk	- 0.00 MiB/s (write) / 0.00 MiB/s (read)
[PROGRESS] INFO: = Progress: 36.89 6566969324/17802455739, Running for: 00:18:26, ETA: 00:31:33
[PROGRESS] INFO: = Downloaded: 4971.08 MiB, Written: 6262.75 MiB
[PROGRESS] INFO:  + Download	- 0.50 MiB/s (raw) / 0.55 MiB/s (decompressed)
[PROGRESS] INFO:  + Disk	- 0.00 MiB/s (write) / 0.00 MiB/s (read)
[PROGRESS] INFO: = Progress: 36.89 6566969324/17802455739, Running for: 00:18:27, ETA: 00:31:35
[PROGRESS] INFO: = Downloaded: 4971.08 MiB, Written: 6262.75 MiB
[PROGRESS] INFO:  + Download	- 0.07 MiB/s (raw) / 0.08 MiB/s (decompressed)
[PROGRESS] INFO:  + Disk	- 0.00 MiB/s (write) / 0.00 MiB/s (read)
[PROGRESS] INFO: = Progress: 36.89 6566969324/17802455739, Running for: 00:18:28, ETA: 00:31:37
[PROGRESS] INFO: = Downloaded: 4971.08 MiB, Written: 6262.75 MiB
[PROGRESS] INFO:  + Download	- 0.50 MiB/s (raw) / 0.55 MiB/s (decompressed)
[PROGRESS] INFO:  + Disk	- 0.00 MiB/s (write) / 0.00 MiB/s (read)
[PROGRESS] INFO: = Progress: 36.89 6566969324/17802455739, Running for: 00:18:29, ETA: 00:31:38
[PROGRESS] INFO: = Downloaded: 4971.08 MiB, Written: 6262.75 MiB
[PROGRESS] INFO:  + Download	- 0.50 MiB/s (raw) / 0.56 MiB/s (decompressed)
[PROGRESS] INFO:  + Disk	- 0.00 MiB/s (write) / 0.00 MiB/s (read)
[PROGRESS] INFO: = Progress: 36.89 6566969324/17802455739, Running for: 00:18:30, ETA: 00:31:40
[PROGRESS] INFO: = Downloaded: 4980.63 MiB, Written: 6262.75 MiB
[PROGRESS] INFO:  + Download	- 0.50 MiB/s (raw) / 0.55 MiB/s (decompressed)
[PROGRESS] INFO:  + Disk	- 0.00 MiB/s (write) / 0.00 MiB/s (read)
[PROGRESS] INFO: = Progress: 37.12 6608208861/17802455739, Running for: 00:18:32, ETA: 00:31:24
[PROGRESS] INFO: = Downloaded: 5008.81 MiB, Written: 6302.08 MiB
[PROGRESS] INFO:  + Download	- 12.25 MiB/s (raw) / 13.54 MiB/s (decompressed)
[PROGRESS] INFO:  + Disk	- 24.02 MiB/s (write) / 0.00 MiB/s (read)
[PROGRESS] INFO: = Progress: 37.12 6608208861/17802455739, Running for: 00:18:33, ETA: 00:31:26
[PROGRESS] INFO: = Downloaded: 5023.77 MiB, Written: 6302.08 MiB
[PROGRESS] INFO:  + Download	- 0.50 MiB/s (raw) / 0.55 MiB/s (decompressed)
[PROGRESS] INFO:  + Disk	- 0.00 MiB/s (write) / 0.00 MiB/s (read)
[PROGRESS] INFO: = Progress: 37.20 6621982257/17802455739, Running for: 00:18:34, ETA: 00:31:21
[PROGRESS] INFO: = Downloaded: 5035.75 MiB, Written: 6315.21 MiB
[PROGRESS] INFO:  + Download	- 5.47 MiB/s (raw) / 6.04 MiB/s (decompressed)
[PROGRESS] INFO:  + Disk	- 11.81 MiB/s (write) / 0.00 MiB/s (read)
[PROGRESS] INFO: = Progress: 37.20 6621982257/17802455739, Running for: 00:18:35, ETA: 00:31:23
[PROGRESS] INFO: = Downloaded: 5035.75 MiB, Written: 6315.21 MiB
[PROGRESS] INFO:  + Download	- 0.50 MiB/s (raw) / 0.55 MiB/s (decompressed)
[PROGRESS] INFO:  + Disk	- 0.00 MiB/s (write) / 0.00 MiB/s (read)
[PROGRESS] INFO: = Progress: 37.36 6650670000/17802455739, Running for: 00:18:37, ETA: 00:31:13
[PROGRESS] INFO: = Downloaded: 5050.41 MiB, Written: 6342.57 MiB
[PROGRESS] INFO:  + Download	- 8.06 MiB/s (raw) / 9.01 MiB/s (decompressed)
[PROGRESS] INFO:  + Disk	- 15.71 MiB/s (write) / 0.00 MiB/s (read)
[PROGRESS] INFO: = Progress: 37.36 6650670000/17802455739, Running for: 00:18:38, ETA: 00:31:15
[PROGRESS] INFO: = Downloaded: 5050.41 MiB, Written: 6342.57 MiB
[PROGRESS] INFO:  + Download	- 0.50 MiB/s (raw) / 0.55 MiB/s (decompressed)
[PROGRESS] INFO:  + Disk	- 0.00 MiB/s (write) / 0.00 MiB/s (read)
[PROGRESS] INFO: = Progress: 37.36 6650670000/17802455739, Running for: 00:18:39, ETA: 00:31:17
[PROGRESS] INFO: = Downloaded: 5068.58 MiB, Written: 6342.57 MiB
[PROGRESS] INFO:  + Download	- 0.50 MiB/s (raw) / 0.55 MiB/s (decompressed)
[PROGRESS] INFO:  + Disk	- 0.00 MiB/s (write) / 0.00 MiB/s (read)
[PROGRESS] INFO: = Progress: 37.36 6650670000/17802455739, Running for: 00:18:40, ETA: 00:31:18
[PROGRESS] INFO: = Downloaded: 5068.58 MiB, Written: 6342.57 MiB
[PROGRESS] INFO:  + Download	- 0.50 MiB/s (raw) / 0.55 MiB/s (decompressed)
[PROGRESS] INFO:  + Disk	- 0.00 MiB/s (write) / 0.00 MiB/s (read)
[PROGRESS] INFO: = Progress: 37.36 6650670000/17802455739, Running for: 00:18:41, ETA: 00:31:20
[PROGRESS] INFO: = Downloaded: 5068.58 MiB, Written: 6342.57 MiB
[PROGRESS] INFO:  + Download	- 0.50 MiB/s (raw) / 0.55 MiB/s (decompressed)
[PROGRESS] INFO:  + Disk	- 0.00 MiB/s (write) / 0.00 MiB/s (read)
[PROGRESS] INFO: = Progress: 37.61 6694786907/17802455739, Running for: 00:18:42, ETA: 00:31:02
[PROGRESS] INFO: = Downloaded: 5092.99 MiB, Written: 6384.65 MiB
[PROGRESS] INFO:  + Download	- 15.82 MiB/s (raw) / 17.47 MiB/s (decompressed)
[PROGRESS] INFO:  + Disk	- 30.88 MiB/s (write) / 0.00 MiB/s (read)
[PROGRESS] INFO: = Progress: 37.94 6753560593/17802455739, Running for: 00:18:44, ETA: 00:30:40
[PROGRESS] INFO: = Downloaded: 5110.90 MiB, Written: 6440.70 MiB
[PROGRESS] INFO:  + Download	- 14.24 MiB/s (raw) / 15.69 MiB/s (decompressed)
[PROGRESS] INFO:  + Disk	- 28.45 MiB/s (write) / 0.00 MiB/s (read)
[PROGRESS] INFO: = Progress: 37.94 6753560593/17802455739, Running for: 00:18:45, ETA: 00:30:41
[PROGRESS] INFO: = Downloaded: 5110.90 MiB, Written: 6440.70 MiB
[PROGRESS] INFO:  + Download	- 0.50 MiB/s (raw) / 0.55 MiB/s (decompressed)
[PROGRESS] INFO:  + Disk	- 0.00 MiB/s (write) / 0.00 MiB/s (read)
[PROGRESS] INFO: = Progress: 37.94 6753560593/17802455739, Running for: 00:18:46, ETA: 00:30:43
[PROGRESS] INFO: = Downloaded: 5110.90 MiB, Written: 6440.70 MiB
[PROGRESS] INFO:  + Download	- 0.50 MiB/s (raw) / 0.55 MiB/s (decompressed)
[PROGRESS] INFO:  + Disk	- 0.00 MiB/s (write) / 0.00 MiB/s (read)
[PROGRESS] INFO: = Progress: 37.94 6753560593/17802455739, Running for: 00:18:47, ETA: 00:30:45
[PROGRESS] INFO: = Downloaded: 5110.90 MiB, Written: 6440.70 MiB
[PROGRESS] INFO:  + Download	- 0.50 MiB/s (raw) / 0.55 MiB/s (decompressed)
[PROGRESS] INFO:  + Disk	- 0.00 MiB/s (write) / 0.00 MiB/s (read)
[PROGRESS] INFO: = Progress: 37.94 6753560593/17802455739, Running for: 00:18:48, ETA: 00:30:46
[PROGRESS] INFO: = Downloaded: 5110.90 MiB, Written: 6440.70 MiB
[PROGRESS] INFO:  + Download	- 0.50 MiB/s (raw) / 0.55 MiB/s (decompressed)
[PROGRESS] INFO:  + Disk	- 0.00 MiB/s (write) / 0.00 MiB/s (read)
[PROGRESS] INFO: = Progress: 38.05 6774627157/17802455739, Running for: 00:18:49, ETA: 00:30:39
[PROGRESS] INFO: = Downloaded: 5120.27 MiB, Written: 6460.79 MiB
[PROGRESS] INFO:  + Download	- 8.07 MiB/s (raw) / 8.89 MiB/s (decompressed)
[PROGRESS] INFO:  + Disk	- 16.34 MiB/s (write) / 0.00 MiB/s (read)
[PROGRESS] INFO: = Progress: 38.05 6774627157/17802455739, Running for: 00:18:50, ETA: 00:30:41
[PROGRESS] INFO: = Downloaded: 5120.27 MiB, Written: 6460.79 MiB
[PROGRESS] INFO:  + Download	- 0.50 MiB/s (raw) / 0.54 MiB/s (decompressed)
[PROGRESS] INFO:  + Disk	- 0.00 MiB/s (write) / 0.00 MiB/s (read)
[PROGRESS] INFO: = Progress: 38.05 6774627157/17802455739, Running for: 00:18:51, ETA: 00:30:42
[PROGRESS] INFO: = Downloaded: 5120.27 MiB, Written: 6460.79 MiB
[PROGRESS] INFO:  + Download	- 0.50 MiB/s (raw) / 0.54 MiB/s (decompressed)
[PROGRESS] INFO:  + Disk	- 0.00 MiB/s (write) / 0.00 MiB/s (read)
[PROGRESS] INFO: = Progress: 38.12 6786604475/17802455739, Running for: 00:18:53, ETA: 00:30:39
[PROGRESS] INFO: = Downloaded: 5139.37 MiB, Written: 6472.21 MiB
[PROGRESS] INFO:  + Download	- 4.62 MiB/s (raw) / 5.07 MiB/s (decompressed)
[PROGRESS] INFO:  + Disk	- 8.11 MiB/s (write) / 0.00 MiB/s (read)
[PROGRESS] INFO: = Progress: 38.12 6786604475/17802455739, Running for: 00:18:54, ETA: 00:30:41
[PROGRESS] INFO: = Downloaded: 5139.37 MiB, Written: 6472.21 MiB
[PROGRESS] INFO:  + Download	- 0.50 MiB/s (raw) / 0.55 MiB/s (decompressed)
[PROGRESS] INFO:  + Disk	- 0.00 MiB/s (write) / 0.00 MiB/s (read)
[PROGRESS] INFO: = Progress: 38.12 6786604475/17802455739, Running for: 00:18:55, ETA: 00:30:42
[PROGRESS] INFO: = Downloaded: 5139.37 MiB, Written: 6472.21 MiB
[PROGRESS] INFO:  + Download	- 0.31 MiB/s (raw) / 0.34 MiB/s (decompressed)
[PROGRESS] INFO:  + Disk	- 0.00 MiB/s (write) / 0.00 MiB/s (read)
[PROGRESS] INFO: = Progress: 38.12 6786604475/17802455739, Running for: 00:18:56, ETA: 00:30:44
[PROGRESS] INFO: = Downloaded: 5139.37 MiB, Written: 6472.21 MiB
[PROGRESS] INFO:  + Download	- 0.50 MiB/s (raw) / 0.55 MiB/s (decompressed)
[PROGRESS] INFO:  + Disk	- 0.00 MiB/s (write) / 0.00 MiB/s (read)
[PROGRESS] INFO: = Progress: 38.12 6786604475/17802455739, Running for: 00:18:57, ETA: 00:30:46
[PROGRESS] INFO: = Downloaded: 5139.37 MiB, Written: 6472.21 MiB
[PROGRESS] INFO:  + Download	- 0.50 MiB/s (raw) / 0.55 MiB/s (decompressed)
[PROGRESS] INFO:  + Disk	- 0.00 MiB/s (write) / 0.00 MiB/s (read)
[PROGRESS] INFO: = Progress: 38.12 6786604475/17802455739, Running for: 00:18:58, ETA: 00:30:47
[PROGRESS] INFO: = Downloaded: 5142.90 MiB, Written: 6472.21 MiB
[PROGRESS] INFO:  + Download	- 0.06 MiB/s (raw) / 0.06 MiB/s (decompressed)
[PROGRESS] INFO:  + Disk	- 0.00 MiB/s (write) / 0.00 MiB/s (read)
[PROGRESS] INFO: = Progress: 38.12 6786604475/17802455739, Running for: 00:18:59, ETA: 00:30:49
[PROGRESS] INFO: = Downloaded: 5166.48 MiB, Written: 6472.21 MiB
[PROGRESS] INFO:  + Download	- 0.50 MiB/s (raw) / 0.55 MiB/s (decompressed)
[PROGRESS] INFO:  + Disk	- 0.00 MiB/s (write) / 0.00 MiB/s (read)
[PROGRESS] INFO: = Progress: 38.12 6786604475/17802455739, Running for: 00:19:00, ETA: 00:30:51
[PROGRESS] INFO: = Downloaded: 5191.83 MiB, Written: 6472.21 MiB
[PROGRESS] INFO:  + Download	- 0.02 MiB/s (raw) / 0.02 MiB/s (decompressed)
[PROGRESS] INFO:  + Disk	- 0.00 MiB/s (write) / 0.00 MiB/s (read)
[PROGRESS] INFO: = Progress: 38.40 6835515420/17802455739, Running for: 00:19:01, ETA: 00:30:31
[PROGRESS] INFO: = Downloaded: 5208.41 MiB, Written: 6518.86 MiB
[PROGRESS] INFO:  + Download	- 17.18 MiB/s (raw) / 19.36 MiB/s (decompressed)
[PROGRESS] INFO:  + Disk	- 33.69 MiB/s (write) / 0.00 MiB/s (read)
[PROGRESS] INFO: = Progress: 38.70 6889845446/17802455739, Running for: 00:19:03, ETA: 00:30:11
[PROGRESS] INFO: = Downloaded: 5231.43 MiB, Written: 6570.67 MiB
[PROGRESS] INFO:  + Download	- 12.50 MiB/s (raw) / 14.39 MiB/s (decompressed)
[PROGRESS] INFO:  + Disk	- 26.28 MiB/s (write) / 0.00 MiB/s (read)
[PROGRESS] INFO: = Progress: 38.70 6889845446/17802455739, Running for: 00:19:04, ETA: 00:30:13
[PROGRESS] INFO: = Downloaded: 5231.43 MiB, Written: 6570.67 MiB
[PROGRESS] INFO:  + Download	- 0.50 MiB/s (raw) / 0.54 MiB/s (decompressed)
[PROGRESS] INFO:  + Disk	- 0.00 MiB/s (write) / 0.00 MiB/s (read)
[PROGRESS] INFO: = Progress: 38.70 6889845446/17802455739, Running for: 00:19:05, ETA: 00:30:14
[PROGRESS] INFO: = Downloaded: 5231.43 MiB, Written: 6570.67 MiB
[PROGRESS] INFO:  + Download	- 0.50 MiB/s (raw) / 0.57 MiB/s (decompressed)
[PROGRESS] INFO:  + Disk	- 0.00 MiB/s (write) / 0.00 MiB/s (read)
[PROGRESS] INFO: = Progress: 38.70 6889845446/17802455739, Running for: 00:19:06, ETA: 00:30:16
[PROGRESS] INFO: = Downloaded: 5241.51 MiB, Written: 6570.67 MiB
[PROGRESS] INFO:  + Download	- 0.50 MiB/s (raw) / 0.53 MiB/s (decompressed)
[PROGRESS] INFO:  + Disk	- 0.00 MiB/s (write) / 0.00 MiB/s (read)
[PROGRESS] INFO: = Progress: 38.70 6889845446/17802455739, Running for: 00:19:07, ETA: 00:30:17
[PROGRESS] INFO: = Downloaded: 5266.93 MiB, Written: 6570.67 MiB
[PROGRESS] INFO:  + Download	- 0.50 MiB/s (raw) / 0.60 MiB/s (decompressed)
[PROGRESS] INFO:  + Disk	- 0.00 MiB/s (write) / 0.00 MiB/s (read)
[PROGRESS] INFO: = Progress: 38.70 6889845446/17802455739, Running for: 00:19:08, ETA: 00:30:19
[PROGRESS] INFO: = Downloaded: 5266.93 MiB, Written: 6570.67 MiB
[PROGRESS] INFO:  + Download	- 0.50 MiB/s (raw) / 0.54 MiB/s (decompressed)
[PROGRESS] INFO:  + Disk	- 0.00 MiB/s (write) / 0.00 MiB/s (read)
[PROGRESS] INFO: = Progress: 38.70 6889845446/17802455739, Running for: 00:19:09, ETA: 00:30:21
[PROGRESS] INFO: = Downloaded: 5266.93 MiB, Written: 6570.67 MiB
[PROGRESS] INFO:  + Download	- 0.50 MiB/s (raw) / 0.58 MiB/s (decompressed)
[PROGRESS] INFO:  + Disk	- 0.00 MiB/s (write) / 0.00 MiB/s (read)
[PROGRESS] INFO: = Progress: 38.70 6889845446/17802455739, Running for: 00:19:10, ETA: 00:30:22
[PROGRESS] INFO: = Downloaded: 5266.93 MiB, Written: 6570.67 MiB
[PROGRESS] INFO:  + Download	- 0.50 MiB/s (raw) / 0.67 MiB/s (decompressed)
[PROGRESS] INFO:  + Disk	- 0.00 MiB/s (write) / 0.00 MiB/s (read)
[PROGRESS] INFO: = Progress: 38.70 6889845446/17802455739, Running for: 00:19:11, ETA: 00:30:24
[PROGRESS] INFO: = Downloaded: 5280.95 MiB, Written: 6570.67 MiB
[PROGRESS] INFO:  + Download	- 0.50 MiB/s (raw) / 0.55 MiB/s (decompressed)
[PROGRESS] INFO:  + Disk	- 0.00 MiB/s (write) / 0.00 MiB/s (read)
[PROGRESS] INFO: = Progress: 38.70 6889845446/17802455739, Running for: 00:19:12, ETA: 00:30:25
[PROGRESS] INFO: = Downloaded: 5293.27 MiB, Written: 6570.67 MiB
[PROGRESS] INFO:  + Download	- 0.50 MiB/s (raw) / 0.55 MiB/s (decompressed)
[PROGRESS] INFO:  + Disk	- 0.00 MiB/s (write) / 0.00 MiB/s (read)
[PROGRESS] INFO: = Progress: 38.70 6889845446/17802455739, Running for: 00:19:13, ETA: 00:30:27
[PROGRESS] INFO: = Downloaded: 5293.27 MiB, Written: 6570.67 MiB
[PROGRESS] INFO:  + Download	- 0.50 MiB/s (raw) / 0.59 MiB/s (decompressed)
[PROGRESS] INFO:  + Disk	- 0.00 MiB/s (write) / 0.00 MiB/s (read)
[PROGRESS] INFO: = Progress: 38.70 6889845446/17802455739, Running for: 00:19:14, ETA: 00:30:29
[PROGRESS] INFO: = Downloaded: 5293.27 MiB, Written: 6570.67 MiB
[PROGRESS] INFO:  + Download	- 0.50 MiB/s (raw) / 0.55 MiB/s (decompressed)
[PROGRESS] INFO:  + Disk	- 0.00 MiB/s (write) / 0.00 MiB/s (read)
[PROGRESS] INFO: = Progress: 38.70 6889845446/17802455739, Running for: 00:19:15, ETA: 00:30:30
[PROGRESS] INFO: = Downloaded: 5293.27 MiB, Written: 6570.67 MiB
[PROGRESS] INFO:  + Download	- 0.50 MiB/s (raw) / 0.60 MiB/s (decompressed)
[PROGRESS] INFO:  + Disk	- 0.00 MiB/s (write) / 0.00 MiB/s (read)
[PROGRESS] INFO: = Progress: 38.70 6889845446/17802455739, Running for: 00:19:16, ETA: 00:30:32
[PROGRESS] INFO: = Downloaded: 5293.27 MiB, Written: 6570.67 MiB
[PROGRESS] INFO:  + Download	- 0.30 MiB/s (raw) / 0.36 MiB/s (decompressed)
[PROGRESS] INFO:  + Disk	- 0.00 MiB/s (write) / 0.00 MiB/s (read)
[PROGRESS] INFO: = Progress: 38.70 6889845446/17802455739, Running for: 00:19:17, ETA: 00:30:33
[PROGRESS] INFO: = Downloaded: 5306.69 MiB, Written: 6570.67 MiB
[PROGRESS] INFO:  + Download	- 0.50 MiB/s (raw) / 0.60 MiB/s (decompressed)
[PROGRESS] INFO:  + Disk	- 0.00 MiB/s (write) / 0.00 MiB/s (read)
[PROGRESS] INFO: = Progress: 38.70 6889845446/17802455739, Running for: 00:19:18, ETA: 00:30:35
[PROGRESS] INFO: = Downloaded: 5306.69 MiB, Written: 6570.67 MiB
[PROGRESS] INFO:  + Download	- 0.50 MiB/s (raw) / 0.57 MiB/s (decompressed)
[PROGRESS] INFO:  + Disk	- 0.00 MiB/s (write) / 0.00 MiB/s (read)
[PROGRESS] INFO: = Progress: 38.70 6889845446/17802455739, Running for: 00:19:19, ETA: 00:30:36
[PROGRESS] INFO: = Downloaded: 5318.87 MiB, Written: 6570.67 MiB
[PROGRESS] INFO:  + Download	- 0.50 MiB/s (raw) / 0.58 MiB/s (decompressed)
[PROGRESS] INFO:  + Disk	- 0.00 MiB/s (write) / 0.00 MiB/s (read)
[PROGRESS] INFO: = Progress: 38.70 6889845446/17802455739, Running for: 00:19:20, ETA: 00:30:38
[PROGRESS] INFO: = Downloaded: 5329.51 MiB, Written: 6570.67 MiB
[PROGRESS] INFO:  + Download	- 0.50 MiB/s (raw) / 0.55 MiB/s (decompressed)
[PROGRESS] INFO:  + Disk	- 0.00 MiB/s (write) / 0.00 MiB/s (read)
[PROGRESS] INFO: = Progress: 38.70 6889845446/17802455739, Running for: 00:19:21, ETA: 00:30:40
[PROGRESS] INFO: = Downloaded: 5329.51 MiB, Written: 6570.67 MiB
[PROGRESS] INFO:  + Download	- 0.50 MiB/s (raw) / 0.55 MiB/s (decompressed)
[PROGRESS] INFO:  + Disk	- 0.00 MiB/s (write) / 0.00 MiB/s (read)
[PROGRESS] INFO: = Progress: 38.70 6889845446/17802455739, Running for: 00:19:22, ETA: 00:30:41
[PROGRESS] INFO: = Downloaded: 5329.51 MiB, Written: 6570.67 MiB
[PROGRESS] INFO:  + Download	- 0.50 MiB/s (raw) / 0.57 MiB/s (decompressed)
[PROGRESS] INFO:  + Disk	- 0.00 MiB/s (write) / 0.00 MiB/s (read)
[PROGRESS] INFO: = Progress: 38.70 6889845446/17802455739, Running for: 00:19:23, ETA: 00:30:43
[PROGRESS] INFO: = Downloaded: 5332.26 MiB, Written: 6570.67 MiB
[PROGRESS] INFO:  + Download	- 0.50 MiB/s (raw) / 0.53 MiB/s (decompressed)
[PROGRESS] INFO:  + Disk	- 0.00 MiB/s (write) / 0.00 MiB/s (read)
[PROGRESS] INFO: = Progress: 38.70 6889845446/17802455739, Running for: 00:19:24, ETA: 00:30:44
[PROGRESS] INFO: = Downloaded: 5341.22 MiB, Written: 6570.67 MiB
[PROGRESS] INFO:  + Download	- 0.50 MiB/s (raw) / 0.56 MiB/s (decompressed)
[PROGRESS] INFO:  + Disk	- 0.00 MiB/s (write) / 0.00 MiB/s (read)
[PROGRESS] INFO: = Progress: 38.70 6889845446/17802455739, Running for: 00:19:25, ETA: 00:30:46
[PROGRESS] INFO: = Downloaded: 5341.22 MiB, Written: 6570.67 MiB
[PROGRESS] INFO:  + Download	- 0.50 MiB/s (raw) / 0.54 MiB/s (decompressed)
[PROGRESS] INFO:  + Disk	- 0.00 MiB/s (write) / 0.00 MiB/s (read)
[PROGRESS] INFO: = Progress: 38.94 6932069938/17802455739, Running for: 00:19:26, ETA: 00:30:29
[PROGRESS] INFO: = Downloaded: 5364.70 MiB, Written: 6610.94 MiB
[PROGRESS] INFO:  + Download	- 25.96 MiB/s (raw) / 28.70 MiB/s (decompressed)
[PROGRESS] INFO:  + Disk	- 51.19 MiB/s (write) / 0.00 MiB/s (read)
[PROGRESS] INFO: = Progress: 39.57 7044612988/17802455739, Running for: 00:19:27, ETA: 00:29:43
[PROGRESS] INFO: = Downloaded: 5373.66 MiB, Written: 6718.27 MiB
[PROGRESS] INFO:  + Download	- 43.79 MiB/s (raw) / 48.65 MiB/s (decompressed)
[PROGRESS] INFO:  + Disk	- 84.75 MiB/s (write) / 0.00 MiB/s (read)
[PROGRESS] INFO: = Progress: 39.57 7044612988/17802455739, Running for: 00:19:28, ETA: 00:29:45
[PROGRESS] INFO: = Downloaded: 5373.66 MiB, Written: 6718.27 MiB
[PROGRESS] INFO:  + Download	- 0.50 MiB/s (raw) / 0.54 MiB/s (decompressed)
[PROGRESS] INFO:  + Disk	- 0.00 MiB/s (write) / 0.00 MiB/s (read)
[PROGRESS] INFO: = Progress: 39.57 7044612988/17802455739, Running for: 00:19:29, ETA: 00:29:46
[PROGRESS] INFO: = Downloaded: 5373.66 MiB, Written: 6718.27 MiB
[PROGRESS] INFO:  + Download	- 0.50 MiB/s (raw) / 0.55 MiB/s (decompressed)
[PROGRESS] INFO:  + Disk	- 0.00 MiB/s (write) / 0.00 MiB/s (read)
[PROGRESS] INFO: = Progress: 39.57 7044612988/17802455739, Running for: 00:19:30, ETA: 00:29:48
[PROGRESS] INFO: = Downloaded: 5373.66 MiB, Written: 6718.27 MiB
[PROGRESS] INFO:  + Download	- 0.50 MiB/s (raw) / 0.55 MiB/s (decompressed)
[PROGRESS] INFO:  + Disk	- 0.00 MiB/s (write) / 0.00 MiB/s (read)
[PROGRESS] INFO: = Progress: 39.89 7101627702/17802455739, Running for: 00:19:32, ETA: 00:29:27
[PROGRESS] INFO: = Downloaded: 5402.03 MiB, Written: 6772.64 MiB
[PROGRESS] INFO:  + Download	- 14.12 MiB/s (raw) / 15.53 MiB/s (decompressed)
[PROGRESS] INFO:  + Disk	- 27.55 MiB/s (write) / 0.00 MiB/s (read)
[PROGRESS] INFO: = Progress: 39.89 7101627702/17802455739, Running for: 00:19:33, ETA: 00:29:28
[PROGRESS] INFO: = Downloaded: 5402.03 MiB, Written: 6772.64 MiB
[PROGRESS] INFO:  + Download	- 0.50 MiB/s (raw) / 0.52 MiB/s (decompressed)
[PROGRESS] INFO:  + Disk	- 0.00 MiB/s (write) / 0.00 MiB/s (read)
[PROGRESS] INFO: = Progress: 39.89 7101627702/17802455739, Running for: 00:19:34, ETA: 00:29:30
[PROGRESS] INFO: = Downloaded: 5402.03 MiB, Written: 6772.64 MiB
[PROGRESS] INFO:  + Download	- 0.50 MiB/s (raw) / 0.59 MiB/s (decompressed)
[PROGRESS] INFO:  + Disk	- 0.00 MiB/s (write) / 0.00 MiB/s (read)
[PROGRESS] INFO: = Progress: 39.89 7101627702/17802455739, Running for: 00:19:35, ETA: 00:29:31
[PROGRESS] INFO: = Downloaded: 5402.03 MiB, Written: 6772.64 MiB
[PROGRESS] INFO:  + Download	- 0.50 MiB/s (raw) / 0.56 MiB/s (decompressed)
[PROGRESS] INFO:  + Disk	- 0.00 MiB/s (write) / 0.00 MiB/s (read)
[PROGRESS] INFO: = Progress: 39.89 7101627702/17802455739, Running for: 00:19:36, ETA: 00:29:33
[PROGRESS] INFO: = Downloaded: 5419.41 MiB, Written: 6772.64 MiB
[PROGRESS] INFO:  + Download	- 0.50 MiB/s (raw) / 0.57 MiB/s (decompressed)
[PROGRESS] INFO:  + Disk	- 0.00 MiB/s (write) / 0.00 MiB/s (read)
[PROGRESS] INFO: = Progress: 39.89 7101627702/17802455739, Running for: 00:19:37, ETA: 00:29:34
[PROGRESS] INFO: = Downloaded: 5419.41 MiB, Written: 6772.64 MiB
[PROGRESS] INFO:  + Download	- 0.50 MiB/s (raw) / 0.53 MiB/s (decompressed)
[PROGRESS] INFO:  + Disk	- 0.00 MiB/s (write) / 0.00 MiB/s (read)
[PROGRESS] INFO: = Progress: 39.89 7101627702/17802455739, Running for: 00:19:38, ETA: 00:29:36
[PROGRESS] INFO: = Downloaded: 5439.43 MiB, Written: 6772.64 MiB
[PROGRESS] INFO:  + Download	- 0.50 MiB/s (raw) / 0.60 MiB/s (decompressed)
[PROGRESS] INFO:  + Disk	- 0.00 MiB/s (write) / 0.00 MiB/s (read)
[PROGRESS] INFO: = Progress: 39.89 7101627702/17802455739, Running for: 00:19:39, ETA: 00:29:37
[PROGRESS] INFO: = Downloaded: 5439.43 MiB, Written: 6772.64 MiB
[PROGRESS] INFO:  + Download	- 0.50 MiB/s (raw) / 0.52 MiB/s (decompressed)
[PROGRESS] INFO:  + Disk	- 0.00 MiB/s (write) / 0.00 MiB/s (read)
[PROGRESS] INFO: = Progress: 39.89 7101627702/17802455739, Running for: 00:19:40, ETA: 00:29:39
[PROGRESS] INFO: = Downloaded: 5450.73 MiB, Written: 6772.64 MiB
[PROGRESS] INFO:  + Download	- 0.50 MiB/s (raw) / 0.58 MiB/s (decompressed)
[PROGRESS] INFO:  + Disk	- 0.00 MiB/s (write) / 0.00 MiB/s (read)
[PROGRESS] INFO: = Progress: 39.95 7112932727/17802455739, Running for: 00:19:42, ETA: 00:29:37
[PROGRESS] INFO: = Downloaded: 5469.81 MiB, Written: 6783.42 MiB
[PROGRESS] INFO:  + Download	- 3.64 MiB/s (raw) / 4.05 MiB/s (decompressed)
[PROGRESS] INFO:  + Disk	- 6.53 MiB/s (write) / 0.00 MiB/s (read)
[PROGRESS] INFO: = Progress: 39.95 7112932727/17802455739, Running for: 00:19:43, ETA: 00:29:38
[PROGRESS] INFO: = Downloaded: 5469.81 MiB, Written: 6783.42 MiB
[PROGRESS] INFO:  + Download	- 0.50 MiB/s (raw) / 0.56 MiB/s (decompressed)
[PROGRESS] INFO:  + Disk	- 0.00 MiB/s (write) / 0.00 MiB/s (read)
[PROGRESS] INFO: = Progress: 39.95 7112932727/17802455739, Running for: 00:19:44, ETA: 00:29:40
[PROGRESS] INFO: = Downloaded: 5481.26 MiB, Written: 6783.42 MiB
[PROGRESS] INFO:  + Download	- 0.50 MiB/s (raw) / 0.53 MiB/s (decompressed)
[PROGRESS] INFO:  + Disk	- 0.00 MiB/s (write) / 0.00 MiB/s (read)
[PROGRESS] INFO: = Progress: 39.95 7112932727/17802455739, Running for: 00:19:45, ETA: 00:29:41
[PROGRESS] INFO: = Downloaded: 5491.98 MiB, Written: 6783.42 MiB
[PROGRESS] INFO:  + Download	- 0.50 MiB/s (raw) / 0.53 MiB/s (decompressed)
[PROGRESS] INFO:  + Disk	- 0.00 MiB/s (write) / 0.00 MiB/s (read)
[PROGRESS] INFO: = Progress: 39.95 7112932727/17802455739, Running for: 00:19:46, ETA: 00:29:43
[PROGRESS] INFO: = Downloaded: 5491.98 MiB, Written: 6783.42 MiB
[PROGRESS] INFO:  + Download	- 0.50 MiB/s (raw) / 0.56 MiB/s (decompressed)
[PROGRESS] INFO:  + Disk	- 0.00 MiB/s (write) / 0.00 MiB/s (read)
[PROGRESS] INFO: = Progress: 39.95 7112932727/17802455739, Running for: 00:19:47, ETA: 00:29:44
[PROGRESS] INFO: = Downloaded: 5491.98 MiB, Written: 6783.42 MiB
[PROGRESS] INFO:  + Download	- 0.50 MiB/s (raw) / 0.54 MiB/s (decompressed)
[PROGRESS] INFO:  + Disk	- 0.00 MiB/s (write) / 0.00 MiB/s (read)
[PROGRESS] INFO: = Progress: 39.95 7112932727/17802455739, Running for: 00:19:48, ETA: 00:29:46
[PROGRESS] INFO: = Downloaded: 5491.98 MiB, Written: 6783.42 MiB
[PROGRESS] INFO:  + Download	- 0.50 MiB/s (raw) / 0.56 MiB/s (decompressed)
[PROGRESS] INFO:  + Disk	- 0.00 MiB/s (write) / 0.00 MiB/s (read)
[PROGRESS] INFO: = Progress: 40.56 7220037721/17802455739, Running for: 00:19:50, ETA: 00:29:04
[PROGRESS] INFO: = Downloaded: 5513.63 MiB, Written: 6885.56 MiB
[PROGRESS] INFO:  + Download	- 30.10 MiB/s (raw) / 33.75 MiB/s (decompressed)
[PROGRESS] INFO:  + Disk	- 59.90 MiB/s (write) / 0.00 MiB/s (read)
[PROGRESS] INFO: = Progress: 40.56 7220037721/17802455739, Running for: 00:19:51, ETA: 00:29:06
[PROGRESS] INFO: = Downloaded: 5522.57 MiB, Written: 6885.56 MiB
[PROGRESS] INFO:  + Download	- 0.50 MiB/s (raw) / 0.57 MiB/s (decompressed)
[PROGRESS] INFO:  + Disk	- 0.00 MiB/s (write) / 0.00 MiB/s (read)
[PROGRESS] INFO: = Progress: 40.65 7236985383/17802455739, Running for: 00:19:52, ETA: 00:29:00
[PROGRESS] INFO: = Downloaded: 5537.11 MiB, Written: 6901.73 MiB
[PROGRESS] INFO:  + Download	- 8.46 MiB/s (raw) / 9.35 MiB/s (decompressed)
[PROGRESS] INFO:  + Disk	- 15.20 MiB/s (write) / 0.00 MiB/s (read)
[PROGRESS] INFO: = Progress: 40.65 7236985383/17802455739, Running for: 00:19:53, ETA: 00:29:02
[PROGRESS] INFO: = Downloaded: 5537.11 MiB, Written: 6901.73 MiB
[PROGRESS] INFO:  + Download	- 0.50 MiB/s (raw) / 0.61 MiB/s (decompressed)
[PROGRESS] INFO:  + Disk	- 0.00 MiB/s (write) / 0.00 MiB/s (read)
[PROGRESS] INFO: = Progress: 40.74 7253541762/17802455739, Running for: 00:19:55, ETA: 00:28:58
[PROGRESS] INFO: = Downloaded: 5551.33 MiB, Written: 6917.52 MiB
[PROGRESS] INFO:  + Download	- 4.53 MiB/s (raw) / 5.02 MiB/s (decompressed)
[PROGRESS] INFO:  + Disk	- 8.76 MiB/s (write) / 0.00 MiB/s (read)
[PROGRESS] INFO: = Progress: 40.84 7271229060/17802455739, Running for: 00:19:57, ETA: 00:28:53
[PROGRESS] INFO: = Downloaded: 5588.02 MiB, Written: 6934.38 MiB
[PROGRESS] INFO:  + Download	- 4.70 MiB/s (raw) / 5.12 MiB/s (decompressed)
[PROGRESS] INFO:  + Disk	- 8.81 MiB/s (write) / 0.00 MiB/s (read)
[PROGRESS] INFO: = Progress: 40.84 7271229060/17802455739, Running for: 00:19:58, ETA: 00:28:55
[PROGRESS] INFO: = Downloaded: 5605.75 MiB, Written: 6934.38 MiB
[PROGRESS] INFO:  + Download	- 0.50 MiB/s (raw) / 0.55 MiB/s (decompressed)
[PROGRESS] INFO:  + Disk	- 0.00 MiB/s (write) / 0.00 MiB/s (read)
[PROGRESS] INFO: = Progress: 41.26 7345327580/17802455739, Running for: 00:20:00, ETA: 00:28:28
[PROGRESS] INFO: = Downloaded: 5632.25 MiB, Written: 7005.05 MiB
[PROGRESS] INFO:  + Download	- 17.89 MiB/s (raw) / 19.96 MiB/s (decompressed)
[PROGRESS] INFO:  + Disk	- 36.86 MiB/s (write) / 0.00 MiB/s (read)
[PROGRESS] INFO: = Progress: 41.39 7368620567/17802455739, Running for: 00:20:01, ETA: 00:28:20
[PROGRESS] INFO: = Downloaded: 5632.25 MiB, Written: 7027.26 MiB
[PROGRESS] INFO:  + Download	- 10.79 MiB/s (raw) / 11.90 MiB/s (decompressed)
[PROGRESS] INFO:  + Disk	- 19.91 MiB/s (write) / 0.00 MiB/s (read)
[PROGRESS] INFO: = Progress: 41.39 7368620567/17802455739, Running for: 00:20:02, ETA: 00:28:22
[PROGRESS] INFO: = Downloaded: 5640.07 MiB, Written: 7027.26 MiB
[PROGRESS] INFO:  + Download	- 0.50 MiB/s (raw) / 0.56 MiB/s (decompressed)
[PROGRESS] INFO:  + Disk	- 0.00 MiB/s (write) / 0.00 MiB/s (read)
[PROGRESS] INFO: = Progress: 41.51 7389674556/17802455739, Running for: 00:20:03, ETA: 00:28:16
[PROGRESS] INFO: = Downloaded: 5649.59 MiB, Written: 7047.34 MiB
[PROGRESS] INFO:  + Download	- 6.47 MiB/s (raw) / 7.00 MiB/s (decompressed)
[PROGRESS] INFO:  + Disk	- 12.00 MiB/s (write) / 0.00 MiB/s (read)
[PROGRESS] INFO: = Progress: 41.51 7389674556/17802455739, Running for: 00:20:04, ETA: 00:28:17
[PROGRESS] INFO: = Downloaded: 5649.59 MiB, Written: 7047.34 MiB
[PROGRESS] INFO:  + Download	- 0.50 MiB/s (raw) / 0.53 MiB/s (decompressed)
[PROGRESS] INFO:  + Disk	- 0.00 MiB/s (write) / 0.00 MiB/s (read)
[PROGRESS] INFO: = Progress: 41.51 7389674556/17802455739, Running for: 00:20:05, ETA: 00:28:19
[PROGRESS] INFO: = Downloaded: 5649.59 MiB, Written: 7047.34 MiB
[PROGRESS] INFO:  + Download	- 0.50 MiB/s (raw) / 0.55 MiB/s (decompressed)
[PROGRESS] INFO:  + Disk	- 0.00 MiB/s (write) / 0.00 MiB/s (read)
[PROGRESS] INFO: = Progress: 41.51 7389674556/17802455739, Running for: 00:20:06, ETA: 00:28:20
[PROGRESS] INFO: = Downloaded: 5653.80 MiB, Written: 7047.34 MiB
[PROGRESS] INFO:  + Download	- 0.50 MiB/s (raw) / 0.52 MiB/s (decompressed)
[PROGRESS] INFO:  + Disk	- 0.00 MiB/s (write) / 0.00 MiB/s (read)
[PROGRESS] INFO: = Progress: 41.51 7389674556/17802455739, Running for: 00:20:07, ETA: 00:28:21
[PROGRESS] INFO: = Downloaded: 5653.80 MiB, Written: 7047.34 MiB
[PROGRESS] INFO:  + Download	- 0.50 MiB/s (raw) / 0.53 MiB/s (decompressed)
[PROGRESS] INFO:  + Disk	- 0.00 MiB/s (write) / 0.00 MiB/s (read)
[PROGRESS] INFO: = Progress: 41.51 7389674556/17802455739, Running for: 00:20:08, ETA: 00:28:23
[PROGRESS] INFO: = Downloaded: 5653.80 MiB, Written: 7047.34 MiB
[PROGRESS] INFO:  + Download	- 0.50 MiB/s (raw) / 0.53 MiB/s (decompressed)
[PROGRESS] INFO:  + Disk	- 0.00 MiB/s (write) / 0.00 MiB/s (read)
[PROGRESS] INFO: = Progress: 41.51 7389674556/17802455739, Running for: 00:20:09, ETA: 00:28:24
[PROGRESS] INFO: = Downloaded: 5653.80 MiB, Written: 7047.34 MiB
[PROGRESS] INFO:  + Download	- 0.50 MiB/s (raw) / 0.53 MiB/s (decompressed)
[PROGRESS] INFO:  + Disk	- 0.00 MiB/s (write) / 0.00 MiB/s (read)
[PROGRESS] INFO: = Progress: 41.51 7389674556/17802455739, Running for: 00:20:10, ETA: 00:28:26
[PROGRESS] INFO: = Downloaded: 5653.80 MiB, Written: 7047.34 MiB
[PROGRESS] INFO:  + Download	- 0.50 MiB/s (raw) / 0.52 MiB/s (decompressed)
[PROGRESS] INFO:  + Disk	- 0.00 MiB/s (write) / 0.00 MiB/s (read)
[PROGRESS] INFO: = Progress: 41.51 7389674556/17802455739, Running for: 00:20:11, ETA: 00:28:27
[PROGRESS] INFO: = Downloaded: 5653.80 MiB, Written: 7047.34 MiB
[PROGRESS] INFO:  + Download	- 0.50 MiB/s (raw) / 0.52 MiB/s (decompressed)
[PROGRESS] INFO:  + Disk	- 0.00 MiB/s (write) / 0.00 MiB/s (read)
[PROGRESS] INFO: = Progress: 41.51 7389674556/17802455739, Running for: 00:20:12, ETA: 00:28:28
[PROGRESS] INFO: = Downloaded: 5653.80 MiB, Written: 7047.34 MiB
[PROGRESS] INFO:  + Download	- 0.50 MiB/s (raw) / 0.54 MiB/s (decompressed)
[PROGRESS] INFO:  + Disk	- 0.00 MiB/s (write) / 0.00 MiB/s (read)
[PROGRESS] INFO: = Progress: 41.51 7389674556/17802455739, Running for: 00:20:13, ETA: 00:28:30
[PROGRESS] INFO: = Downloaded: 5653.80 MiB, Written: 7047.34 MiB
[PROGRESS] INFO:  + Download	- 0.50 MiB/s (raw) / 0.54 MiB/s (decompressed)
[PROGRESS] INFO:  + Disk	- 0.00 MiB/s (write) / 0.00 MiB/s (read)
[PROGRESS] INFO: = Progress: 41.51 7389674556/17802455739, Running for: 00:20:14, ETA: 00:28:31
[PROGRESS] INFO: = Downloaded: 5653.80 MiB, Written: 7047.34 MiB
[PROGRESS] INFO:  + Download	- 0.50 MiB/s (raw) / 0.53 MiB/s (decompressed)
[PROGRESS] INFO:  + Disk	- 0.00 MiB/s (write) / 0.00 MiB/s (read)
[PROGRESS] INFO: = Progress: 41.60 7406295317/17802455739, Running for: 00:20:16, ETA: 00:28:27
[PROGRESS] INFO: = Downloaded: 5666.44 MiB, Written: 7063.19 MiB
[PROGRESS] INFO:  + Download	- 6.36 MiB/s (raw) / 6.71 MiB/s (decompressed)
[PROGRESS] INFO:  + Disk	- 11.86 MiB/s (write) / 0.00 MiB/s (read)
[PROGRESS] INFO: = Progress: 41.69 7422076196/17802455739, Running for: 00:20:17, ETA: 00:28:22
[PROGRESS] INFO: = Downloaded: 5712.50 MiB, Written: 7078.24 MiB
[PROGRESS] INFO:  + Download	- 7.61 MiB/s (raw) / 8.04 MiB/s (decompressed)
[PROGRESS] INFO:  + Disk	- 14.56 MiB/s (write) / 0.00 MiB/s (read)
[PROGRESS] INFO: = Progress: 41.81 7442484718/17802455739, Running for: 00:20:18, ETA: 00:28:15
[PROGRESS] INFO: = Downloaded: 5712.50 MiB, Written: 7097.71 MiB
[PROGRESS] INFO:  + Download	- 9.77 MiB/s (raw) / 10.72 MiB/s (decompressed)
[PROGRESS] INFO:  + Disk	- 18.04 MiB/s (write) / 0.00 MiB/s (read)
[PROGRESS] INFO: = Progress: 42.00 7477692646/17802455739, Running for: 00:20:19, ETA: 00:28:04
[PROGRESS] INFO: = Downloaded: 5723.60 MiB, Written: 7131.28 MiB
[PROGRESS] INFO:  + Download	- 11.04 MiB/s (raw) / 12.28 MiB/s (decompressed)
[PROGRESS] INFO:  + Disk	- 21.41 MiB/s (write) / 0.00 MiB/s (read)
[PROGRESS] INFO: = Progress: 42.00 7477692646/17802455739, Running for: 00:20:20, ETA: 00:28:05
[PROGRESS] INFO: = Downloaded: 5723.60 MiB, Written: 7131.28 MiB
[PROGRESS] INFO:  + Download	- 0.50 MiB/s (raw) / 0.55 MiB/s (decompressed)
[PROGRESS] INFO:  + Disk	- 0.00 MiB/s (write) / 0.00 MiB/s (read)
[PROGRESS] INFO: = Progress: 42.00 7477692646/17802455739, Running for: 00:20:21, ETA: 00:28:07
[PROGRESS] INFO: = Downloaded: 5738.53 MiB, Written: 7131.28 MiB
[PROGRESS] INFO:  + Download	- 0.50 MiB/s (raw) / 0.52 MiB/s (decompressed)
[PROGRESS] INFO:  + Disk	- 0.00 MiB/s (write) / 0.00 MiB/s (read)
[PROGRESS] INFO: = Progress: 42.35 7539205829/17802455739, Running for: 00:20:23, ETA: 00:27:45
[PROGRESS] INFO: = Downloaded: 5783.01 MiB, Written: 7189.95 MiB
[PROGRESS] INFO:  + Download	- 17.92 MiB/s (raw) / 19.82 MiB/s (decompressed)
[PROGRESS] INFO:  + Disk	- 34.79 MiB/s (write) / 0.00 MiB/s (read)
[PROGRESS] INFO: = Progress: 42.35 7539205829/17802455739, Running for: 00:20:24, ETA: 00:27:47
[PROGRESS] INFO: = Downloaded: 5797.99 MiB, Written: 7189.95 MiB
[PROGRESS] INFO:  + Download	- 0.50 MiB/s (raw) / 0.54 MiB/s (decompressed)
[PROGRESS] INFO:  + Disk	- 0.00 MiB/s (write) / 0.00 MiB/s (read)
[PROGRESS] INFO: = Progress: 42.35 7539205829/17802455739, Running for: 00:20:25, ETA: 00:27:48
[PROGRESS] INFO: = Downloaded: 5846.07 MiB, Written: 7189.95 MiB
[PROGRESS] INFO:  + Download	- 0.50 MiB/s (raw) / 0.52 MiB/s (decompressed)
[PROGRESS] INFO:  + Disk	- 0.00 MiB/s (write) / 0.00 MiB/s (read)
[PROGRESS] INFO: = Progress: 42.35 7539205829/17802455739, Running for: 00:20:26, ETA: 00:27:49
[PROGRESS] INFO: = Downloaded: 5886.28 MiB, Written: 7189.95 MiB
[PROGRESS] INFO:  + Download	- 0.50 MiB/s (raw) / 0.52 MiB/s (decompressed)
[PROGRESS] INFO:  + Disk	- 0.00 MiB/s (write) / 0.00 MiB/s (read)
[PROGRESS] INFO: = Progress: 42.35 7539205829/17802455739, Running for: 00:20:27, ETA: 00:27:51
[PROGRESS] INFO: = Downloaded: 5913.68 MiB, Written: 7189.95 MiB
[PROGRESS] INFO:  + Download	- 0.50 MiB/s (raw) / 0.57 MiB/s (decompressed)
[PROGRESS] INFO:  + Disk	- 0.00 MiB/s (write) / 0.00 MiB/s (read)
[PROGRESS] INFO: = Progress: 42.41 7549691589/17802455739, Running for: 00:20:28, ETA: 00:27:48
[PROGRESS] INFO: = Downloaded: 5958.14 MiB, Written: 7199.95 MiB
[PROGRESS] INFO:  + Download	- 4.98 MiB/s (raw) / 5.32 MiB/s (decompressed)
[PROGRESS] INFO:  + Disk	- 9.05 MiB/s (write) / 0.00 MiB/s (read)
[PROGRESS] INFO: = Progress: 42.41 7549691589/17802455739, Running for: 00:20:29, ETA: 00:27:49
[PROGRESS] INFO: = Downloaded: 5974.44 MiB, Written: 7199.95 MiB
[PROGRESS] INFO:  + Download	- 0.50 MiB/s (raw) / 0.53 MiB/s (decompressed)
[PROGRESS] INFO:  + Disk	- 0.00 MiB/s (write) / 0.00 MiB/s (read)
[PROGRESS] INFO: = Progress: 42.41 7549691589/17802455739, Running for: 00:20:30, ETA: 00:27:51
[PROGRESS] INFO: = Downloaded: 6011.31 MiB, Written: 7199.95 MiB
[PROGRESS] INFO:  + Download	- 0.50 MiB/s (raw) / 0.53 MiB/s (decompressed)
[PROGRESS] INFO:  + Disk	- 0.00 MiB/s (write) / 0.00 MiB/s (read)
[PROGRESS] INFO: = Progress: 42.41 7549691589/17802455739, Running for: 00:20:31, ETA: 00:27:52
[PROGRESS] INFO: = Downloaded: 6025.72 MiB, Written: 7199.95 MiB
[PROGRESS] INFO:  + Download	- 0.50 MiB/s (raw) / 0.52 MiB/s (decompressed)
[PROGRESS] INFO:  + Disk	- 0.00 MiB/s (write) / 0.00 MiB/s (read)
[PROGRESS] INFO: = Progress: 42.41 7549691589/17802455739, Running for: 00:20:32, ETA: 00:27:54
[PROGRESS] INFO: = Downloaded: 6039.78 MiB, Written: 7199.95 MiB
[PROGRESS] INFO:  + Download	- 0.50 MiB/s (raw) / 0.53 MiB/s (decompressed)
[PROGRESS] INFO:  + Disk	- 0.00 MiB/s (write) / 0.00 MiB/s (read)
[PROGRESS] INFO: = Progress: 42.41 7549691589/17802455739, Running for: 00:20:33, ETA: 00:27:55
[PROGRESS] INFO: = Downloaded: 6074.82 MiB, Written: 7199.95 MiB
[PROGRESS] INFO:  + Download	- 0.39 MiB/s (raw) / 0.42 MiB/s (decompressed)
[PROGRESS] INFO:  + Disk	- 0.00 MiB/s (write) / 0.00 MiB/s (read)
[PROGRESS] INFO: = Progress: 42.41 7549691589/17802455739, Running for: 00:20:34, ETA: 00:27:56
[PROGRESS] INFO: = Downloaded: 6074.82 MiB, Written: 7199.95 MiB
[PROGRESS] INFO:  + Download	- 0.50 MiB/s (raw) / 0.52 MiB/s (decompressed)
[PROGRESS] INFO:  + Disk	- 0.00 MiB/s (write) / 0.00 MiB/s (read)
[PROGRESS] INFO: = Progress: 42.41 7549691589/17802455739, Running for: 00:20:35, ETA: 00:27:58
[PROGRESS] INFO: = Downloaded: 6093.02 MiB, Written: 7199.95 MiB
[PROGRESS] INFO:  + Download	- 0.50 MiB/s (raw) / 0.53 MiB/s (decompressed)
[PROGRESS] INFO:  + Disk	- 0.00 MiB/s (write) / 0.00 MiB/s (read)
[PROGRESS] INFO: = Progress: 42.41 7549691589/17802455739, Running for: 00:20:36, ETA: 00:27:59
[PROGRESS] INFO: = Downloaded: 6137.11 MiB, Written: 7199.95 MiB
[PROGRESS] INFO:  + Download	- 0.50 MiB/s (raw) / 0.53 MiB/s (decompressed)
[PROGRESS] INFO:  + Disk	- 0.00 MiB/s (write) / 0.00 MiB/s (read)
[PROGRESS] INFO: = Progress: 42.41 7549691589/17802455739, Running for: 00:20:37, ETA: 00:28:00
[PROGRESS] INFO: = Downloaded: 6161.55 MiB, Written: 7199.95 MiB
[PROGRESS] INFO:  + Download	- 0.50 MiB/s (raw) / 0.54 MiB/s (decompressed)
[PROGRESS] INFO:  + Disk	- 0.00 MiB/s (write) / 0.00 MiB/s (read)
[PROGRESS] INFO: = Progress: 42.41 7549691589/17802455739, Running for: 00:20:38, ETA: 00:28:02
[PROGRESS] INFO: = Downloaded: 6162.18 MiB, Written: 7199.95 MiB
[PROGRESS] INFO:  + Download	- 0.50 MiB/s (raw) / 0.53 MiB/s (decompressed)
[PROGRESS] INFO:  + Disk	- 0.00 MiB/s (write) / 0.00 MiB/s (read)
[PROGRESS] INFO: = Progress: 42.41 7549691589/17802455739, Running for: 00:20:39, ETA: 00:28:03
[PROGRESS] INFO: = Downloaded: 6168.88 MiB, Written: 7199.95 MiB
[PROGRESS] INFO:  + Download	- 0.50 MiB/s (raw) / 0.53 MiB/s (decompressed)
[PROGRESS] INFO:  + Disk	- 0.00 MiB/s (write) / 0.00 MiB/s (read)
[PROGRESS] INFO: = Progress: 42.52 7570316209/17802455739, Running for: 00:20:40, ETA: 00:27:56
[PROGRESS] INFO: = Downloaded: 6180.97 MiB, Written: 7219.62 MiB
[PROGRESS] INFO:  + Download	- 10.93 MiB/s (raw) / 11.91 MiB/s (decompressed)
[PROGRESS] INFO:  + Disk	- 20.61 MiB/s (write) / 0.00 MiB/s (read)
[PROGRESS] INFO: = Progress: 43.84 7805099113/17802455739, Running for: 00:20:41, ETA: 00:26:30
[PROGRESS] INFO: = Downloaded: 6192.89 MiB, Written: 7443.52 MiB
[PROGRESS] INFO:  + Download	- 95.41 MiB/s (raw) / 104.52 MiB/s (decompressed)
[PROGRESS] INFO:  + Disk	- 190.12 MiB/s (write) / 0.00 MiB/s (read)
[PROGRESS] INFO: = Progress: 43.84 7805099113/17802455739, Running for: 00:20:42, ETA: 00:26:31
[PROGRESS] INFO: = Downloaded: 6199.08 MiB, Written: 7443.52 MiB
[PROGRESS] INFO:  + Download	- 0.50 MiB/s (raw) / 0.54 MiB/s (decompressed)
[PROGRESS] INFO:  + Disk	- 0.00 MiB/s (write) / 0.00 MiB/s (read)
[PROGRESS] INFO: = Progress: 43.84 7805099113/17802455739, Running for: 00:20:43, ETA: 00:26:33
[PROGRESS] INFO: = Downloaded: 6199.08 MiB, Written: 7443.52 MiB
[PROGRESS] INFO:  + Download	- 0.50 MiB/s (raw) / 0.60 MiB/s (decompressed)
[PROGRESS] INFO:  + Disk	- 0.00 MiB/s (write) / 0.00 MiB/s (read)
[PROGRESS] INFO: = Progress: 45.12 8033281666/17802455739, Running for: 00:20:45, ETA: 00:25:14
[PROGRESS] INFO: = Downloaded: 6215.86 MiB, Written: 7661.13 MiB
[PROGRESS] INFO:  + Download	- 69.20 MiB/s (raw) / 76.94 MiB/s (decompressed)
[PROGRESS] INFO:  + Disk	- 134.39 MiB/s (write) / 0.00 MiB/s (read)
[PROGRESS] INFO: = Progress: 45.12 8033281666/17802455739, Running for: 00:20:46, ETA: 00:25:15
[PROGRESS] INFO: = Downloaded: 6231.45 MiB, Written: 7661.13 MiB
[PROGRESS] INFO:  + Download	- 0.50 MiB/s (raw) / 0.54 MiB/s (decompressed)
[PROGRESS] INFO:  + Disk	- 0.00 MiB/s (write) / 0.00 MiB/s (read)
[PROGRESS] INFO: = Progress: 45.28 8061023209/17802455739, Running for: 00:20:47, ETA: 00:25:08
[PROGRESS] INFO: = Downloaded: 6265.66 MiB, Written: 7687.59 MiB
[PROGRESS] INFO:  + Download	- 13.99 MiB/s (raw) / 15.40 MiB/s (decompressed)
[PROGRESS] INFO:  + Disk	- 18.27 MiB/s (write) / 0.00 MiB/s (read)
[PROGRESS] INFO: = Progress: 45.36 8075683765/17802455739, Running for: 00:20:49, ETA: 00:25:04
[PROGRESS] INFO: = Downloaded: 6266.45 MiB, Written: 7701.57 MiB
[PROGRESS] INFO:  + Download	- 7.21 MiB/s (raw) / 7.97 MiB/s (decompressed)
[PROGRESS] INFO:  + Disk	- 12.48 MiB/s (write) / 0.00 MiB/s (read)
[PROGRESS] INFO: = Progress: 45.36 8075683765/17802455739, Running for: 00:20:50, ETA: 00:25:05
[PROGRESS] INFO: = Downloaded: 6284.53 MiB, Written: 7701.57 MiB
[PROGRESS] INFO:  + Download	- 0.50 MiB/s (raw) / 0.55 MiB/s (decompressed)
[PROGRESS] INFO:  + Disk	- 0.00 MiB/s (write) / 0.00 MiB/s (read)
[PROGRESS] INFO: = Progress: 45.36 8075683765/17802455739, Running for: 00:20:51, ETA: 00:25:06
[PROGRESS] INFO: = Downloaded: 6296.06 MiB, Written: 7701.57 MiB
[PROGRESS] INFO:  + Download	- 0.50 MiB/s (raw) / 0.55 MiB/s (decompressed)
[PROGRESS] INFO:  + Disk	- 0.00 MiB/s (write) / 0.00 MiB/s (read)
[PROGRESS] INFO: = Progress: 45.36 8075683765/17802455739, Running for: 00:20:52, ETA: 00:25:08
[PROGRESS] INFO: = Downloaded: 6304.43 MiB, Written: 7701.57 MiB
[PROGRESS] INFO:  + Download	- 0.50 MiB/s (raw) / 0.55 MiB/s (decompressed)
[PROGRESS] INFO:  + Disk	- 0.00 MiB/s (write) / 0.00 MiB/s (read)
[PROGRESS] INFO: = Progress: 45.36 8075683765/17802455739, Running for: 00:20:53, ETA: 00:25:09
[PROGRESS] INFO: = Downloaded: 6308.95 MiB, Written: 7701.57 MiB
[PROGRESS] INFO:  + Download	- 0.50 MiB/s (raw) / 0.53 MiB/s (decompressed)
[PROGRESS] INFO:  + Disk	- 0.00 MiB/s (write) / 0.00 MiB/s (read)
[PROGRESS] INFO: = Progress: 45.36 8075683765/17802455739, Running for: 00:20:54, ETA: 00:25:10
[PROGRESS] INFO: = Downloaded: 6317.97 MiB, Written: 7701.57 MiB
[PROGRESS] INFO:  + Download	- 0.50 MiB/s (raw) / 0.55 MiB/s (decompressed)
[PROGRESS] INFO:  + Disk	- 0.00 MiB/s (write) / 0.00 MiB/s (read)
[PROGRESS] INFO: = Progress: 45.36 8075683765/17802455739, Running for: 00:20:55, ETA: 00:25:11
[PROGRESS] INFO: = Downloaded: 6334.80 MiB, Written: 7701.57 MiB
[PROGRESS] INFO:  + Download	- 0.50 MiB/s (raw) / 0.53 MiB/s (decompressed)
[PROGRESS] INFO:  + Disk	- 0.00 MiB/s (write) / 0.00 MiB/s (read)
[PROGRESS] INFO: = Progress: 45.36 8075683765/17802455739, Running for: 00:20:56, ETA: 00:25:12
[PROGRESS] INFO: = Downloaded: 6337.67 MiB, Written: 7701.57 MiB
[PROGRESS] INFO:  + Download	- 0.50 MiB/s (raw) / 0.54 MiB/s (decompressed)
[PROGRESS] INFO:  + Disk	- 0.00 MiB/s (write) / 0.00 MiB/s (read)
[PROGRESS] INFO: = Progress: 45.52 8103669169/17802455739, Running for: 00:20:57, ETA: 00:25:05
[PROGRESS] INFO: = Downloaded: 6368.70 MiB, Written: 7728.26 MiB
[PROGRESS] INFO:  + Download	- 11.61 MiB/s (raw) / 12.74 MiB/s (decompressed)
[PROGRESS] INFO:  + Disk	- 18.22 MiB/s (write) / 0.00 MiB/s (read)
[PROGRESS] INFO: = Progress: 45.52 8103669169/17802455739, Running for: 00:20:58, ETA: 00:25:06
[PROGRESS] INFO: = Downloaded: 6379.33 MiB, Written: 7728.26 MiB
[PROGRESS] INFO:  + Download	- 0.50 MiB/s (raw) / 0.55 MiB/s (decompressed)
[PROGRESS] INFO:  + Disk	- 0.00 MiB/s (write) / 0.00 MiB/s (read)
[PROGRESS] INFO: = Progress: 45.52 8103669169/17802455739, Running for: 00:20:59, ETA: 00:25:07
[PROGRESS] INFO: = Downloaded: 6381.13 MiB, Written: 7728.26 MiB
[PROGRESS] INFO:  + Download	- 0.50 MiB/s (raw) / 0.57 MiB/s (decompressed)
[PROGRESS] INFO:  + Disk	- 0.00 MiB/s (write) / 0.00 MiB/s (read)
[PROGRESS] INFO: = Progress: 45.52 8103669169/17802455739, Running for: 00:21:00, ETA: 00:25:08
[PROGRESS] INFO: = Downloaded: 6383.93 MiB, Written: 7728.26 MiB
[PROGRESS] INFO:  + Download	- 0.50 MiB/s (raw) / 0.54 MiB/s (decompressed)
[PROGRESS] INFO:  + Disk	- 0.00 MiB/s (write) / 0.00 MiB/s (read)
[PROGRESS] INFO: = Progress: 45.52 8103669169/17802455739, Running for: 00:21:01, ETA: 00:25:09
[PROGRESS] INFO: = Downloaded: 6394.53 MiB, Written: 7728.26 MiB
[PROGRESS] INFO:  + Download	- 0.50 MiB/s (raw) / 0.59 MiB/s (decompressed)
[PROGRESS] INFO:  + Disk	- 0.00 MiB/s (write) / 0.00 MiB/s (read)
[PROGRESS] INFO: = Progress: 45.52 8103669169/17802455739, Running for: 00:21:02, ETA: 00:25:11
[PROGRESS] INFO: = Downloaded: 6404.96 MiB, Written: 7728.26 MiB
[PROGRESS] INFO:  + Download	- 0.50 MiB/s (raw) / 0.54 MiB/s (decompressed)
[PROGRESS] INFO:  + Disk	- 0.00 MiB/s (write) / 0.00 MiB/s (read)
[PROGRESS] INFO: = Progress: 45.52 8103669169/17802455739, Running for: 00:21:03, ETA: 00:25:12
[PROGRESS] INFO: = Downloaded: 6418.53 MiB, Written: 7728.26 MiB
[PROGRESS] INFO:  + Download	- 0.50 MiB/s (raw) / 0.55 MiB/s (decompressed)
[PROGRESS] INFO:  + Disk	- 0.00 MiB/s (write) / 0.00 MiB/s (read)
[PROGRESS] INFO: = Progress: 46.49 8276020625/17802455739, Running for: 00:21:05, ETA: 00:24:16
[PROGRESS] INFO: = Downloaded: 6438.22 MiB, Written: 7892.63 MiB
[PROGRESS] INFO:  + Download	- 50.39 MiB/s (raw) / 55.22 MiB/s (decompressed)
[PROGRESS] INFO:  + Disk	- 92.01 MiB/s (write) / 0.00 MiB/s (read)
[PROGRESS] INFO: = Progress: 46.49 8276020625/17802455739, Running for: 00:21:06, ETA: 00:24:17
[PROGRESS] INFO: = Downloaded: 6450.42 MiB, Written: 7892.63 MiB
[PROGRESS] INFO:  + Download	- 0.50 MiB/s (raw) / 0.57 MiB/s (decompressed)
[PROGRESS] INFO:  + Disk	- 0.00 MiB/s (write) / 0.00 MiB/s (read)
[PROGRESS] INFO: = Progress: 46.49 8276020625/17802455739, Running for: 00:21:07, ETA: 00:24:18
[PROGRESS] INFO: = Downloaded: 6460.08 MiB, Written: 7892.63 MiB
[PROGRESS] INFO:  + Download	- 0.50 MiB/s (raw) / 0.57 MiB/s (decompressed)
[PROGRESS] INFO:  + Disk	- 0.00 MiB/s (write) / 0.00 MiB/s (read)
[PROGRESS] INFO: = Progress: 46.49 8276020625/17802455739, Running for: 00:21:08, ETA: 00:24:19
[PROGRESS] INFO: = Downloaded: 6477.67 MiB, Written: 7892.63 MiB
[PROGRESS] INFO:  + Download	- 0.50 MiB/s (raw) / 0.57 MiB/s (decompressed)
[PROGRESS] INFO:  + Disk	- 0.00 MiB/s (write) / 0.00 MiB/s (read)
[PROGRESS] INFO: = Progress: 46.49 8276020625/17802455739, Running for: 00:21:09, ETA: 00:24:21
[PROGRESS] INFO: = Downloaded: 6480.87 MiB, Written: 7892.63 MiB
[PROGRESS] INFO:  + Download	- 0.50 MiB/s (raw) / 0.56 MiB/s (decompressed)
[PROGRESS] INFO:  + Disk	- 0.00 MiB/s (write) / 0.00 MiB/s (read)
[PROGRESS] INFO: = Progress: 46.49 8276020625/17802455739, Running for: 00:21:10, ETA: 00:24:22
[PROGRESS] INFO: = Downloaded: 6481.88 MiB, Written: 7892.63 MiB
[PROGRESS] INFO:  + Download	- 0.50 MiB/s (raw) / 0.58 MiB/s (decompressed)
[PROGRESS] INFO:  + Disk	- 0.00 MiB/s (write) / 0.00 MiB/s (read)
[PROGRESS] INFO: = Progress: 46.49 8276020625/17802455739, Running for: 00:21:11, ETA: 00:24:23
[PROGRESS] INFO: = Downloaded: 6483.43 MiB, Written: 7892.63 MiB
[PROGRESS] INFO:  + Download	- 0.50 MiB/s (raw) / 0.58 MiB/s (decompressed)
[PROGRESS] INFO:  + Disk	- 0.00 MiB/s (write) / 0.00 MiB/s (read)
[PROGRESS] INFO: = Progress: 46.49 8276020625/17802455739, Running for: 00:21:12, ETA: 00:24:24
[PROGRESS] INFO: = Downloaded: 6500.27 MiB, Written: 7892.63 MiB
[PROGRESS] INFO:  + Download	- 0.50 MiB/s (raw) / 0.54 MiB/s (decompressed)
[PROGRESS] INFO:  + Disk	- 0.00 MiB/s (write) / 0.00 MiB/s (read)
[PROGRESS] INFO: = Progress: 46.49 8276020625/17802455739, Running for: 00:21:13, ETA: 00:24:25
[PROGRESS] INFO: = Downloaded: 6500.27 MiB, Written: 7892.63 MiB
[PROGRESS] INFO:  + Download	- 0.50 MiB/s (raw) / 0.55 MiB/s (decompressed)
[PROGRESS] INFO:  + Disk	- 0.00 MiB/s (write) / 0.00 MiB/s (read)
[PROGRESS] INFO: = Progress: 46.49 8276020625/17802455739, Running for: 00:21:14, ETA: 00:24:26
[PROGRESS] INFO: = Downloaded: 6512.55 MiB, Written: 7892.63 MiB
[PROGRESS] INFO:  + Download	- 0.50 MiB/s (raw) / 0.56 MiB/s (decompressed)
[PROGRESS] INFO:  + Disk	- 0.00 MiB/s (write) / 0.00 MiB/s (read)
[PROGRESS] INFO: = Progress: 46.49 8276020625/17802455739, Running for: 00:21:15, ETA: 00:24:28
[PROGRESS] INFO: = Downloaded: 6517.53 MiB, Written: 7892.63 MiB
[PROGRESS] INFO:  + Download	- 0.50 MiB/s (raw) / 0.55 MiB/s (decompressed)
[PROGRESS] INFO:  + Disk	- 0.00 MiB/s (write) / 0.00 MiB/s (read)
[PROGRESS] INFO: = Progress: 46.49 8276020625/17802455739, Running for: 00:21:16, ETA: 00:24:29
[PROGRESS] INFO: = Downloaded: 6529.51 MiB, Written: 7892.63 MiB
[PROGRESS] INFO:  + Download	- 0.50 MiB/s (raw) / 0.56 MiB/s (decompressed)
[PROGRESS] INFO:  + Disk	- 0.00 MiB/s (write) / 0.00 MiB/s (read)
[PROGRESS] INFO: = Progress: 46.85 8340117215/17802455739, Running for: 00:21:17, ETA: 00:24:09
[PROGRESS] INFO: = Downloaded: 6564.03 MiB, Written: 7953.76 MiB
[PROGRESS] INFO:  + Download	- 23.36 MiB/s (raw) / 25.74 MiB/s (decompressed)
[PROGRESS] INFO:  + Disk	- 43.35 MiB/s (write) / 0.00 MiB/s (read)
[PROGRESS] INFO: = Progress: 46.99 8364625798/17802455739, Running for: 00:21:18, ETA: 00:24:02
[PROGRESS] INFO: = Downloaded: 6574.78 MiB, Written: 7977.13 MiB
[PROGRESS] INFO:  + Download	- 11.11 MiB/s (raw) / 12.25 MiB/s (decompressed)
[PROGRESS] INFO:  + Disk	- 20.69 MiB/s (write) / 0.00 MiB/s (read)
[PROGRESS] INFO: = Progress: 46.99 8364625798/17802455739, Running for: 00:21:19, ETA: 00:24:04
[PROGRESS] INFO: = Downloaded: 6588.16 MiB, Written: 7977.13 MiB
[PROGRESS] INFO:  + Download	- 0.50 MiB/s (raw) / 0.55 MiB/s (decompressed)
[PROGRESS] INFO:  + Disk	- 0.00 MiB/s (write) / 0.00 MiB/s (read)
[PROGRESS] INFO: = Progress: 47.59 8471934692/17802455739, Running for: 00:21:21, ETA: 00:23:30
[PROGRESS] INFO: = Downloaded: 6611.42 MiB, Written: 8079.47 MiB
[PROGRESS] INFO:  + Download	- 44.72 MiB/s (raw) / 49.04 MiB/s (decompressed)
[PROGRESS] INFO:  + Disk	- 81.73 MiB/s (write) / 0.00 MiB/s (read)
[PROGRESS] INFO: = Progress: 47.90 8526843411/17802455739, Running for: 00:21:23, ETA: 00:23:15
[PROGRESS] INFO: = Downloaded: 6644.00 MiB, Written: 8131.83 MiB
[PROGRESS] INFO:  + Download	- 14.15 MiB/s (raw) / 15.63 MiB/s (decompressed)
[PROGRESS] INFO:  + Disk	- 26.95 MiB/s (write) / 0.00 MiB/s (read)
[PROGRESS] INFO: = Progress: 48.04 8552670819/17802455739, Running for: 00:21:24, ETA: 00:23:09
[PROGRESS] INFO: = Downloaded: 6692.45 MiB, Written: 8156.46 MiB
[PROGRESS] INFO:  + Download	- 9.30 MiB/s (raw) / 10.42 MiB/s (decompressed)
[PROGRESS] INFO:  + Disk	- 17.23 MiB/s (write) / 0.00 MiB/s (read)
[PROGRESS] INFO: = Progress: 48.42 8619569390/17802455739, Running for: 00:21:25, ETA: 00:22:49
[PROGRESS] INFO: = Downloaded: 6725.58 MiB, Written: 8220.26 MiB
[PROGRESS] INFO:  + Download	- 33.71 MiB/s (raw) / 37.68 MiB/s (decompressed)
[PROGRESS] INFO:  + Disk	- 61.18 MiB/s (write) / 0.00 MiB/s (read)
[PROGRESS] INFO: = Progress: 48.48 8631405617/17802455739, Running for: 00:21:26, ETA: 00:22:47
[PROGRESS] INFO: = Downloaded: 6745.07 MiB, Written: 8231.55 MiB
[PROGRESS] INFO:  + Download	- 5.76 MiB/s (raw) / 6.43 MiB/s (decompressed)
[PROGRESS] INFO:  + Disk	- 9.88 MiB/s (write) / 0.00 MiB/s (read)
[PROGRESS] INFO: = Progress: 48.53 8640133787/17802455739, Running for: 00:21:27, ETA: 00:22:45
[PROGRESS] INFO: = Downloaded: 6759.01 MiB, Written: 8239.87 MiB
[PROGRESS] INFO:  + Download	- 4.53 MiB/s (raw) / 5.01 MiB/s (decompressed)
[PROGRESS] INFO:  + Disk	- 6.86 MiB/s (write) / 0.00 MiB/s (read)
[PROGRESS] INFO: = Progress: 48.86 8697572700/17802455739, Running for: 00:21:29, ETA: 00:22:29
[PROGRESS] INFO: = Downloaded: 6793.92 MiB, Written: 8294.65 MiB
[PROGRESS] INFO:  + Download	- 22.48 MiB/s (raw) / 25.32 MiB/s (decompressed)
[PROGRESS] INFO:  + Disk	- 37.81 MiB/s (write) / 0.00 MiB/s (read)
[PROGRESS] INFO: = Progress: 48.95 8714292568/17802455739, Running for: 00:21:30, ETA: 00:22:25
[PROGRESS] INFO: = Downloaded: 6804.26 MiB, Written: 8310.60 MiB
[PROGRESS] INFO:  + Download	- 10.18 MiB/s (raw) / 11.11 MiB/s (decompressed)
[PROGRESS] INFO:  + Disk	- 16.78 MiB/s (write) / 0.00 MiB/s (read)
[PROGRESS] INFO: = Progress: 49.14 8748748736/17802455739, Running for: 00:21:31, ETA: 00:22:16
[PROGRESS] INFO: = Downloaded: 6839.02 MiB, Written: 8343.46 MiB
[PROGRESS] INFO:  + Download	- 11.73 MiB/s (raw) / 13.21 MiB/s (decompressed)
[PROGRESS] INFO:  + Disk	- 20.48 MiB/s (write) / 0.00 MiB/s (read)
[PROGRESS] INFO: = Progress: 49.38 8791283640/17802455739, Running for: 00:21:33, ETA: 00:22:05
[PROGRESS] INFO: = Downloaded: 6863.22 MiB, Written: 8384.02 MiB
[PROGRESS] INFO:  + Download	- 16.24 MiB/s (raw) / 17.97 MiB/s (decompressed)
[PROGRESS] INFO:  + Disk	- 27.28 MiB/s (write) / 0.00 MiB/s (read)
[PROGRESS] INFO: = Progress: 49.47 8806799644/17802455739, Running for: 00:21:34, ETA: 00:22:02
[PROGRESS] INFO: = Downloaded: 6880.33 MiB, Written: 8398.82 MiB
[PROGRESS] INFO:  + Download	- 6.55 MiB/s (raw) / 7.32 MiB/s (decompressed)
[PROGRESS] INFO:  + Disk	- 11.30 MiB/s (write) / 0.00 MiB/s (read)
[PROGRESS] INFO: = Progress: 49.47 8806799644/17802455739, Running for: 00:21:35, ETA: 00:22:03
[PROGRESS] INFO: = Downloaded: 6898.80 MiB, Written: 8398.82 MiB
[PROGRESS] INFO:  + Download	- 0.50 MiB/s (raw) / 0.55 MiB/s (decompressed)
[PROGRESS] INFO:  + Disk	- 0.00 MiB/s (write) / 0.00 MiB/s (read)
[PROGRESS] INFO: = Progress: 49.47 8806799644/17802455739, Running for: 00:21:36, ETA: 00:22:04
[PROGRESS] INFO: = Downloaded: 6920.73 MiB, Written: 8398.82 MiB
[PROGRESS] INFO:  + Download	- 0.50 MiB/s (raw) / 0.54 MiB/s (decompressed)
[PROGRESS] INFO:  + Disk	- 0.00 MiB/s (write) / 0.00 MiB/s (read)
[PROGRESS] INFO: = Progress: 49.47 8806799644/17802455739, Running for: 00:21:37, ETA: 00:22:05
[PROGRESS] INFO: = Downloaded: 6925.41 MiB, Written: 8398.82 MiB
[PROGRESS] INFO:  + Download	- 0.50 MiB/s (raw) / 0.54 MiB/s (decompressed)
[PROGRESS] INFO:  + Disk	- 0.00 MiB/s (write) / 0.00 MiB/s (read)
[PROGRESS] INFO: = Progress: 49.47 8806799644/17802455739, Running for: 00:21:38, ETA: 00:22:06
[PROGRESS] INFO: = Downloaded: 6958.55 MiB, Written: 8398.82 MiB
[PROGRESS] INFO:  + Download	- 0.50 MiB/s (raw) / 0.52 MiB/s (decompressed)
[PROGRESS] INFO:  + Disk	- 0.00 MiB/s (write) / 0.00 MiB/s (read)
[PROGRESS] INFO: = Progress: 49.47 8806799644/17802455739, Running for: 00:21:39, ETA: 00:22:07
[PROGRESS] INFO: = Downloaded: 6974.14 MiB, Written: 8398.82 MiB
[PROGRESS] INFO:  + Download	- 0.50 MiB/s (raw) / 0.53 MiB/s (decompressed)
[PROGRESS] INFO:  + Disk	- 0.00 MiB/s (write) / 0.00 MiB/s (read)
[PROGRESS] INFO: = Progress: 50.24 8943257660/17802455739, Running for: 00:21:40, ETA: 00:21:28
[PROGRESS] INFO: = Downloaded: 7000.11 MiB, Written: 8528.96 MiB
[PROGRESS] INFO:  + Download	- 62.46 MiB/s (raw) / 69.63 MiB/s (decompressed)
[PROGRESS] INFO:  + Disk	- 114.12 MiB/s (write) / 0.00 MiB/s (read)
[PROGRESS] INFO: = Progress: 50.30 8954076529/17802455739, Running for: 00:21:41, ETA: 00:21:26
[PROGRESS] INFO: = Downloaded: 7014.74 MiB, Written: 8539.27 MiB
[PROGRESS] INFO:  + Download	- 5.35 MiB/s (raw) / 5.95 MiB/s (decompressed)
[PROGRESS] INFO:  + Disk	- 7.67 MiB/s (write) / 0.00 MiB/s (read)
[PROGRESS] INFO: = Progress: 50.40 8971970510/17802455739, Running for: 00:21:42, ETA: 00:21:22
[PROGRESS] INFO: = Downloaded: 7031.44 MiB, Written: 8556.34 MiB
[PROGRESS] INFO:  + Download	- 10.69 MiB/s (raw) / 11.72 MiB/s (decompressed)
[PROGRESS] INFO:  + Disk	- 17.56 MiB/s (write) / 0.00 MiB/s (read)
[PROGRESS] INFO: = Progress: 50.59 9006145463/17802455739, Running for: 00:21:44, ETA: 00:21:14
[PROGRESS] INFO: = Downloaded: 7054.74 MiB, Written: 8588.93 MiB
[PROGRESS] INFO:  + Download	- 13.84 MiB/s (raw) / 15.08 MiB/s (decompressed)
[PROGRESS] INFO:  + Disk	- 17.73 MiB/s (write) / 0.00 MiB/s (read)
[PROGRESS] INFO: = Progress: 50.62 9011613221/17802455739, Running for: 00:21:46, ETA: 00:21:14
[PROGRESS] INFO: = Downloaded: 7078.39 MiB, Written: 8594.14 MiB
[PROGRESS] INFO:  + Download	- 2.75 MiB/s (raw) / 2.98 MiB/s (decompressed)
[PROGRESS] INFO:  + Disk	- 4.09 MiB/s (write) / 0.00 MiB/s (read)
[PROGRESS] INFO: = Progress: 50.69 9024100260/17802455739, Running for: 00:21:47, ETA: 00:21:11
[PROGRESS] INFO: = Downloaded: 7096.06 MiB, Written: 8606.05 MiB
[PROGRESS] INFO:  + Download	- 7.50 MiB/s (raw) / 8.26 MiB/s (decompressed)
[PROGRESS] INFO:  + Disk	- 13.90 MiB/s (write) / 0.00 MiB/s (read)
[PROGRESS] INFO: = Progress: 50.95 9069956796/17802455739, Running for: 00:21:48, ETA: 00:20:59
[PROGRESS] INFO: = Downloaded: 7114.20 MiB, Written: 8649.78 MiB
[PROGRESS] INFO:  + Download	- 24.61 MiB/s (raw) / 27.44 MiB/s (decompressed)
[PROGRESS] INFO:  + Disk	- 41.95 MiB/s (write) / 0.00 MiB/s (read)
[PROGRESS] INFO: = Progress: 51.20 9114951075/17802455739, Running for: 00:21:49, ETA: 00:20:47
[PROGRESS] INFO: = Downloaded: 7137.18 MiB, Written: 8692.69 MiB
[PROGRESS] INFO:  + Download	- 22.96 MiB/s (raw) / 25.48 MiB/s (decompressed)
[PROGRESS] INFO:  + Disk	- 36.30 MiB/s (write) / 0.00 MiB/s (read)
[PROGRESS] INFO: = Progress: 51.28 9129385122/17802455739, Running for: 00:21:51, ETA: 00:20:45
[PROGRESS] INFO: = Downloaded: 7158.99 MiB, Written: 8706.46 MiB
[PROGRESS] INFO:  + Download	- 4.08 MiB/s (raw) / 4.47 MiB/s (decompressed)
[PROGRESS] INFO:  + Disk	- 6.51 MiB/s (write) / 0.00 MiB/s (read)
[PROGRESS] INFO: = Progress: 51.44 9157769510/17802455739, Running for: 00:21:52, ETA: 00:20:38
[PROGRESS] INFO: = Downloaded: 7179.38 MiB, Written: 8733.53 MiB
[PROGRESS] INFO:  + Download	- 18.84 MiB/s (raw) / 20.87 MiB/s (decompressed)
[PROGRESS] INFO:  + Disk	- 27.97 MiB/s (write) / 0.00 MiB/s (read)
[PROGRESS] INFO: = Progress: 51.51 9169429190/17802455739, Running for: 00:21:53, ETA: 00:20:36
[PROGRESS] INFO: = Downloaded: 7193.12 MiB, Written: 8744.65 MiB
[PROGRESS] INFO:  + Download	- 7.36 MiB/s (raw) / 8.08 MiB/s (decompressed)
[PROGRESS] INFO:  + Disk	- 10.40 MiB/s (write) / 0.00 MiB/s (read)
[PROGRESS] INFO: = Progress: 51.54 9176074389/17802455739, Running for: 00:21:54, ETA: 00:20:35
[PROGRESS] INFO: = Downloaded: 7204.34 MiB, Written: 8750.99 MiB
[PROGRESS] INFO:  + Download	- 2.96 MiB/s (raw) / 3.25 MiB/s (decompressed)
[PROGRESS] INFO:  + Disk	- 4.51 MiB/s (write) / 0.00 MiB/s (read)
[PROGRESS] INFO: = Progress: 51.54 9176074389/17802455739, Running for: 00:21:55, ETA: 00:20:36
[PROGRESS] INFO: = Downloaded: 7217.64 MiB, Written: 8750.99 MiB
[PROGRESS] INFO:  + Download	- 0.50 MiB/s (raw) / 0.53 MiB/s (decompressed)
[PROGRESS] INFO:  + Disk	- 0.00 MiB/s (write) / 0.00 MiB/s (read)
[PROGRESS] INFO: = Progress: 51.76 9214360447/17802455739, Running for: 00:21:56, ETA: 00:20:27
[PROGRESS] INFO: = Downloaded: 7235.46 MiB, Written: 8787.50 MiB
[PROGRESS] INFO:  + Download	- 24.25 MiB/s (raw) / 27.05 MiB/s (decompressed)
[PROGRESS] INFO:  + Disk	- 36.68 MiB/s (write) / 0.00 MiB/s (read)
[PROGRESS] INFO: = Progress: 51.83 9227064418/17802455739, Running for: 00:21:57, ETA: 00:20:24
[PROGRESS] INFO: = Downloaded: 7240.50 MiB, Written: 8799.61 MiB
[PROGRESS] INFO:  + Download	- 8.97 MiB/s (raw) / 9.66 MiB/s (decompressed)
[PROGRESS] INFO:  + Disk	- 10.23 MiB/s (write) / 0.00 MiB/s (read)
[PROGRESS] INFO: = Progress: 51.83 9227064418/17802455739, Running for: 00:21:58, ETA: 00:20:25
[PROGRESS] INFO: = Downloaded: 7248.72 MiB, Written: 8799.61 MiB
[PROGRESS] INFO:  + Download	- 0.50 MiB/s (raw) / 0.56 MiB/s (decompressed)
[PROGRESS] INFO:  + Disk	- 0.00 MiB/s (write) / 0.00 MiB/s (read)
[PROGRESS] INFO: = Progress: 51.95 9248160685/17802455739, Running for: 00:21:59, ETA: 00:20:20
[PROGRESS] INFO: = Downloaded: 7262.29 MiB, Written: 8819.73 MiB
[PROGRESS] INFO:  + Download	- 12.80 MiB/s (raw) / 14.08 MiB/s (decompressed)
[PROGRESS] INFO:  + Disk	- 20.67 MiB/s (write) / 0.00 MiB/s (read)
[PROGRESS] INFO: = Progress: 52.03 9262968971/17802455739, Running for: 00:22:01, ETA: 00:20:18
[PROGRESS] INFO: = Downloaded: 7279.41 MiB, Written: 8833.86 MiB
[PROGRESS] INFO:  + Download	- 4.99 MiB/s (raw) / 5.38 MiB/s (decompressed)
[PROGRESS] INFO:  + Disk	- 8.12 MiB/s (write) / 0.00 MiB/s (read)
[PROGRESS] INFO: = Progress: 52.12 9278893539/17802455739, Running for: 00:22:02, ETA: 00:20:14
[PROGRESS] INFO: = Downloaded: 7286.67 MiB, Written: 8849.04 MiB
[PROGRESS] INFO:  + Download	- 9.52 MiB/s (raw) / 10.47 MiB/s (decompressed)
[PROGRESS] INFO:  + Disk	- 13.50 MiB/s (write) / 0.00 MiB/s (read)
[PROGRESS] INFO: = Progress: 52.16 9285376065/17802455739, Running for: 00:22:03, ETA: 00:20:14
[PROGRESS] INFO: = Downloaded: 7302.98 MiB, Written: 8855.22 MiB
[PROGRESS] INFO:  + Download	- 3.59 MiB/s (raw) / 4.09 MiB/s (decompressed)
[PROGRESS] INFO:  + Disk	- 5.33 MiB/s (write) / 0.00 MiB/s (read)
[PROGRESS] INFO: = Progress: 52.26 9302706427/17802455739, Running for: 00:22:04, ETA: 00:20:10
[PROGRESS] INFO: = Downloaded: 7309.92 MiB, Written: 8871.75 MiB
[PROGRESS] INFO:  + Download	- 9.83 MiB/s (raw) / 10.87 MiB/s (decompressed)
[PROGRESS] INFO:  + Disk	- 13.68 MiB/s (write) / 0.00 MiB/s (read)
[PROGRESS] INFO: = Progress: 52.36 9322104151/17802455739, Running for: 00:22:06, ETA: 00:20:06
[PROGRESS] INFO: = Downloaded: 7325.69 MiB, Written: 8890.25 MiB
[PROGRESS] INFO:  + Download	- 7.84 MiB/s (raw) / 8.45 MiB/s (decompressed)
[PROGRESS] INFO:  + Disk	- 14.57 MiB/s (write) / 0.00 MiB/s (read)
[PROGRESS] INFO: = Progress: 52.44 9336149378/17802455739, Running for: 00:22:07, ETA: 00:20:03
[PROGRESS] INFO: = Downloaded: 7331.20 MiB, Written: 8903.65 MiB
[PROGRESS] INFO:  + Download	- 8.12 MiB/s (raw) / 8.93 MiB/s (decompressed)
[PROGRESS] INFO:  + Disk	- 11.18 MiB/s (write) / 0.00 MiB/s (read)
[PROGRESS] INFO: = Progress: 52.44 9336149378/17802455739, Running for: 00:22:08, ETA: 00:20:04
[PROGRESS] INFO: = Downloaded: 7343.18 MiB, Written: 8903.65 MiB
[PROGRESS] INFO:  + Download	- 0.50 MiB/s (raw) / 0.55 MiB/s (decompressed)
[PROGRESS] INFO:  + Disk	- 0.00 MiB/s (write) / 0.00 MiB/s (read)
[PROGRESS] INFO: = Progress: 52.44 9336149378/17802455739, Running for: 00:22:09, ETA: 00:20:05
[PROGRESS] INFO: = Downloaded: 7346.83 MiB, Written: 8903.65 MiB
[PROGRESS] INFO:  + Download	- 0.50 MiB/s (raw) / 0.52 MiB/s (decompressed)
[PROGRESS] INFO:  + Disk	- 0.00 MiB/s (write) / 0.00 MiB/s (read)
[PROGRESS] INFO: = Progress: 52.44 9336149378/17802455739, Running for: 00:22:10, ETA: 00:20:06
[PROGRESS] INFO: = Downloaded: 7349.92 MiB, Written: 8903.65 MiB
[PROGRESS] INFO:  + Download	- 0.50 MiB/s (raw) / 0.57 MiB/s (decompressed)
[PROGRESS] INFO:  + Disk	- 0.00 MiB/s (write) / 0.00 MiB/s (read)
[PROGRESS] INFO: = Progress: 52.44 9336149378/17802455739, Running for: 00:22:11, ETA: 00:20:07
[PROGRESS] INFO: = Downloaded: 7357.80 MiB, Written: 8903.65 MiB
[PROGRESS] INFO:  + Download	- 0.50 MiB/s (raw) / 0.56 MiB/s (decompressed)
[PROGRESS] INFO:  + Disk	- 0.00 MiB/s (write) / 0.00 MiB/s (read)
[PROGRESS] INFO: = Progress: 52.47 9341220222/17802455739, Running for: 00:22:12, ETA: 00:20:06
[PROGRESS] INFO: = Downloaded: 7363.69 MiB, Written: 8908.48 MiB
[PROGRESS] INFO:  + Download	- 3.99 MiB/s (raw) / 4.40 MiB/s (decompressed)
[PROGRESS] INFO:  + Disk	- 7.82 MiB/s (write) / 0.00 MiB/s (read)
[PROGRESS] INFO: = Progress: 52.50 9346601367/17802455739, Running for: 00:22:13, ETA: 00:20:06
[PROGRESS] INFO: = Downloaded: 7370.10 MiB, Written: 8913.61 MiB
[PROGRESS] INFO:  + Download	- 2.43 MiB/s (raw) / 2.68 MiB/s (decompressed)
[PROGRESS] INFO:  + Disk	- 2.08 MiB/s (write) / 0.00 MiB/s (read)
[PROGRESS] INFO: = Progress: 52.50 9346601367/17802455739, Running for: 00:22:14, ETA: 00:20:07
[PROGRESS] INFO: = Downloaded: 7383.99 MiB, Written: 8913.61 MiB
[PROGRESS] INFO:  + Download	- 0.50 MiB/s (raw) / 0.56 MiB/s (decompressed)
[PROGRESS] INFO:  + Disk	- 0.00 MiB/s (write) / 0.00 MiB/s (read)
[PROGRESS] INFO: = Progress: 52.50 9346601367/17802455739, Running for: 00:22:15, ETA: 00:20:08
[PROGRESS] INFO: = Downloaded: 7393.98 MiB, Written: 8913.61 MiB
[PROGRESS] INFO:  + Download	- 0.50 MiB/s (raw) / 0.55 MiB/s (decompressed)
[PROGRESS] INFO:  + Disk	- 0.00 MiB/s (write) / 0.00 MiB/s (read)
[PROGRESS] INFO: = Progress: 52.50 9346601367/17802455739, Running for: 00:22:16, ETA: 00:20:09
[PROGRESS] INFO: = Downloaded: 7393.98 MiB, Written: 8913.61 MiB
[PROGRESS] INFO:  + Download	- 0.50 MiB/s (raw) / 0.53 MiB/s (decompressed)
[PROGRESS] INFO:  + Disk	- 0.00 MiB/s (write) / 0.00 MiB/s (read)
[PROGRESS] INFO: = Progress: 52.50 9346601367/17802455739, Running for: 00:22:17, ETA: 00:20:09
[PROGRESS] INFO: = Downloaded: 7398.63 MiB, Written: 8913.61 MiB
[PROGRESS] INFO:  + Download	- 0.50 MiB/s (raw) / 0.63 MiB/s (decompressed)
[PROGRESS] INFO:  + Disk	- 0.00 MiB/s (write) / 0.00 MiB/s (read)
[PROGRESS] INFO: = Progress: 52.50 9346601367/17802455739, Running for: 00:22:18, ETA: 00:20:10
[PROGRESS] INFO: = Downloaded: 7400.22 MiB, Written: 8913.61 MiB
[PROGRESS] INFO:  + Download	- 0.50 MiB/s (raw) / 0.53 MiB/s (decompressed)
[PROGRESS] INFO:  + Disk	- 0.00 MiB/s (write) / 0.00 MiB/s (read)
[PROGRESS] INFO: = Progress: 52.50 9346601367/17802455739, Running for: 00:22:19, ETA: 00:20:11
[PROGRESS] INFO: = Downloaded: 7401.55 MiB, Written: 8913.61 MiB
[PROGRESS] INFO:  + Download	- 0.50 MiB/s (raw) / 0.56 MiB/s (decompressed)
[PROGRESS] INFO:  + Disk	- 0.00 MiB/s (write) / 0.00 MiB/s (read)
[PROGRESS] INFO: = Progress: 52.86 9410790781/17802455739, Running for: 00:22:20, ETA: 00:19:55
[PROGRESS] INFO: = Downloaded: 7406.15 MiB, Written: 8974.83 MiB
[PROGRESS] INFO:  + Download	- 25.37 MiB/s (raw) / 27.88 MiB/s (decompressed)
[PROGRESS] INFO:  + Disk	- 40.91 MiB/s (write) / 0.00 MiB/s (read)
[PROGRESS] INFO: = Progress: 52.86 9410790781/17802455739, Running for: 00:22:21, ETA: 00:19:56
[PROGRESS] INFO: = Downloaded: 7420.31 MiB, Written: 8974.83 MiB
[PROGRESS] INFO:  + Download	- 0.50 MiB/s (raw) / 0.57 MiB/s (decompressed)
[PROGRESS] INFO:  + Disk	- 0.00 MiB/s (write) / 0.00 MiB/s (read)
[PROGRESS] INFO: = Progress: 52.86 9410790781/17802455739, Running for: 00:22:22, ETA: 00:19:57
[PROGRESS] INFO: = Downloaded: 7421.81 MiB, Written: 8974.83 MiB
[PROGRESS] INFO:  + Download	- 0.50 MiB/s (raw) / 0.55 MiB/s (decompressed)
[PROGRESS] INFO:  + Disk	- 0.00 MiB/s (write) / 0.00 MiB/s (read)
[PROGRESS] INFO: = Progress: 52.86 9410790781/17802455739, Running for: 00:22:23, ETA: 00:19:58
[PROGRESS] INFO: = Downloaded: 7423.30 MiB, Written: 8974.83 MiB
[PROGRESS] INFO:  + Download	- 0.50 MiB/s (raw) / 0.56 MiB/s (decompressed)
[PROGRESS] INFO:  + Disk	- 0.00 MiB/s (write) / 0.00 MiB/s (read)
[PROGRESS] INFO: = Progress: 52.86 9410790781/17802455739, Running for: 00:22:24, ETA: 00:19:59
[PROGRESS] INFO: = Downloaded: 7423.30 MiB, Written: 8974.83 MiB
[PROGRESS] INFO:  + Download	- 0.09 MiB/s (raw) / 0.09 MiB/s (decompressed)
[PROGRESS] INFO:  + Disk	- 0.00 MiB/s (write) / 0.00 MiB/s (read)
[PROGRESS] INFO: = Progress: 53.13 9459084586/17802455739, Running for: 00:22:26, ETA: 00:19:47
[PROGRESS] INFO: = Downloaded: 7446.58 MiB, Written: 9020.89 MiB
[PROGRESS] INFO:  + Download	- 15.79 MiB/s (raw) / 17.50 MiB/s (decompressed)
[PROGRESS] INFO:  + Disk	- 27.11 MiB/s (write) / 0.00 MiB/s (read)
[PROGRESS] INFO: = Progress: 53.19 9469349283/17802455739, Running for: 00:22:28, ETA: 00:19:46
[PROGRESS] INFO: = Downloaded: 7459.48 MiB, Written: 9030.68 MiB
[PROGRESS] INFO:  + Download	- 3.53 MiB/s (raw) / 3.89 MiB/s (decompressed)
[PROGRESS] INFO:  + Disk	- 5.75 MiB/s (write) / 0.00 MiB/s (read)
[PROGRESS] INFO: = Progress: 53.19 9469349283/17802455739, Running for: 00:22:29, ETA: 00:19:47
[PROGRESS] INFO: = Downloaded: 7463.45 MiB, Written: 9030.68 MiB
[PROGRESS] INFO:  + Download	- 0.50 MiB/s (raw) / 0.54 MiB/s (decompressed)
[PROGRESS] INFO:  + Disk	- 0.00 MiB/s (write) / 0.00 MiB/s (read)
[PROGRESS] INFO: = Progress: 53.27 9482541139/17802455739, Running for: 00:22:30, ETA: 00:19:45
[PROGRESS] INFO: = Downloaded: 7502.17 MiB, Written: 9043.26 MiB
[PROGRESS] INFO:  + Download	- 5.09 MiB/s (raw) / 5.64 MiB/s (decompressed)
[PROGRESS] INFO:  + Disk	- 9.98 MiB/s (write) / 0.00 MiB/s (read)
[PROGRESS] INFO: = Progress: 53.65 9551369169/17802455739, Running for: 00:22:32, ETA: 00:19:28
[PROGRESS] INFO: = Downloaded: 7519.90 MiB, Written: 9108.90 MiB
[PROGRESS] INFO:  + Download	- 17.93 MiB/s (raw) / 19.65 MiB/s (decompressed)
[PROGRESS] INFO:  + Disk	- 32.94 MiB/s (write) / 0.00 MiB/s (read)
[PROGRESS] INFO: = Progress: 53.65 9551369169/17802455739, Running for: 00:22:33, ETA: 00:19:29
[PROGRESS] INFO: = Downloaded: 7519.90 MiB, Written: 9108.90 MiB
[PROGRESS] INFO:  + Download	- 0.14 MiB/s (raw) / 0.15 MiB/s (decompressed)
[PROGRESS] INFO:  + Disk	- 0.00 MiB/s (write) / 0.00 MiB/s (read)
[PROGRESS] INFO: = Progress: 53.73 9565342261/17802455739, Running for: 00:22:34, ETA: 00:19:26
[PROGRESS] INFO: = Downloaded: 7546.67 MiB, Written: 9122.22 MiB
[PROGRESS] INFO:  + Download	- 5.37 MiB/s (raw) / 5.93 MiB/s (decompressed)
[PROGRESS] INFO:  + Disk	- 10.41 MiB/s (write) / 0.00 MiB/s (read)
[PROGRESS] INFO: = Progress: 53.90 9595260962/17802455739, Running for: 00:22:36, ETA: 00:19:20
[PROGRESS] INFO: = Downloaded: 7575.32 MiB, Written: 9150.75 MiB
[PROGRESS] INFO:  + Download	- 10.80 MiB/s (raw) / 12.16 MiB/s (decompressed)
[PROGRESS] INFO:  + Disk	- 19.20 MiB/s (write) / 0.00 MiB/s (read)
[PROGRESS] INFO: = Progress: 54.00 9613654402/17802455739, Running for: 00:22:37, ETA: 00:19:16
[PROGRESS] INFO: = Downloaded: 7578.60 MiB, Written: 9168.30 MiB
[PROGRESS] INFO:  + Download	- 9.82 MiB/s (raw) / 10.81 MiB/s (decompressed)
[PROGRESS] INFO:  + Disk	- 15.47 MiB/s (write) / 0.00 MiB/s (read)
[PROGRESS] INFO: = Progress: 54.00 9613654402/17802455739, Running for: 00:22:38, ETA: 00:19:17
[PROGRESS] INFO: = Downloaded: 7597.16 MiB, Written: 9168.30 MiB
[PROGRESS] INFO:  + Download	- 3.50 MiB/s (raw) / 3.76 MiB/s (decompressed)
[PROGRESS] INFO:  + Disk	- 7.00 MiB/s (write) / 0.00 MiB/s (read)
[PROGRESS] INFO: = Progress: 54.17 9642816767/17802455739, Running for: 00:22:39, ETA: 00:19:10
[PROGRESS] INFO: = Downloaded: 7617.91 MiB, Written: 9196.11 MiB
[PROGRESS] INFO:  + Download	- 10.62 MiB/s (raw) / 11.49 MiB/s (decompressed)
[PROGRESS] INFO:  + Disk	- 19.30 MiB/s (write) / 0.00 MiB/s (read)
[PROGRESS] INFO: = Progress: 54.28 9663328509/17802455739, Running for: 00:22:40, ETA: 00:19:06
[PROGRESS] INFO: = Downloaded: 7624.50 MiB, Written: 9215.67 MiB
[PROGRESS] INFO:  + Download	- 9.75 MiB/s (raw) / 10.64 MiB/s (decompressed)
[PROGRESS] INFO:  + Disk	- 17.29 MiB/s (write) / 0.00 MiB/s (read)
[PROGRESS] INFO: = Progress: 54.28 9663328509/17802455739, Running for: 00:22:41, ETA: 00:19:06
[PROGRESS] INFO: = Downloaded: 7651.42 MiB, Written: 9215.67 MiB
[PROGRESS] INFO:  + Download	- 0.50 MiB/s (raw) / 0.57 MiB/s (decompressed)
[PROGRESS] INFO:  + Disk	- 0.00 MiB/s (write) / 0.00 MiB/s (read)
[PROGRESS] INFO: = Progress: 54.68 9734800643/17802455739, Running for: 00:22:42, ETA: 00:18:49
[PROGRESS] INFO: = Downloaded: 7687.64 MiB, Written: 9283.83 MiB
[PROGRESS] INFO:  + Download	- 33.74 MiB/s (raw) / 37.06 MiB/s (decompressed)
[PROGRESS] INFO:  + Disk	- 55.75 MiB/s (write) / 0.00 MiB/s (read)
[PROGRESS] INFO: = Progress: 54.79 9753871428/17802455739, Running for: 00:22:44, ETA: 00:18:46
[PROGRESS] INFO: = Downloaded: 7697.90 MiB, Written: 9302.02 MiB
[PROGRESS] INFO:  + Download	- 6.04 MiB/s (raw) / 6.64 MiB/s (decompressed)
[PROGRESS] INFO:  + Disk	- 9.24 MiB/s (write) / 0.00 MiB/s (read)
[PROGRESS] INFO: = Progress: 54.79 9753871428/17802455739, Running for: 00:22:45, ETA: 00:18:47
[PROGRESS] INFO: = Downloaded: 7708.64 MiB, Written: 9302.02 MiB
[PROGRESS] INFO:  + Download	- 0.50 MiB/s (raw) / 0.55 MiB/s (decompressed)
[PROGRESS] INFO:  + Disk	- 0.00 MiB/s (write) / 0.00 MiB/s (read)
[PROGRESS] INFO: = Progress: 54.85 9764209910/17802455739, Running for: 00:22:47, ETA: 00:18:45
[PROGRESS] INFO: = Downloaded: 7738.91 MiB, Written: 9311.88 MiB
[PROGRESS] INFO:  + Download	- 5.12 MiB/s (raw) / 5.81 MiB/s (decompressed)
[PROGRESS] INFO:  + Disk	- 10.11 MiB/s (write) / 0.00 MiB/s (read)
[PROGRESS] INFO: = Progress: 55.20 9826467242/17802455739, Running for: 00:22:48, ETA: 00:18:30
[PROGRESS] INFO: = Downloaded: 7763.12 MiB, Written: 9371.25 MiB
[PROGRESS] INFO:  + Download	- 19.77 MiB/s (raw) / 22.13 MiB/s (decompressed)
[PROGRESS] INFO:  + Disk	- 34.69 MiB/s (write) / 0.00 MiB/s (read)
[PROGRESS] INFO: = Progress: 55.20 9826467242/17802455739, Running for: 00:22:49, ETA: 00:18:31
[PROGRESS] INFO: = Downloaded: 7767.20 MiB, Written: 9371.25 MiB
[PROGRESS] INFO:  + Download	- 0.50 MiB/s (raw) / 0.55 MiB/s (decompressed)
[PROGRESS] INFO:  + Disk	- 0.00 MiB/s (write) / 0.00 MiB/s (read)
[PROGRESS] INFO: = Progress: 55.20 9826467242/17802455739, Running for: 00:22:50, ETA: 00:18:32
[PROGRESS] INFO: = Downloaded: 7793.40 MiB, Written: 9371.25 MiB
[PROGRESS] INFO:  + Download	- 0.50 MiB/s (raw) / 0.53 MiB/s (decompressed)
[PROGRESS] INFO:  + Disk	- 0.00 MiB/s (write) / 0.00 MiB/s (read)
[PROGRESS] INFO: = Progress: 55.20 9826467242/17802455739, Running for: 00:22:51, ETA: 00:18:33
[PROGRESS] INFO: = Downloaded: 7820.64 MiB, Written: 9371.25 MiB
[PROGRESS] INFO:  + Download	- 0.50 MiB/s (raw) / 0.57 MiB/s (decompressed)
[PROGRESS] INFO:  + Disk	- 0.00 MiB/s (write) / 0.00 MiB/s (read)
[PROGRESS] INFO: = Progress: 55.68 9913130707/17802455739, Running for: 00:22:52, ETA: 00:18:12
[PROGRESS] INFO: = Downloaded: 7845.62 MiB, Written: 9453.90 MiB
[PROGRESS] INFO:  + Download	- 41.17 MiB/s (raw) / 45.40 MiB/s (decompressed)
[PROGRESS] INFO:  + Disk	- 77.92 MiB/s (write) / 0.00 MiB/s (read)
[PROGRESS] INFO: = Progress: 55.76 9926843978/17802455739, Running for: 00:22:53, ETA: 00:18:09
[PROGRESS] INFO: = Downloaded: 7848.42 MiB, Written: 9466.98 MiB
[PROGRESS] INFO:  + Download	- 7.16 MiB/s (raw) / 7.89 MiB/s (decompressed)
[PROGRESS] INFO:  + Disk	- 11.54 MiB/s (write) / 0.00 MiB/s (read)
[PROGRESS] INFO: = Progress: 55.83 9938470216/17802455739, Running for: 00:22:55, ETA: 00:18:08
[PROGRESS] INFO: = Downloaded: 7886.67 MiB, Written: 9478.06 MiB
[PROGRESS] INFO:  + Download	- 3.54 MiB/s (raw) / 3.83 MiB/s (decompressed)
[PROGRESS] INFO:  + Disk	- 6.03 MiB/s (write) / 0.00 MiB/s (read)
[PROGRESS] INFO: = Progress: 56.10 9987299773/17802455739, Running for: 00:22:56, ETA: 00:17:57
[PROGRESS] INFO: = Downloaded: 7907.37 MiB, Written: 9524.63 MiB
[PROGRESS] INFO:  + Download	- 23.00 MiB/s (raw) / 25.32 MiB/s (decompressed)
[PROGRESS] INFO:  + Disk	- 40.07 MiB/s (write) / 0.00 MiB/s (read)
[PROGRESS] INFO: = Progress: 56.21 10007536371/17802455739, Running for: 00:22:57, ETA: 00:17:53
[PROGRESS] INFO: = Downloaded: 7919.83 MiB, Written: 9543.93 MiB
[PROGRESS] INFO:  + Download	- 10.43 MiB/s (raw) / 11.26 MiB/s (decompressed)
[PROGRESS] INFO:  + Disk	- 17.78 MiB/s (write) / 0.00 MiB/s (read)
[PROGRESS] INFO: = Progress: 56.21 10007536371/17802455739, Running for: 00:22:58, ETA: 00:17:54
[PROGRESS] INFO: = Downloaded: 7927.72 MiB, Written: 9543.93 MiB
[PROGRESS] INFO:  + Download	- 0.50 MiB/s (raw) / 0.58 MiB/s (decompressed)
[PROGRESS] INFO:  + Disk	- 0.00 MiB/s (write) / 0.00 MiB/s (read)
[PROGRESS] INFO: = Progress: 56.21 10007536371/17802455739, Running for: 00:22:59, ETA: 00:17:54
[PROGRESS] INFO: = Downloaded: 7933.91 MiB, Written: 9543.93 MiB
[PROGRESS] INFO:  + Download	- 0.50 MiB/s (raw) / 0.61 MiB/s (decompressed)
[PROGRESS] INFO:  + Disk	- 0.00 MiB/s (write) / 0.00 MiB/s (read)
[PROGRESS] INFO: = Progress: 56.29 10021027305/17802455739, Running for: 00:23:01, ETA: 00:17:52
[PROGRESS] INFO: = Downloaded: 7963.12 MiB, Written: 9556.80 MiB
[PROGRESS] INFO:  + Download	- 5.12 MiB/s (raw) / 5.68 MiB/s (decompressed)
[PROGRESS] INFO:  + Disk	- 8.82 MiB/s (write) / 0.00 MiB/s (read)
[PROGRESS] INFO: = Progress: 56.57 10071492753/17802455739, Running for: 00:23:02, ETA: 00:17:41
[PROGRESS] INFO: = Downloaded: 7978.83 MiB, Written: 9604.92 MiB
[PROGRESS] INFO:  + Download	- 21.24 MiB/s (raw) / 23.46 MiB/s (decompressed)
[PROGRESS] INFO:  + Disk	- 36.34 MiB/s (write) / 0.00 MiB/s (read)
[PROGRESS] INFO: = Progress: 56.57 10071492753/17802455739, Running for: 00:23:03, ETA: 00:17:42
[PROGRESS] INFO: = Downloaded: 7982.63 MiB, Written: 9604.92 MiB
[PROGRESS] INFO:  + Download	- 0.50 MiB/s (raw) / 0.57 MiB/s (decompressed)
[PROGRESS] INFO:  + Disk	- 0.00 MiB/s (write) / 0.00 MiB/s (read)
[PROGRESS] INFO: = Progress: 56.73 10098474476/17802455739, Running for: 00:23:05, ETA: 00:17:36
[PROGRESS] INFO: = Downloaded: 8026.74 MiB, Written: 9630.66 MiB
[PROGRESS] INFO:  + Download	- 8.87 MiB/s (raw) / 9.96 MiB/s (decompressed)
[PROGRESS] INFO:  + Disk	- 16.59 MiB/s (write) / 0.00 MiB/s (read)
[PROGRESS] INFO: = Progress: 56.86 10122675257/17802455739, Running for: 00:23:06, ETA: 00:17:31
[PROGRESS] INFO: = Downloaded: 8029.92 MiB, Written: 9653.74 MiB
[PROGRESS] INFO:  + Download	- 11.87 MiB/s (raw) / 13.38 MiB/s (decompressed)
[PROGRESS] INFO:  + Disk	- 21.25 MiB/s (write) / 0.00 MiB/s (read)
[PROGRESS] INFO: = Progress: 57.00 10147497402/17802455739, Running for: 00:23:07, ETA: 00:17:26
[PROGRESS] INFO: = Downloaded: 8061.37 MiB, Written: 9677.41 MiB
[PROGRESS] INFO:  + Download	- 10.24 MiB/s (raw) / 11.36 MiB/s (decompressed)
[PROGRESS] INFO:  + Disk	- 20.11 MiB/s (write) / 0.00 MiB/s (read)
[PROGRESS] INFO: = Progress: 57.12 10169236022/17802455739, Running for: 00:23:08, ETA: 00:17:22
[PROGRESS] INFO: = Downloaded: 8065.78 MiB, Written: 9698.14 MiB
[PROGRESS] INFO:  + Download	- 10.67 MiB/s (raw) / 12.03 MiB/s (decompressed)
[PROGRESS] INFO:  + Disk	- 19.05 MiB/s (write) / 0.00 MiB/s (read)
[PROGRESS] INFO: = Progress: 57.12 10169236022/17802455739, Running for: 00:23:09, ETA: 00:17:23
[PROGRESS] INFO: = Downloaded: 8093.83 MiB, Written: 9698.14 MiB
[PROGRESS] INFO:  + Download	- 0.50 MiB/s (raw) / 0.55 MiB/s (decompressed)
[PROGRESS] INFO:  + Disk	- 0.00 MiB/s (write) / 0.00 MiB/s (read)
[PROGRESS] INFO: = Progress: 57.12 10169236022/17802455739, Running for: 00:23:10, ETA: 00:17:23
[PROGRESS] INFO: = Downloaded: 8106.50 MiB, Written: 9698.14 MiB
[PROGRESS] INFO:  + Download	- 0.50 MiB/s (raw) / 0.55 MiB/s (decompressed)
[PROGRESS] INFO:  + Disk	- 0.00 MiB/s (write) / 0.00 MiB/s (read)
[PROGRESS] INFO: = Progress: 57.33 10206245265/17802455739, Running for: 00:23:12, ETA: 00:17:16
[PROGRESS] INFO: = Downloaded: 8145.71 MiB, Written: 9733.43 MiB
[PROGRESS] INFO:  + Download	- 10.13 MiB/s (raw) / 11.21 MiB/s (decompressed)
[PROGRESS] INFO:  + Disk	- 18.32 MiB/s (write) / 0.00 MiB/s (read)
[PROGRESS] INFO: = Progress: 57.33 10206245265/17802455739, Running for: 00:23:13, ETA: 00:17:17
[PROGRESS] INFO: = Downloaded: 8175.78 MiB, Written: 9733.43 MiB
[PROGRESS] INFO:  + Download	- 0.50 MiB/s (raw) / 0.55 MiB/s (decompressed)
[PROGRESS] INFO:  + Disk	- 0.00 MiB/s (write) / 0.00 MiB/s (read)
[PROGRESS] INFO: = Progress: 58.07 10337345479/17802455739, Running for: 00:23:15, ETA: 00:16:47
[PROGRESS] INFO: = Downloaded: 8209.31 MiB, Written: 9858.46 MiB
[PROGRESS] INFO:  + Download	- 38.37 MiB/s (raw) / 42.79 MiB/s (decompressed)
[PROGRESS] INFO:  + Disk	- 67.22 MiB/s (write) / 0.00 MiB/s (read)
[PROGRESS] INFO: = Progress: 58.07 10337345479/17802455739, Running for: 00:23:16, ETA: 00:16:48
[PROGRESS] INFO: = Downloaded: 8232.12 MiB, Written: 9858.46 MiB
[PROGRESS] INFO:  + Download	- 0.50 MiB/s (raw) / 0.57 MiB/s (decompressed)
[PROGRESS] INFO:  + Disk	- 0.00 MiB/s (write) / 0.00 MiB/s (read)
[PROGRESS] INFO: = Progress: 58.43 10401819411/17802455739, Running for: 00:23:18, ETA: 00:16:34
[PROGRESS] INFO: = Downloaded: 8267.73 MiB, Written: 9919.95 MiB
[PROGRESS] INFO:  + Download	- 21.01 MiB/s (raw) / 23.62 MiB/s (decompressed)
[PROGRESS] INFO:  + Disk	- 39.01 MiB/s (write) / 0.00 MiB/s (read)
[PROGRESS] INFO: = Progress: 58.50 10414533177/17802455739, Running for: 00:23:19, ETA: 00:16:32
[PROGRESS] INFO: = Downloaded: 8299.15 MiB, Written: 9932.07 MiB
[PROGRESS] INFO:  + Download	- 4.66 MiB/s (raw) / 5.12 MiB/s (decompressed)
[PROGRESS] INFO:  + Disk	- 8.08 MiB/s (write) / 0.00 MiB/s (read)
[PROGRESS] INFO: = Progress: 58.68 10445897568/17802455739, Running for: 00:23:21, ETA: 00:16:26
[PROGRESS] INFO: = Downloaded: 8322.04 MiB, Written: 9961.98 MiB
[PROGRESS] INFO:  + Download	- 10.13 MiB/s (raw) / 11.38 MiB/s (decompressed)
[PROGRESS] INFO:  + Disk	- 18.19 MiB/s (write) / 0.00 MiB/s (read)
[PROGRESS] INFO: = Progress: 58.88 10482792151/17802455739, Running for: 00:23:22, ETA: 00:16:19
[PROGRESS] INFO: = Downloaded: 8350.84 MiB, Written: 9997.17 MiB
[PROGRESS] INFO:  + Download	- 16.63 MiB/s (raw) / 18.32 MiB/s (decompressed)
[PROGRESS] INFO:  + Disk	- 30.73 MiB/s (write) / 0.00 MiB/s (read)
[PROGRESS] INFO: = Progress: 59.01 10505365085/17802455739, Running for: 00:23:23, ETA: 00:16:14
[PROGRESS] INFO: = Downloaded: 8368.85 MiB, Written: 10018.70 MiB
[PROGRESS] INFO:  + Download	- 10.90 MiB/s (raw) / 11.88 MiB/s (decompressed)
[PROGRESS] INFO:  + Disk	- 18.83 MiB/s (write) / 0.00 MiB/s (read)
[PROGRESS] INFO: = Progress: 59.01 10505365085/17802455739, Running for: 00:23:24, ETA: 00:16:15
[PROGRESS] INFO: = Downloaded: 8375.45 MiB, Written: 10018.70 MiB
[PROGRESS] INFO:  + Download	- 0.50 MiB/s (raw) / 0.56 MiB/s (decompressed)
[PROGRESS] INFO:  + Disk	- 0.00 MiB/s (write) / 0.00 MiB/s (read)
[PROGRESS] INFO: = Progress: 59.01 10505365085/17802455739, Running for: 00:23:25, ETA: 00:16:16
[PROGRESS] INFO: = Downloaded: 8382.22 MiB, Written: 10018.70 MiB
[PROGRESS] INFO:  + Download	- 0.50 MiB/s (raw) / 0.55 MiB/s (decompressed)
[PROGRESS] INFO:  + Disk	- 0.00 MiB/s (write) / 0.00 MiB/s (read)
[PROGRESS] INFO: = Progress: 59.01 10505365085/17802455739, Running for: 00:23:26, ETA: 00:16:16
[PROGRESS] INFO: = Downloaded: 8405.22 MiB, Written: 10018.70 MiB
[PROGRESS] INFO:  + Download	- 0.50 MiB/s (raw) / 0.56 MiB/s (decompressed)
[PROGRESS] INFO:  + Disk	- 0.00 MiB/s (write) / 0.00 MiB/s (read)
[PROGRESS] INFO: = Progress: 59.01 10505365085/17802455739, Running for: 00:23:27, ETA: 00:16:17
[PROGRESS] INFO: = Downloaded: 8406.51 MiB, Written: 10018.70 MiB
[PROGRESS] INFO:  + Download	- 0.50 MiB/s (raw) / 0.54 MiB/s (decompressed)
[PROGRESS] INFO:  + Disk	- 0.00 MiB/s (write) / 0.00 MiB/s (read)
[PROGRESS] INFO: = Progress: 59.40 10574138786/17802455739, Running for: 00:23:28, ETA: 00:16:03
[PROGRESS] INFO: = Downloaded: 8437.15 MiB, Written: 10084.28 MiB
[PROGRESS] INFO:  + Download	- 25.68 MiB/s (raw) / 28.78 MiB/s (decompressed)
[PROGRESS] INFO:  + Disk	- 49.25 MiB/s (write) / 0.00 MiB/s (read)
[PROGRESS] INFO: = Progress: 59.40 10574138786/17802455739, Running for: 00:23:29, ETA: 00:16:03
[PROGRESS] INFO: = Downloaded: 8442.14 MiB, Written: 10084.28 MiB
[PROGRESS] INFO:  + Download	- 0.09 MiB/s (raw) / 0.11 MiB/s (decompressed)
[PROGRESS] INFO:  + Disk	- 0.00 MiB/s (write) / 0.00 MiB/s (read)
[PROGRESS] INFO: = Progress: 59.40 10574138786/17802455739, Running for: 00:23:30, ETA: 00:16:04
[PROGRESS] INFO: = Downloaded: 8456.64 MiB, Written: 10084.28 MiB
[PROGRESS] INFO:  + Download	- 0.50 MiB/s (raw) / 0.53 MiB/s (decompressed)
[PROGRESS] INFO:  + Disk	- 0.00 MiB/s (write) / 0.00 MiB/s (read)
[PROGRESS] INFO: = Progress: 59.63 10614809386/17802455739, Running for: 00:23:32, ETA: 00:15:56
[PROGRESS] INFO: = Downloaded: 8499.24 MiB, Written: 10123.07 MiB
[PROGRESS] INFO:  + Download	- 17.87 MiB/s (raw) / 20.24 MiB/s (decompressed)
[PROGRESS] INFO:  + Disk	- 29.34 MiB/s (write) / 0.00 MiB/s (read)
[PROGRESS] INFO: = Progress: 59.88 10660262563/17802455739, Running for: 00:23:33, ETA: 00:15:46
[PROGRESS] INFO: = Downloaded: 8507.58 MiB, Written: 10166.42 MiB
[PROGRESS] INFO:  + Download	- 21.03 MiB/s (raw) / 23.79 MiB/s (decompressed)
[PROGRESS] INFO:  + Disk	- 38.14 MiB/s (write) / 0.00 MiB/s (read)
[PROGRESS] INFO: = Progress: 59.88 10660262563/17802455739, Running for: 00:23:34, ETA: 00:15:47
[PROGRESS] INFO: = Downloaded: 8518.20 MiB, Written: 10166.42 MiB
[PROGRESS] INFO:  + Download	- 0.30 MiB/s (raw) / 0.33 MiB/s (decompressed)
[PROGRESS] INFO:  + Disk	- 0.00 MiB/s (write) / 0.00 MiB/s (read)
[PROGRESS] INFO: = Progress: 59.88 10660262563/17802455739, Running for: 00:23:35, ETA: 00:15:48
[PROGRESS] INFO: = Downloaded: 8527.45 MiB, Written: 10166.42 MiB
[PROGRESS] INFO:  + Download	- 0.50 MiB/s (raw) / 0.57 MiB/s (decompressed)
[PROGRESS] INFO:  + Disk	- 0.00 MiB/s (write) / 0.00 MiB/s (read)
[PROGRESS] INFO: = Progress: 59.88 10660262563/17802455739, Running for: 00:23:36, ETA: 00:15:48
[PROGRESS] INFO: = Downloaded: 8546.73 MiB, Written: 10166.42 MiB
[PROGRESS] INFO:  + Download	- 0.50 MiB/s (raw) / 0.55 MiB/s (decompressed)
[PROGRESS] INFO:  + Disk	- 0.00 MiB/s (write) / 0.00 MiB/s (read)
[PROGRESS] INFO: = Progress: 59.88 10660262563/17802455739, Running for: 00:23:37, ETA: 00:15:49
[PROGRESS] INFO: = Downloaded: 8547.57 MiB, Written: 10166.42 MiB
[PROGRESS] INFO:  + Download	- 0.50 MiB/s (raw) / 0.57 MiB/s (decompressed)
[PROGRESS] INFO:  + Disk	- 0.00 MiB/s (write) / 0.00 MiB/s (read)
[PROGRESS] INFO: = Progress: 60.31 10735955080/17802455739, Running for: 00:23:38, ETA: 00:15:33
[PROGRESS] INFO: = Downloaded: 8573.43 MiB, Written: 10238.60 MiB
[PROGRESS] INFO:  + Download	- 30.12 MiB/s (raw) / 34.47 MiB/s (decompressed)
[PROGRESS] INFO:  + Disk	- 52.59 MiB/s (write) / 0.00 MiB/s (read)
[PROGRESS] INFO: = Progress: 60.31 10735955080/17802455739, Running for: 00:23:39, ETA: 00:15:34
[PROGRESS] INFO: = Downloaded: 8579.15 MiB, Written: 10238.60 MiB
[PROGRESS] INFO:  + Download	- 0.50 MiB/s (raw) / 0.57 MiB/s (decompressed)
[PROGRESS] INFO:  + Disk	- 0.00 MiB/s (write) / 0.00 MiB/s (read)
[PROGRESS] INFO: = Progress: 60.31 10735955080/17802455739, Running for: 00:23:40, ETA: 00:15:35
[PROGRESS] INFO: = Downloaded: 8585.20 MiB, Written: 10238.60 MiB
[PROGRESS] INFO:  + Download	- 0.50 MiB/s (raw) / 0.74 MiB/s (decompressed)
[PROGRESS] INFO:  + Disk	- 0.00 MiB/s (write) / 0.00 MiB/s (read)
[PROGRESS] INFO: = Progress: 60.65 10796542050/17802455739, Running for: 00:23:42, ETA: 00:15:22
[PROGRESS] INFO: = Downloaded: 8618.69 MiB, Written: 10296.38 MiB
[PROGRESS] INFO:  + Download	- 22.92 MiB/s (raw) / 25.93 MiB/s (decompressed)
[PROGRESS] INFO:  + Disk	- 40.25 MiB/s (write) / 0.00 MiB/s (read)
[PROGRESS] INFO: = Progress: 60.82 10826909590/17802455739, Running for: 00:23:43, ETA: 00:15:17
[PROGRESS] INFO: = Downloaded: 8643.16 MiB, Written: 10325.35 MiB
[PROGRESS] INFO:  + Download	- 8.44 MiB/s (raw) / 9.29 MiB/s (decompressed)
[PROGRESS] INFO:  + Disk	- 16.76 MiB/s (write) / 0.00 MiB/s (read)
[PROGRESS] INFO: = Progress: 60.82 10826909590/17802455739, Running for: 00:23:44, ETA: 00:15:17
[PROGRESS] INFO: = Downloaded: 8648.46 MiB, Written: 10325.35 MiB
[PROGRESS] INFO:  + Download	- 0.50 MiB/s (raw) / 0.53 MiB/s (decompressed)
[PROGRESS] INFO:  + Disk	- 0.00 MiB/s (write) / 0.00 MiB/s (read)
[PROGRESS] INFO: = Progress: 60.82 10826909590/17802455739, Running for: 00:23:45, ETA: 00:15:18
[PROGRESS] INFO: = Downloaded: 8656.91 MiB, Written: 10325.35 MiB
[PROGRESS] INFO:  + Download	- 0.50 MiB/s (raw) / 0.53 MiB/s (decompressed)
[PROGRESS] INFO:  + Disk	- 0.00 MiB/s (write) / 0.00 MiB/s (read)
[PROGRESS] INFO: = Progress: 60.82 10826909590/17802455739, Running for: 00:23:46, ETA: 00:15:19
[PROGRESS] INFO: = Downloaded: 8679.31 MiB, Written: 10325.35 MiB
[PROGRESS] INFO:  + Download	- 0.50 MiB/s (raw) / 0.53 MiB/s (decompressed)
[PROGRESS] INFO:  + Disk	- 0.00 MiB/s (write) / 0.00 MiB/s (read)
[PROGRESS] INFO: = Progress: 60.82 10826909590/17802455739, Running for: 00:23:47, ETA: 00:15:19
[PROGRESS] INFO: = Downloaded: 8692.82 MiB, Written: 10325.35 MiB
[PROGRESS] INFO:  + Download	- 0.50 MiB/s (raw) / 0.58 MiB/s (decompressed)
[PROGRESS] INFO:  + Disk	- 0.00 MiB/s (write) / 0.00 MiB/s (read)
[PROGRESS] INFO: = Progress: 60.82 10826909590/17802455739, Running for: 00:23:48, ETA: 00:15:20
[PROGRESS] INFO: = Downloaded: 8705.06 MiB, Written: 10325.35 MiB
[PROGRESS] INFO:  + Download	- 0.50 MiB/s (raw) / 0.56 MiB/s (decompressed)
[PROGRESS] INFO:  + Disk	- 0.00 MiB/s (write) / 0.00 MiB/s (read)
[PROGRESS] INFO: = Progress: 60.82 10826909590/17802455739, Running for: 00:23:49, ETA: 00:15:21
[PROGRESS] INFO: = Downloaded: 8711.22 MiB, Written: 10325.35 MiB
[PROGRESS] INFO:  + Download	- 0.50 MiB/s (raw) / 0.54 MiB/s (decompressed)
[PROGRESS] INFO:  + Disk	- 0.00 MiB/s (write) / 0.00 MiB/s (read)
[PROGRESS] INFO: = Progress: 61.39 10928750847/17802455739, Running for: 00:23:51, ETA: 00:15:00
[PROGRESS] INFO: = Downloaded: 8746.53 MiB, Written: 10422.47 MiB
[PROGRESS] INFO:  + Download	- 32.15 MiB/s (raw) / 35.03 MiB/s (decompressed)
[PROGRESS] INFO:  + Disk	- 55.27 MiB/s (write) / 0.00 MiB/s (read)
[PROGRESS] INFO: = Progress: 61.39 10928750847/17802455739, Running for: 00:23:52, ETA: 00:15:01
[PROGRESS] INFO: = Downloaded: 8749.43 MiB, Written: 10422.47 MiB
[PROGRESS] INFO:  + Download	- 0.50 MiB/s (raw) / 0.53 MiB/s (decompressed)
[PROGRESS] INFO:  + Disk	- 0.00 MiB/s (write) / 0.00 MiB/s (read)
[PROGRESS] INFO: = Progress: 61.39 10928750847/17802455739, Running for: 00:23:53, ETA: 00:15:01
[PROGRESS] INFO: = Downloaded: 8759.41 MiB, Written: 10422.47 MiB
[PROGRESS] INFO:  + Download	- 0.50 MiB/s (raw) / 0.52 MiB/s (decompressed)
[PROGRESS] INFO:  + Disk	- 0.00 MiB/s (write) / 0.00 MiB/s (read)
[PROGRESS] INFO: = Progress: 61.76 10994951532/17802455739, Running for: 00:23:54, ETA: 00:14:48
[PROGRESS] INFO: = Downloaded: 8790.71 MiB, Written: 10485.60 MiB
[PROGRESS] INFO:  + Download	- 32.18 MiB/s (raw) / 34.99 MiB/s (decompressed)
[PROGRESS] INFO:  + Disk	- 58.42 MiB/s (write) / 0.00 MiB/s (read)
[PROGRESS] INFO: = Progress: 61.85 11010457523/17802455739, Running for: 00:23:55, ETA: 00:14:45
[PROGRESS] INFO: = Downloaded: 8803.49 MiB, Written: 10500.39 MiB
[PROGRESS] INFO:  + Download	- 7.50 MiB/s (raw) / 8.18 MiB/s (decompressed)
[PROGRESS] INFO:  + Disk	- 13.63 MiB/s (write) / 0.00 MiB/s (read)
[PROGRESS] INFO: = Progress: 61.85 11010457523/17802455739, Running for: 00:23:56, ETA: 00:14:46
[PROGRESS] INFO: = Downloaded: 8803.49 MiB, Written: 10500.39 MiB
[PROGRESS] INFO:  + Download	- 0.50 MiB/s (raw) / 0.59 MiB/s (decompressed)
[PROGRESS] INFO:  + Disk	- 0.00 MiB/s (write) / 0.00 MiB/s (read)
[PROGRESS] INFO: = Progress: 61.85 11010457523/17802455739, Running for: 00:23:57, ETA: 00:14:46
[PROGRESS] INFO: = Downloaded: 8822.48 MiB, Written: 10500.39 MiB
[PROGRESS] INFO:  + Download	- 0.50 MiB/s (raw) / 0.56 MiB/s (decompressed)
[PROGRESS] INFO:  + Disk	- 0.00 MiB/s (write) / 0.00 MiB/s (read)
[PROGRESS] INFO: = Progress: 61.85 11010457523/17802455739, Running for: 00:23:58, ETA: 00:14:47
[PROGRESS] INFO: = Downloaded: 8826.79 MiB, Written: 10500.39 MiB
[PROGRESS] INFO:  + Download	- 0.50 MiB/s (raw) / 0.54 MiB/s (decompressed)
[PROGRESS] INFO:  + Disk	- 0.00 MiB/s (write) / 0.00 MiB/s (read)
[PROGRESS] INFO: = Progress: 61.85 11010457523/17802455739, Running for: 00:23:59, ETA: 00:14:48
[PROGRESS] INFO: = Downloaded: 8828.82 MiB, Written: 10500.39 MiB
[PROGRESS] INFO:  + Download	- 0.50 MiB/s (raw) / 0.67 MiB/s (decompressed)
[PROGRESS] INFO:  + Disk	- 0.00 MiB/s (write) / 0.00 MiB/s (read)
[PROGRESS] INFO: = Progress: 61.85 11010457523/17802455739, Running for: 00:24:00, ETA: 00:14:48
[PROGRESS] INFO: = Downloaded: 8845.17 MiB, Written: 10500.39 MiB
[PROGRESS] INFO:  + Download	- 0.50 MiB/s (raw) / 0.53 MiB/s (decompressed)
[PROGRESS] INFO:  + Disk	- 0.00 MiB/s (write) / 0.00 MiB/s (read)
[PROGRESS] INFO: = Progress: 61.99 11035564493/17802455739, Running for: 00:24:01, ETA: 00:14:44
[PROGRESS] INFO: = Downloaded: 8880.05 MiB, Written: 10524.33 MiB
[PROGRESS] INFO:  + Download	- 9.69 MiB/s (raw) / 10.98 MiB/s (decompressed)
[PROGRESS] INFO:  + Disk	- 21.13 MiB/s (write) / 0.00 MiB/s (read)
[PROGRESS] INFO: = Progress: 62.48 11123500203/17802455739, Running for: 00:24:03, ETA: 00:14:26
[PROGRESS] INFO: = Downloaded: 8905.92 MiB, Written: 10608.20 MiB
[PROGRESS] INFO:  + Download	- 23.65 MiB/s (raw) / 26.02 MiB/s (decompressed)
[PROGRESS] INFO:  + Disk	- 44.18 MiB/s (write) / 0.00 MiB/s (read)
[PROGRESS] INFO: = Progress: 62.48 11123500203/17802455739, Running for: 00:24:04, ETA: 00:14:27
[PROGRESS] INFO: = Downloaded: 8914.41 MiB, Written: 10608.20 MiB
[PROGRESS] INFO:  + Download	- 0.50 MiB/s (raw) / 0.56 MiB/s (decompressed)
[PROGRESS] INFO:  + Disk	- 0.00 MiB/s (write) / 0.00 MiB/s (read)
[PROGRESS] INFO: = Progress: 62.48 11123500203/17802455739, Running for: 00:24:05, ETA: 00:14:28
[PROGRESS] INFO: = Downloaded: 8919.53 MiB, Written: 10608.20 MiB
[PROGRESS] INFO:  + Download	- 0.50 MiB/s (raw) / 0.56 MiB/s (decompressed)
[PROGRESS] INFO:  + Disk	- 0.00 MiB/s (write) / 0.00 MiB/s (read)
[PROGRESS] INFO: = Progress: 62.61 11146855740/17802455739, Running for: 00:24:07, ETA: 00:14:24
[PROGRESS] INFO: = Downloaded: 8943.19 MiB, Written: 10630.47 MiB
[PROGRESS] INFO:  + Download	- 7.16 MiB/s (raw) / 7.80 MiB/s (decompressed)
[PROGRESS] INFO:  + Disk	- 13.70 MiB/s (write) / 0.00 MiB/s (read)
[PROGRESS] INFO: = Progress: 62.61 11146855740/17802455739, Running for: 00:24:08, ETA: 00:14:24
[PROGRESS] INFO: = Downloaded: 8948.94 MiB, Written: 10630.47 MiB
[PROGRESS] INFO:  + Download	- 0.50 MiB/s (raw) / 0.52 MiB/s (decompressed)
[PROGRESS] INFO:  + Disk	- 0.00 MiB/s (write) / 0.00 MiB/s (read)
[PROGRESS] INFO: = Progress: 62.61 11146855740/17802455739, Running for: 00:24:09, ETA: 00:14:25
[PROGRESS] INFO: = Downloaded: 8956.94 MiB, Written: 10630.47 MiB
[PROGRESS] INFO:  + Download	- 0.50 MiB/s (raw) / 0.53 MiB/s (decompressed)
[PROGRESS] INFO:  + Disk	- 0.00 MiB/s (write) / 0.00 MiB/s (read)
[PROGRESS] INFO: = Progress: 62.61 11146855740/17802455739, Running for: 00:24:10, ETA: 00:14:25
[PROGRESS] INFO: = Downloaded: 8960.14 MiB, Written: 10630.47 MiB
[PROGRESS] INFO:  + Download	- 0.50 MiB/s (raw) / 0.58 MiB/s (decompressed)
[PROGRESS] INFO:  + Disk	- 0.00 MiB/s (write) / 0.00 MiB/s (read)
[PROGRESS] INFO: = Progress: 62.61 11146855740/17802455739, Running for: 00:24:11, ETA: 00:14:26
[PROGRESS] INFO: = Downloaded: 8960.14 MiB, Written: 10630.47 MiB
[PROGRESS] INFO:  + Download	- 0.50 MiB/s (raw) / 0.56 MiB/s (decompressed)
[PROGRESS] INFO:  + Disk	- 0.00 MiB/s (write) / 0.00 MiB/s (read)
[PROGRESS] INFO: = Progress: 62.61 11146855740/17802455739, Running for: 00:24:12, ETA: 00:14:27
[PROGRESS] INFO: = Downloaded: 8968.02 MiB, Written: 10630.47 MiB
[PROGRESS] INFO:  + Download	- 0.50 MiB/s (raw) / 0.57 MiB/s (decompressed)
[PROGRESS] INFO:  + Disk	- 0.00 MiB/s (write) / 0.00 MiB/s (read)
[PROGRESS] INFO: = Progress: 62.61 11146855740/17802455739, Running for: 00:24:13, ETA: 00:14:27
[PROGRESS] INFO: = Downloaded: 8980.63 MiB, Written: 10630.47 MiB
[PROGRESS] INFO:  + Download	- 0.05 MiB/s (raw) / 0.06 MiB/s (decompressed)
[PROGRESS] INFO:  + Disk	- 0.00 MiB/s (write) / 0.00 MiB/s (read)
[PROGRESS] INFO: = Progress: 62.94 11205438952/17802455739, Running for: 00:24:14, ETA: 00:14:16
[PROGRESS] INFO: = Downloaded: 8994.65 MiB, Written: 10686.34 MiB
[PROGRESS] INFO:  + Download	- 19.90 MiB/s (raw) / 21.88 MiB/s (decompressed)
[PROGRESS] INFO:  + Disk	- 34.54 MiB/s (write) / 0.00 MiB/s (read)
[PROGRESS] INFO: = Progress: 62.94 11205438952/17802455739, Running for: 00:24:15, ETA: 00:14:17
[PROGRESS] INFO: = Downloaded: 8994.65 MiB, Written: 10686.34 MiB
[PROGRESS] INFO:  + Download	- 0.50 MiB/s (raw) / 0.67 MiB/s (decompressed)
[PROGRESS] INFO:  + Disk	- 0.00 MiB/s (write) / 0.00 MiB/s (read)
[PROGRESS] INFO: = Progress: 62.94 11205438952/17802455739, Running for: 00:24:16, ETA: 00:14:17
[PROGRESS] INFO: = Downloaded: 9014.45 MiB, Written: 10686.34 MiB
[PROGRESS] INFO:  + Download	- 0.50 MiB/s (raw) / 0.52 MiB/s (decompressed)
[PROGRESS] INFO:  + Disk	- 0.00 MiB/s (write) / 0.00 MiB/s (read)
[PROGRESS] INFO: = Progress: 62.94 11205438952/17802455739, Running for: 00:24:17, ETA: 00:14:18
[PROGRESS] INFO: = Downloaded: 9026.65 MiB, Written: 10686.34 MiB
[PROGRESS] INFO:  + Download	- 0.50 MiB/s (raw) / 0.62 MiB/s (decompressed)
[PROGRESS] INFO:  + Disk	- 0.00 MiB/s (write) / 0.00 MiB/s (read)
[PROGRESS] INFO: = Progress: 62.94 11205438952/17802455739, Running for: 00:24:18, ETA: 00:14:18
[PROGRESS] INFO: = Downloaded: 9033.39 MiB, Written: 10686.34 MiB
[PROGRESS] INFO:  + Download	- 0.50 MiB/s (raw) / 0.55 MiB/s (decompressed)
[PROGRESS] INFO:  + Disk	- 0.00 MiB/s (write) / 0.00 MiB/s (read)
[PROGRESS] INFO: = Progress: 62.94 11205438952/17802455739, Running for: 00:24:19, ETA: 00:14:19
[PROGRESS] INFO: = Downloaded: 9038.24 MiB, Written: 10686.34 MiB
[PROGRESS] INFO:  + Download	- 0.50 MiB/s (raw) / 0.56 MiB/s (decompressed)
[PROGRESS] INFO:  + Disk	- 0.00 MiB/s (write) / 0.00 MiB/s (read)
[PROGRESS] INFO: = Progress: 63.41 11289326164/17802455739, Running for: 00:24:21, ETA: 00:14:03
[PROGRESS] INFO: = Downloaded: 9054.90 MiB, Written: 10766.34 MiB
[PROGRESS] INFO:  + Download	- 28.20 MiB/s (raw) / 31.57 MiB/s (decompressed)
[PROGRESS] INFO:  + Disk	- 52.36 MiB/s (write) / 0.00 MiB/s (read)
[PROGRESS] INFO: = Progress: 63.41 11289326164/17802455739, Running for: 00:24:22, ETA: 00:14:03
[PROGRESS] INFO: = Downloaded: 9070.05 MiB, Written: 10766.34 MiB
[PROGRESS] INFO:  + Download	- 0.50 MiB/s (raw) / 0.55 MiB/s (decompressed)
[PROGRESS] INFO:  + Disk	- 0.00 MiB/s (write) / 0.00 MiB/s (read)
[PROGRESS] INFO: = Progress: 63.71 11341845025/17802455739, Running for: 00:24:23, ETA: 00:13:53
[PROGRESS] INFO: = Downloaded: 9084.47 MiB, Written: 10816.43 MiB
[PROGRESS] INFO:  + Download	- 19.68 MiB/s (raw) / 21.72 MiB/s (decompressed)
[PROGRESS] INFO:  + Disk	- 34.36 MiB/s (write) / 0.00 MiB/s (read)
[PROGRESS] INFO: = Progress: 63.71 11341845025/17802455739, Running for: 00:24:24, ETA: 00:13:54
[PROGRESS] INFO: = Downloaded: 9092.74 MiB, Written: 10816.43 MiB
[PROGRESS] INFO:  + Download	- 0.50 MiB/s (raw) / 0.55 MiB/s (decompressed)
[PROGRESS] INFO:  + Disk	- 0.00 MiB/s (write) / 0.00 MiB/s (read)
[PROGRESS] INFO: = Progress: 63.71 11341845025/17802455739, Running for: 00:24:25, ETA: 00:13:55
[PROGRESS] INFO: = Downloaded: 9098.31 MiB, Written: 10816.43 MiB
[PROGRESS] INFO:  + Download	- 0.50 MiB/s (raw) / 0.51 MiB/s (decompressed)
[PROGRESS] INFO:  + Disk	- 0.00 MiB/s (write) / 0.00 MiB/s (read)
[PROGRESS] INFO: = Progress: 63.95 11384806139/17802455739, Running for: 00:24:27, ETA: 00:13:47
[PROGRESS] INFO: = Downloaded: 9117.03 MiB, Written: 10857.40 MiB
[PROGRESS] INFO:  + Download	- 16.74 MiB/s (raw) / 18.56 MiB/s (decompressed)
[PROGRESS] INFO:  + Disk	- 26.80 MiB/s (write) / 0.00 MiB/s (read)
[PROGRESS] INFO: = Progress: 64.01 11395642463/17802455739, Running for: 00:24:28, ETA: 00:13:45
[PROGRESS] INFO: = Downloaded: 9128.17 MiB, Written: 10867.73 MiB
[PROGRESS] INFO:  + Download	- 8.00 MiB/s (raw) / 8.86 MiB/s (decompressed)
[PROGRESS] INFO:  + Disk	- 10.33 MiB/s (write) / 0.00 MiB/s (read)
[PROGRESS] INFO: = Progress: 64.07 11406178337/17802455739, Running for: 00:24:30, ETA: 00:13:44
[PROGRESS] INFO: = Downloaded: 9136.14 MiB, Written: 10877.78 MiB
[PROGRESS] INFO:  + Download	- 3.70 MiB/s (raw) / 4.12 MiB/s (decompressed)
[PROGRESS] INFO:  + Disk	- 5.94 MiB/s (write) / 0.00 MiB/s (read)
[PROGRESS] INFO: = Progress: 64.12 11414662624/17802455739, Running for: 00:24:31, ETA: 00:13:43
[PROGRESS] INFO: = Downloaded: 9145.37 MiB, Written: 10885.87 MiB
[PROGRESS] INFO:  + Download	- 4.41 MiB/s (raw) / 4.91 MiB/s (decompressed)
[PROGRESS] INFO:  + Disk	- 6.48 MiB/s (write) / 0.00 MiB/s (read)
[PROGRESS] INFO: = Progress: 64.12 11414662624/17802455739, Running for: 00:24:32, ETA: 00:13:43
[PROGRESS] INFO: = Downloaded: 9148.02 MiB, Written: 10885.87 MiB
[PROGRESS] INFO:  + Download	- 0.50 MiB/s (raw) / 0.54 MiB/s (decompressed)
[PROGRESS] INFO:  + Disk	- 0.00 MiB/s (write) / 0.00 MiB/s (read)
[PROGRESS] INFO: = Progress: 64.12 11414662624/17802455739, Running for: 00:24:33, ETA: 00:13:44
[PROGRESS] INFO: = Downloaded: 9149.77 MiB, Written: 10885.87 MiB
[PROGRESS] INFO:  + Download	- 0.50 MiB/s (raw) / 0.53 MiB/s (decompressed)
[PROGRESS] INFO:  + Disk	- 0.00 MiB/s (write) / 0.00 MiB/s (read)
[PROGRESS] INFO: = Progress: 64.12 11414662624/17802455739, Running for: 00:24:34, ETA: 00:13:45
[PROGRESS] INFO: = Downloaded: 9170.23 MiB, Written: 10885.87 MiB
[PROGRESS] INFO:  + Download	- 0.50 MiB/s (raw) / 0.55 MiB/s (decompressed)
[PROGRESS] INFO:  + Disk	- 0.00 MiB/s (write) / 0.00 MiB/s (read)
[PROGRESS] INFO: = Progress: 64.12 11414662624/17802455739, Running for: 00:24:35, ETA: 00:13:45
[PROGRESS] INFO: = Downloaded: 9173.73 MiB, Written: 10885.87 MiB
[PROGRESS] INFO:  + Download	- 0.50 MiB/s (raw) / 0.53 MiB/s (decompressed)
[PROGRESS] INFO:  + Disk	- 0.00 MiB/s (write) / 0.00 MiB/s (read)
[PROGRESS] INFO: = Progress: 64.12 11414662624/17802455739, Running for: 00:24:36, ETA: 00:13:46
[PROGRESS] INFO: = Downloaded: 9189.64 MiB, Written: 10885.87 MiB
[PROGRESS] INFO:  + Download	- 0.50 MiB/s (raw) / 0.52 MiB/s (decompressed)
[PROGRESS] INFO:  + Disk	- 0.00 MiB/s (write) / 0.00 MiB/s (read)
[PROGRESS] INFO: = Progress: 64.36 11458468928/17802455739, Running for: 00:24:37, ETA: 00:13:38
[PROGRESS] INFO: = Downloaded: 9214.73 MiB, Written: 10927.65 MiB
[PROGRESS] INFO:  + Download	- 17.72 MiB/s (raw) / 19.61 MiB/s (decompressed)
[PROGRESS] INFO:  + Disk	- 33.00 MiB/s (write) / 0.00 MiB/s (read)
[PROGRESS] INFO: = Progress: 64.36 11458468928/17802455739, Running for: 00:24:38, ETA: 00:13:38
[PROGRESS] INFO: = Downloaded: 9216.06 MiB, Written: 10927.65 MiB
[PROGRESS] INFO:  + Download	- 0.50 MiB/s (raw) / 0.67 MiB/s (decompressed)
[PROGRESS] INFO:  + Disk	- 0.00 MiB/s (write) / 0.00 MiB/s (read)
[PROGRESS] INFO: = Progress: 64.57 11494561759/17802455739, Running for: 00:24:39, ETA: 00:13:31
[PROGRESS] INFO: = Downloaded: 9245.07 MiB, Written: 10962.07 MiB
[PROGRESS] INFO:  + Download	- 16.66 MiB/s (raw) / 18.53 MiB/s (decompressed)
[PROGRESS] INFO:  + Disk	- 32.08 MiB/s (write) / 0.00 MiB/s (read)
[PROGRESS] INFO: = Progress: 64.57 11494561759/17802455739, Running for: 00:24:40, ETA: 00:13:32
[PROGRESS] INFO: = Downloaded: 9250.15 MiB, Written: 10962.07 MiB
[PROGRESS] INFO:  + Download	- 0.50 MiB/s (raw) / 0.56 MiB/s (decompressed)
[PROGRESS] INFO:  + Disk	- 0.00 MiB/s (write) / 0.00 MiB/s (read)
[PROGRESS] INFO: = Progress: 64.57 11494561759/17802455739, Running for: 00:24:41, ETA: 00:13:33
[PROGRESS] INFO: = Downloaded: 9267.12 MiB, Written: 10962.07 MiB
[PROGRESS] INFO:  + Download	- 0.50 MiB/s (raw) / 0.56 MiB/s (decompressed)
[PROGRESS] INFO:  + Disk	- 0.00 MiB/s (write) / 0.00 MiB/s (read)
[PROGRESS] INFO: = Progress: 64.57 11494561759/17802455739, Running for: 00:24:42, ETA: 00:13:33
[PROGRESS] INFO: = Downloaded: 9272.34 MiB, Written: 10962.07 MiB
[PROGRESS] INFO:  + Download	- 0.43 MiB/s (raw) / 0.51 MiB/s (decompressed)
[PROGRESS] INFO:  + Disk	- 0.00 MiB/s (write) / 0.00 MiB/s (read)
[PROGRESS] INFO: = Progress: 64.57 11494561759/17802455739, Running for: 00:24:43, ETA: 00:13:34
[PROGRESS] INFO: = Downloaded: 9277.34 MiB, Written: 10962.07 MiB
[PROGRESS] INFO:  + Download	- 0.50 MiB/s (raw) / 0.59 MiB/s (decompressed)
[PROGRESS] INFO:  + Disk	- 0.00 MiB/s (write) / 0.00 MiB/s (read)
[PROGRESS] INFO: = Progress: 64.57 11494561759/17802455739, Running for: 00:24:44, ETA: 00:13:34
[PROGRESS] INFO: = Downloaded: 9277.34 MiB, Written: 10962.07 MiB
[PROGRESS] INFO:  + Download	- 0.50 MiB/s (raw) / 0.52 MiB/s (decompressed)
[PROGRESS] INFO:  + Disk	- 0.00 MiB/s (write) / 0.00 MiB/s (read)
[PROGRESS] INFO: = Progress: 64.57 11494561759/17802455739, Running for: 00:24:45, ETA: 00:13:35
[PROGRESS] INFO: = Downloaded: 9277.34 MiB, Written: 10962.07 MiB
[PROGRESS] INFO:  + Download	- 0.50 MiB/s (raw) / 0.61 MiB/s (decompressed)
[PROGRESS] INFO:  + Disk	- 0.00 MiB/s (write) / 0.00 MiB/s (read)
[PROGRESS] INFO: = Progress: 64.57 11494561759/17802455739, Running for: 00:24:46, ETA: 00:13:35
[PROGRESS] INFO: = Downloaded: 9277.34 MiB, Written: 10962.07 MiB
[PROGRESS] INFO:  + Download	- 0.50 MiB/s (raw) / 0.54 MiB/s (decompressed)
[PROGRESS] INFO:  + Disk	- 0.00 MiB/s (write) / 0.00 MiB/s (read)
[PROGRESS] INFO: = Progress: 64.57 11494561759/17802455739, Running for: 00:24:47, ETA: 00:13:36
[PROGRESS] INFO: = Downloaded: 9277.34 MiB, Written: 10962.07 MiB
[PROGRESS] INFO:  + Download	- 0.50 MiB/s (raw) / 0.54 MiB/s (decompressed)
[PROGRESS] INFO:  + Disk	- 0.00 MiB/s (write) / 0.00 MiB/s (read)
[PROGRESS] INFO: = Progress: 65.11 11590323394/17802455739, Running for: 00:24:49, ETA: 00:13:18
[PROGRESS] INFO: = Downloaded: 9296.66 MiB, Written: 11053.39 MiB
[PROGRESS] INFO:  + Download	- 29.97 MiB/s (raw) / 34.31 MiB/s (decompressed)
[PROGRESS] INFO:  + Disk	- 48.53 MiB/s (write) / 0.00 MiB/s (read)
[PROGRESS] INFO: = Progress: 65.13 11594634796/17802455739, Running for: 00:24:50, ETA: 00:13:18
[PROGRESS] INFO: = Downloaded: 9305.90 MiB, Written: 11057.51 MiB
[PROGRESS] INFO:  + Download	- 2.55 MiB/s (raw) / 2.83 MiB/s (decompressed)
[PROGRESS] INFO:  + Disk	- 3.49 MiB/s (write) / 0.00 MiB/s (read)
[PROGRESS] INFO: = Progress: 65.23 11612859537/17802455739, Running for: 00:24:52, ETA: 00:13:15
[PROGRESS] INFO: = Downloaded: 9325.31 MiB, Written: 11074.89 MiB
[PROGRESS] INFO:  + Download	- 6.42 MiB/s (raw) / 7.28 MiB/s (decompressed)
[PROGRESS] INFO:  + Disk	- 10.40 MiB/s (write) / 0.00 MiB/s (read)
[PROGRESS] INFO: = Progress: 65.23 11612859537/17802455739, Running for: 00:24:53, ETA: 00:13:15
[PROGRESS] INFO: = Downloaded: 9329.39 MiB, Written: 11074.89 MiB
[PROGRESS] INFO:  + Download	- 0.50 MiB/s (raw) / 0.56 MiB/s (decompressed)
[PROGRESS] INFO:  + Disk	- 0.00 MiB/s (write) / 0.00 MiB/s (read)
[PROGRESS] INFO: = Progress: 65.39 11641174102/17802455739, Running for: 00:24:54, ETA: 00:13:10
[PROGRESS] INFO: = Downloaded: 9343.99 MiB, Written: 11101.89 MiB
[PROGRESS] INFO:  + Download	- 19.11 MiB/s (raw) / 20.94 MiB/s (decompressed)
[PROGRESS] INFO:  + Disk	- 27.90 MiB/s (write) / 0.00 MiB/s (read)
[PROGRESS] INFO: = Progress: 65.44 11649284073/17802455739, Running for: 00:24:55, ETA: 00:13:09
[PROGRESS] INFO: = Downloaded: 9343.99 MiB, Written: 11109.62 MiB
[PROGRESS] INFO:  + Download	- 14.32 MiB/s (raw) / 15.52 MiB/s (decompressed)
[PROGRESS] INFO:  + Disk	- 6.20 MiB/s (write) / 0.00 MiB/s (read)
[PROGRESS] INFO: = Progress: 65.44 11649284073/17802455739, Running for: 00:24:56, ETA: 00:13:10
[PROGRESS] INFO: = Downloaded: 9352.96 MiB, Written: 11109.62 MiB
[PROGRESS] INFO:  + Download	- 0.50 MiB/s (raw) / 0.56 MiB/s (decompressed)
[PROGRESS] INFO:  + Disk	- 0.00 MiB/s (write) / 0.00 MiB/s (read)
[PROGRESS] INFO: = Progress: 65.44 11649284073/17802455739, Running for: 00:24:57, ETA: 00:13:10
[PROGRESS] INFO: = Downloaded: 9361.88 MiB, Written: 11109.62 MiB
[PROGRESS] INFO:  + Download	- 0.50 MiB/s (raw) / 0.52 MiB/s (decompressed)
[PROGRESS] INFO:  + Disk	- 0.00 MiB/s (write) / 0.00 MiB/s (read)
[PROGRESS] INFO: = Progress: 65.44 11649284073/17802455739, Running for: 00:24:58, ETA: 00:13:11
[PROGRESS] INFO: = Downloaded: 9375.23 MiB, Written: 11109.62 MiB
[PROGRESS] INFO:  + Download	- 0.50 MiB/s (raw) / 0.56 MiB/s (decompressed)
[PROGRESS] INFO:  + Disk	- 0.00 MiB/s (write) / 0.00 MiB/s (read)
[PROGRESS] INFO: = Progress: 65.44 11649284073/17802455739, Running for: 00:24:59, ETA: 00:13:12
[PROGRESS] INFO: = Downloaded: 9375.23 MiB, Written: 11109.62 MiB
[PROGRESS] INFO:  + Download	- 0.50 MiB/s (raw) / 0.56 MiB/s (decompressed)
[PROGRESS] INFO:  + Disk	- 0.00 MiB/s (write) / 0.00 MiB/s (read)
[PROGRESS] INFO: = Progress: 65.68 11693330455/17802455739, Running for: 00:25:00, ETA: 00:13:04
[PROGRESS] INFO: = Downloaded: 9389.64 MiB, Written: 11151.63 MiB
[PROGRESS] INFO:  + Download	- 15.73 MiB/s (raw) / 17.26 MiB/s (decompressed)
[PROGRESS] INFO:  + Disk	- 28.58 MiB/s (write) / 0.00 MiB/s (read)
[PROGRESS] INFO: = Progress: 65.68 11693330455/17802455739, Running for: 00:25:01, ETA: 00:13:04
[PROGRESS] INFO: = Downloaded: 9396.04 MiB, Written: 11151.63 MiB
[PROGRESS] INFO:  + Download	- 0.50 MiB/s (raw) / 0.55 MiB/s (decompressed)
[PROGRESS] INFO:  + Disk	- 0.00 MiB/s (write) / 0.00 MiB/s (read)
[PROGRESS] INFO: = Progress: 65.68 11693330455/17802455739, Running for: 00:25:02, ETA: 00:13:05
[PROGRESS] INFO: = Downloaded: 9404.10 MiB, Written: 11151.63 MiB
[PROGRESS] INFO:  + Download	- 0.50 MiB/s (raw) / 0.52 MiB/s (decompressed)
[PROGRESS] INFO:  + Disk	- 0.00 MiB/s (write) / 0.00 MiB/s (read)
[PROGRESS] INFO: = Progress: 65.88 11728387938/17802455739, Running for: 00:25:04, ETA: 00:12:59
[PROGRESS] INFO: = Downloaded: 9419.51 MiB, Written: 11185.06 MiB
[PROGRESS] INFO:  + Download	- 12.94 MiB/s (raw) / 14.04 MiB/s (decompressed)
[PROGRESS] INFO:  + Disk	- 27.62 MiB/s (write) / 0.00 MiB/s (read)
[PROGRESS] INFO: = Progress: 65.88 11728387938/17802455739, Running for: 00:25:05, ETA: 00:12:59
[PROGRESS] INFO: = Downloaded: 9421.82 MiB, Written: 11185.06 MiB
[PROGRESS] INFO:  + Download	- 0.50 MiB/s (raw) / 0.52 MiB/s (decompressed)
[PROGRESS] INFO:  + Disk	- 0.00 MiB/s (write) / 0.00 MiB/s (read)
[PROGRESS] INFO: = Progress: 65.98 11745971020/17802455739, Running for: 00:25:06, ETA: 00:12:56
[PROGRESS] INFO: = Downloaded: 9434.18 MiB, Written: 11201.83 MiB
[PROGRESS] INFO:  + Download	- 5.95 MiB/s (raw) / 6.58 MiB/s (decompressed)
[PROGRESS] INFO:  + Disk	- 12.82 MiB/s (write) / 0.00 MiB/s (read)
[PROGRESS] INFO: = Progress: 65.98 11745971020/17802455739, Running for: 00:25:07, ETA: 00:12:57
[PROGRESS] INFO: = Downloaded: 9436.02 MiB, Written: 11201.83 MiB
[PROGRESS] INFO:  + Download	- 0.02 MiB/s (raw) / 0.02 MiB/s (decompressed)
[PROGRESS] INFO:  + Disk	- 0.00 MiB/s (write) / 0.00 MiB/s (read)
[PROGRESS] INFO: = Progress: 65.98 11745971020/17802455739, Running for: 00:25:08, ETA: 00:12:57
[PROGRESS] INFO: = Downloaded: 9439.97 MiB, Written: 11201.83 MiB
[PROGRESS] INFO:  + Download	- 0.50 MiB/s (raw) / 0.55 MiB/s (decompressed)
[PROGRESS] INFO:  + Disk	- 0.00 MiB/s (write) / 0.00 MiB/s (read)
[PROGRESS] INFO: = Progress: 65.98 11745971020/17802455739, Running for: 00:25:09, ETA: 00:12:58
[PROGRESS] INFO: = Downloaded: 9443.92 MiB, Written: 11201.83 MiB
[PROGRESS] INFO:  + Download	- 0.50 MiB/s (raw) / 0.54 MiB/s (decompressed)
[PROGRESS] INFO:  + Disk	- 0.00 MiB/s (write) / 0.00 MiB/s (read)
[PROGRESS] INFO: = Progress: 65.98 11745971020/17802455739, Running for: 00:25:10, ETA: 00:12:58
[PROGRESS] INFO: = Downloaded: 9455.10 MiB, Written: 11201.83 MiB
[PROGRESS] INFO:  + Download	- 0.50 MiB/s (raw) / 0.54 MiB/s (decompressed)
[PROGRESS] INFO:  + Disk	- 0.00 MiB/s (write) / 0.00 MiB/s (read)
[PROGRESS] INFO: = Progress: 65.98 11745971020/17802455739, Running for: 00:25:11, ETA: 00:12:59
[PROGRESS] INFO: = Downloaded: 9459.87 MiB, Written: 11201.83 MiB
[PROGRESS] INFO:  + Download	- 0.01 MiB/s (raw) / 0.01 MiB/s (decompressed)
[PROGRESS] INFO:  + Disk	- 0.00 MiB/s (write) / 0.00 MiB/s (read)
[PROGRESS] INFO: = Progress: 66.10 11767726017/17802455739, Running for: 00:25:13, ETA: 00:12:56
[PROGRESS] INFO: = Downloaded: 9472.88 MiB, Written: 11222.58 MiB
[PROGRESS] INFO:  + Download	- 6.91 MiB/s (raw) / 7.86 MiB/s (decompressed)
[PROGRESS] INFO:  + Disk	- 11.26 MiB/s (write) / 0.00 MiB/s (read)
[PROGRESS] INFO: = Progress: 66.27 11797681946/17802455739, Running for: 00:25:15, ETA: 00:12:51
[PROGRESS] INFO: = Downloaded: 9488.40 MiB, Written: 11251.15 MiB
[PROGRESS] INFO:  + Download	- 9.04 MiB/s (raw) / 11.03 MiB/s (decompressed)
[PROGRESS] INFO:  + Disk	- 14.74 MiB/s (write) / 0.00 MiB/s (read)
[PROGRESS] INFO: = Progress: 66.27 11797681946/17802455739, Running for: 00:25:16, ETA: 00:12:51
[PROGRESS] INFO: = Downloaded: 9490.50 MiB, Written: 11251.15 MiB
[PROGRESS] INFO:  + Download	- 0.25 MiB/s (raw) / 0.29 MiB/s (decompressed)
[PROGRESS] INFO:  + Disk	- 0.00 MiB/s (write) / 0.00 MiB/s (read)
[PROGRESS] INFO: = Progress: 66.27 11797681946/17802455739, Running for: 00:25:17, ETA: 00:12:52
[PROGRESS] INFO: = Downloaded: 9497.14 MiB, Written: 11251.15 MiB
[PROGRESS] INFO:  + Download	- 0.50 MiB/s (raw) / 0.52 MiB/s (decompressed)
[PROGRESS] INFO:  + Disk	- 0.00 MiB/s (write) / 0.00 MiB/s (read)
[PROGRESS] INFO: = Progress: 66.27 11797681946/17802455739, Running for: 00:25:18, ETA: 00:12:52
[PROGRESS] INFO: = Downloaded: 9516.11 MiB, Written: 11251.15 MiB
[PROGRESS] INFO:  + Download	- 0.50 MiB/s (raw) / 0.82 MiB/s (decompressed)
[PROGRESS] INFO:  + Disk	- 0.00 MiB/s (write) / 0.00 MiB/s (read)
[PROGRESS] INFO: = Progress: 66.68 11870995103/17802455739, Running for: 00:25:19, ETA: 00:12:39
[PROGRESS] INFO: = Downloaded: 9544.19 MiB, Written: 11321.06 MiB
[PROGRESS] INFO:  + Download	- 26.90 MiB/s (raw) / 29.97 MiB/s (decompressed)
[PROGRESS] INFO:  + Disk	- 48.68 MiB/s (write) / 0.00 MiB/s (read)
[PROGRESS] INFO: = Progress: 66.76 11885239647/17802455739, Running for: 00:25:20, ETA: 00:12:37
[PROGRESS] INFO: = Downloaded: 9551.24 MiB, Written: 11334.65 MiB
[PROGRESS] INFO:  + Download	- 8.66 MiB/s (raw) / 9.60 MiB/s (decompressed)
[PROGRESS] INFO:  + Disk	- 10.96 MiB/s (write) / 0.00 MiB/s (read)
[PROGRESS] INFO: = Progress: 66.76 11885239647/17802455739, Running for: 00:25:21, ETA: 00:12:37
[PROGRESS] INFO: = Downloaded: 9554.79 MiB, Written: 11334.65 MiB
[PROGRESS] INFO:  + Download	- 0.50 MiB/s (raw) / 0.57 MiB/s (decompressed)
[PROGRESS] INFO:  + Disk	- 0.00 MiB/s (write) / 0.00 MiB/s (read)
[PROGRESS] INFO: = Progress: 66.76 11885239647/17802455739, Running for: 00:25:22, ETA: 00:12:38
[PROGRESS] INFO: = Downloaded: 9574.28 MiB, Written: 11334.65 MiB
[PROGRESS] INFO:  + Download	- 0.50 MiB/s (raw) / 0.52 MiB/s (decompressed)
[PROGRESS] INFO:  + Disk	- 0.00 MiB/s (write) / 0.00 MiB/s (read)
[PROGRESS] INFO: = Progress: 66.89 11908395666/17802455739, Running for: 00:25:24, ETA: 00:12:34
[PROGRESS] INFO: = Downloaded: 9587.50 MiB, Written: 11356.73 MiB
[PROGRESS] INFO:  + Download	- 8.78 MiB/s (raw) / 9.62 MiB/s (decompressed)
[PROGRESS] INFO:  + Disk	- 15.51 MiB/s (write) / 0.00 MiB/s (read)
[PROGRESS] INFO: = Progress: 66.89 11908395666/17802455739, Running for: 00:25:25, ETA: 00:12:35
[PROGRESS] INFO: = Downloaded: 9598.41 MiB, Written: 11356.73 MiB
[PROGRESS] INFO:  + Download	- 0.50 MiB/s (raw) / 0.56 MiB/s (decompressed)
[PROGRESS] INFO:  + Disk	- 0.00 MiB/s (write) / 0.00 MiB/s (read)
[PROGRESS] INFO: = Progress: 67.07 11940008521/17802455739, Running for: 00:25:26, ETA: 00:12:29
[PROGRESS] INFO: = Downloaded: 9618.22 MiB, Written: 11386.88 MiB
[PROGRESS] INFO:  + Download	- 16.55 MiB/s (raw) / 17.72 MiB/s (decompressed)
[PROGRESS] INFO:  + Disk	- 31.11 MiB/s (write) / 0.00 MiB/s (read)
[PROGRESS] INFO: = Progress: 67.19 11961383845/17802455739, Running for: 00:25:27, ETA: 00:12:26
[PROGRESS] INFO: = Downloaded: 9633.57 MiB, Written: 11407.26 MiB
[PROGRESS] INFO:  + Download	- 7.93 MiB/s (raw) / 8.97 MiB/s (decompressed)
[PROGRESS] INFO:  + Disk	- 16.11 MiB/s (write) / 0.00 MiB/s (read)
[PROGRESS] INFO: = Progress: 67.31 11982303560/17802455739, Running for: 00:25:28, ETA: 00:12:22
[PROGRESS] INFO: = Downloaded: 9640.04 MiB, Written: 11427.22 MiB
[PROGRESS] INFO:  + Download	- 12.40 MiB/s (raw) / 13.68 MiB/s (decompressed)
[PROGRESS] INFO:  + Disk	- 18.06 MiB/s (write) / 0.00 MiB/s (read)
[PROGRESS] INFO: = Progress: 67.32 11984659838/17802455739, Running for: 00:25:30, ETA: 00:12:22
[PROGRESS] INFO: = Downloaded: 9653.30 MiB, Written: 11429.46 MiB
[PROGRESS] INFO:  + Download	- 1.35 MiB/s (raw) / 1.53 MiB/s (decompressed)
[PROGRESS] INFO:  + Disk	- 1.51 MiB/s (write) / 0.00 MiB/s (read)
[PROGRESS] INFO: = Progress: 67.32 11984659838/17802455739, Running for: 00:25:31, ETA: 00:12:23
[PROGRESS] INFO: = Downloaded: 9654.37 MiB, Written: 11429.46 MiB
[PROGRESS] INFO:  + Download	- 0.50 MiB/s (raw) / 0.57 MiB/s (decompressed)
[PROGRESS] INFO:  + Disk	- 0.00 MiB/s (write) / 0.00 MiB/s (read)
[PROGRESS] INFO: = Progress: 67.54 12024391589/17802455739, Running for: 00:25:32, ETA: 00:12:16
[PROGRESS] INFO: = Downloaded: 9674.96 MiB, Written: 11467.35 MiB
[PROGRESS] INFO:  + Download	- 16.76 MiB/s (raw) / 18.02 MiB/s (decompressed)
[PROGRESS] INFO:  + Disk	- 22.13 MiB/s (write) / 0.00 MiB/s (read)
[PROGRESS] INFO: = Progress: 67.56 12027094864/17802455739, Running for: 00:25:33, ETA: 00:12:16
[PROGRESS] INFO: = Downloaded: 9680.85 MiB, Written: 11469.93 MiB
[PROGRESS] INFO:  + Download	- 1.49 MiB/s (raw) / 1.59 MiB/s (decompressed)
[PROGRESS] INFO:  + Disk	- 1.57 MiB/s (write) / 0.00 MiB/s (read)
[PROGRESS] INFO: = Progress: 67.61 12035830001/17802455739, Running for: 00:25:35, ETA: 00:12:15
[PROGRESS] INFO: = Downloaded: 9708.12 MiB, Written: 11478.26 MiB
[PROGRESS] INFO:  + Download	- 2.29 MiB/s (raw) / 2.41 MiB/s (decompressed)
[PROGRESS] INFO:  + Disk	- 4.17 MiB/s (write) / 0.00 MiB/s (read)
[PROGRESS] INFO: = Progress: 67.61 12035830001/17802455739, Running for: 00:25:36, ETA: 00:12:16
[PROGRESS] INFO: = Downloaded: 9726.16 MiB, Written: 11478.26 MiB
[PROGRESS] INFO:  + Download	- 0.50 MiB/s (raw) / 0.56 MiB/s (decompressed)
[PROGRESS] INFO:  + Disk	- 0.00 MiB/s (write) / 0.00 MiB/s (read)
[PROGRESS] INFO: = Progress: 67.68 12047925038/17802455739, Running for: 00:25:37, ETA: 00:12:14
[PROGRESS] INFO: = Downloaded: 9733.06 MiB, Written: 11489.80 MiB
[PROGRESS] INFO:  + Download	- 6.12 MiB/s (raw) / 6.64 MiB/s (decompressed)
[PROGRESS] INFO:  + Disk	- 12.42 MiB/s (write) / 0.00 MiB/s (read)
[PROGRESS] INFO: = Progress: 67.92 12090856675/17802455739, Running for: 00:25:39, ETA: 00:12:07
[PROGRESS] INFO: = Downloaded: 9750.19 MiB, Written: 11530.74 MiB
[PROGRESS] INFO:  + Download	- 18.34 MiB/s (raw) / 19.94 MiB/s (decompressed)
[PROGRESS] INFO:  + Disk	- 35.75 MiB/s (write) / 0.00 MiB/s (read)
[PROGRESS] INFO: = Progress: 67.92 12090856675/17802455739, Running for: 00:25:40, ETA: 00:12:07
[PROGRESS] INFO: = Downloaded: 9755.92 MiB, Written: 11530.74 MiB
[PROGRESS] INFO:  + Download	- 0.50 MiB/s (raw) / 0.54 MiB/s (decompressed)
[PROGRESS] INFO:  + Disk	- 0.00 MiB/s (write) / 0.00 MiB/s (read)
[PROGRESS] INFO: = Progress: 67.92 12090856675/17802455739, Running for: 00:25:41, ETA: 00:12:08
[PROGRESS] INFO: = Downloaded: 9766.29 MiB, Written: 11530.74 MiB
[PROGRESS] INFO:  + Download	- 0.50 MiB/s (raw) / 0.52 MiB/s (decompressed)
[PROGRESS] INFO:  + Disk	- 0.00 MiB/s (write) / 0.00 MiB/s (read)
[PROGRESS] INFO: = Progress: 67.92 12090856675/17802455739, Running for: 00:25:42, ETA: 00:12:08
[PROGRESS] INFO: = Downloaded: 9772.54 MiB, Written: 11530.74 MiB
[PROGRESS] INFO:  + Download	- 0.50 MiB/s (raw) / 0.54 MiB/s (decompressed)
[PROGRESS] INFO:  + Disk	- 0.00 MiB/s (write) / 0.00 MiB/s (read)
[PROGRESS] INFO: = Progress: 68.04 12113604607/17802455739, Running for: 00:25:43, ETA: 00:12:04
[PROGRESS] INFO: = Downloaded: 9806.07 MiB, Written: 11552.43 MiB
[PROGRESS] INFO:  + Download	- 8.54 MiB/s (raw) / 9.36 MiB/s (decompressed)
[PROGRESS] INFO:  + Disk	- 17.78 MiB/s (write) / 0.00 MiB/s (read)
[PROGRESS] INFO: = Progress: 68.42 12179665465/17802455739, Running for: 00:25:44, ETA: 00:11:53
[PROGRESS] INFO: = Downloaded: 9828.24 MiB, Written: 11615.43 MiB
[PROGRESS] INFO:  + Download	- 31.13 MiB/s (raw) / 33.15 MiB/s (decompressed)
[PROGRESS] INFO:  + Disk	- 53.68 MiB/s (write) / 0.00 MiB/s (read)
[PROGRESS] INFO: = Progress: 68.42 12179665465/17802455739, Running for: 00:25:45, ETA: 00:11:53
[PROGRESS] INFO: = Downloaded: 9839.36 MiB, Written: 11615.43 MiB
[PROGRESS] INFO:  + Download	- 0.50 MiB/s (raw) / 0.54 MiB/s (decompressed)
[PROGRESS] INFO:  + Disk	- 0.00 MiB/s (write) / 0.00 MiB/s (read)
[PROGRESS] INFO: = Progress: 68.69 12228265221/17802455739, Running for: 00:25:46, ETA: 00:11:45
[PROGRESS] INFO: = Downloaded: 9860.21 MiB, Written: 11661.78 MiB
[PROGRESS] INFO:  + Download	- 19.32 MiB/s (raw) / 20.78 MiB/s (decompressed)
[PROGRESS] INFO:  + Disk	- 35.67 MiB/s (write) / 0.00 MiB/s (read)
[PROGRESS] INFO: = Progress: 68.81 12250612401/17802455739, Running for: 00:25:47, ETA: 00:11:41
[PROGRESS] INFO: = Downloaded: 9878.43 MiB, Written: 11683.09 MiB
[PROGRESS] INFO:  + Download	- 11.26 MiB/s (raw) / 12.57 MiB/s (decompressed)
[PROGRESS] INFO:  + Disk	- 18.86 MiB/s (write) / 0.00 MiB/s (read)
[PROGRESS] INFO: = Progress: 68.81 12250612401/17802455739, Running for: 00:25:48, ETA: 00:11:41
[PROGRESS] INFO: = Downloaded: 9897.81 MiB, Written: 11683.09 MiB
[PROGRESS] INFO:  + Download	- 0.50 MiB/s (raw) / 0.56 MiB/s (decompressed)
[PROGRESS] INFO:  + Disk	- 0.00 MiB/s (write) / 0.00 MiB/s (read)
[PROGRESS] INFO: = Progress: 68.81 12250612401/17802455739, Running for: 00:25:49, ETA: 00:11:42
[PROGRESS] INFO: = Downloaded: 9911.63 MiB, Written: 11683.09 MiB
[PROGRESS] INFO:  + Download	- 0.50 MiB/s (raw) / 0.55 MiB/s (decompressed)
[PROGRESS] INFO:  + Disk	- 0.00 MiB/s (write) / 0.00 MiB/s (read)
[PROGRESS] INFO: = Progress: 68.81 12250612401/17802455739, Running for: 00:25:50, ETA: 00:11:42
[PROGRESS] INFO: = Downloaded: 9926.16 MiB, Written: 11683.09 MiB
[PROGRESS] INFO:  + Download	- 0.50 MiB/s (raw) / 0.54 MiB/s (decompressed)
[PROGRESS] INFO:  + Disk	- 0.00 MiB/s (write) / 0.00 MiB/s (read)
[PROGRESS] INFO: = Progress: 68.81 12250612401/17802455739, Running for: 00:25:51, ETA: 00:11:43
[PROGRESS] INFO: = Downloaded: 9926.16 MiB, Written: 11683.09 MiB
[PROGRESS] INFO:  + Download	- 0.50 MiB/s (raw) / 0.55 MiB/s (decompressed)
[PROGRESS] INFO:  + Disk	- 0.00 MiB/s (write) / 0.00 MiB/s (read)
[PROGRESS] INFO: = Progress: 68.81 12250612401/17802455739, Running for: 00:25:52, ETA: 00:11:43
[PROGRESS] INFO: = Downloaded: 9926.16 MiB, Written: 11683.09 MiB
[PROGRESS] INFO:  + Download	- 0.40 MiB/s (raw) / 0.42 MiB/s (decompressed)
[PROGRESS] INFO:  + Disk	- 0.00 MiB/s (write) / 0.00 MiB/s (read)
[PROGRESS] INFO: = Progress: 69.28 12333471015/17802455739, Running for: 00:25:54, ETA: 00:11:29
[PROGRESS] INFO: = Downloaded: 9953.74 MiB, Written: 11762.11 MiB
[PROGRESS] INFO:  + Download	- 29.01 MiB/s (raw) / 31.37 MiB/s (decompressed)
[PROGRESS] INFO:  + Disk	- 44.40 MiB/s (write) / 0.00 MiB/s (read)
[PROGRESS] INFO: = Progress: 69.52 12376850656/17802455739, Running for: 00:25:56, ETA: 00:11:22
[PROGRESS] INFO: = Downloaded: 9988.35 MiB, Written: 11803.48 MiB
[PROGRESS] INFO:  + Download	- 12.56 MiB/s (raw) / 13.53 MiB/s (decompressed)
[PROGRESS] INFO:  + Disk	- 24.33 MiB/s (write) / 0.00 MiB/s (read)
[PROGRESS] INFO: = Progress: 69.64 12397227312/17802455739, Running for: 00:25:58, ETA: 00:11:19
[PROGRESS] INFO: = Downloaded: 10036.80 MiB, Written: 11822.92 MiB
[PROGRESS] INFO:  + Download	- 4.85 MiB/s (raw) / 5.35 MiB/s (decompressed)
[PROGRESS] INFO:  + Disk	- 9.61 MiB/s (write) / 0.00 MiB/s (read)
[PROGRESS] INFO: = Progress: 70.15 12487606998/17802455739, Running for: 00:25:59, ETA: 00:11:03
[PROGRESS] INFO: = Downloaded: 10078.32 MiB, Written: 11909.11 MiB
[PROGRESS] INFO:  + Download	- 32.89 MiB/s (raw) / 36.42 MiB/s (decompressed)
[PROGRESS] INFO:  + Disk	- 69.80 MiB/s (write) / 0.00 MiB/s (read)
[PROGRESS] INFO: = Progress: 70.20 12496606100/17802455739, Running for: 00:26:00, ETA: 00:11:02
[PROGRESS] INFO: = Downloaded: 10099.57 MiB, Written: 11917.69 MiB
[PROGRESS] INFO:  + Download	- 4.65 MiB/s (raw) / 5.26 MiB/s (decompressed)
[PROGRESS] INFO:  + Disk	- 7.35 MiB/s (write) / 0.00 MiB/s (read)
[PROGRESS] INFO: = Progress: 70.22 12501105299/17802455739, Running for: 00:26:01, ETA: 00:11:02
[PROGRESS] INFO: = Downloaded: 10129.04 MiB, Written: 11921.98 MiB
[PROGRESS] INFO:  + Download	- 3.54 MiB/s (raw) / 3.82 MiB/s (decompressed)
[PROGRESS] INFO:  + Disk	- 7.28 MiB/s (write) / 0.00 MiB/s (read)
[PROGRESS] INFO: = Progress: 70.68 12582529846/17802455739, Running for: 00:26:02, ETA: 00:10:48
[PROGRESS] INFO: = Downloaded: 10166.96 MiB, Written: 11999.64 MiB
[PROGRESS] INFO:  + Download	- 34.20 MiB/s (raw) / 37.22 MiB/s (decompressed)
[PROGRESS] INFO:  + Disk	- 64.47 MiB/s (write) / 0.00 MiB/s (read)
[PROGRESS] INFO: = Progress: 70.75 12596050865/17802455739, Running for: 00:26:03, ETA: 00:10:46
[PROGRESS] INFO: = Downloaded: 10182.14 MiB, Written: 12012.53 MiB
[PROGRESS] INFO:  + Download	- 6.99 MiB/s (raw) / 7.79 MiB/s (decompressed)
[PROGRESS] INFO:  + Disk	- 12.83 MiB/s (write) / 0.00 MiB/s (read)
[PROGRESS] INFO: = Progress: 70.93 12627901628/17802455739, Running for: 00:26:04, ETA: 00:10:41
[PROGRESS] INFO: = Downloaded: 10200.54 MiB, Written: 12044.50 MiB
[PROGRESS] INFO:  + Download	- 18.51 MiB/s (raw) / 19.93 MiB/s (decompressed)
[PROGRESS] INFO:  + Disk	- 28.35 MiB/s (write) / 0.00 MiB/s (read)
[PROGRESS] INFO: = Progress: 70.98 12636493521/17802455739, Running for: 00:26:05, ETA: 00:10:40
[PROGRESS] INFO: = Downloaded: 10213.78 MiB, Written: 12051.10 MiB
[PROGRESS] INFO:  + Download	- 7.06 MiB/s (raw) / 7.71 MiB/s (decompressed)
[PROGRESS] INFO:  + Disk	- 11.17 MiB/s (write) / 0.00 MiB/s (read)
[PROGRESS] INFO: = Progress: 71.19 12673366566/17802455739, Running for: 00:26:07, ETA: 00:10:34
[PROGRESS] INFO: = Downloaded: 10245.31 MiB, Written: 12086.26 MiB
[PROGRESS] INFO:  + Download	- 17.12 MiB/s (raw) / 18.39 MiB/s (decompressed)
[PROGRESS] INFO:  + Disk	- 26.29 MiB/s (write) / 0.00 MiB/s (read)
[PROGRESS] INFO: = Progress: 71.26 12686560699/17802455739, Running for: 00:26:08, ETA: 00:10:32
[PROGRESS] INFO: = Downloaded: 10262.45 MiB, Written: 12098.85 MiB
[PROGRESS] INFO:  + Download	- 6.29 MiB/s (raw) / 6.78 MiB/s (decompressed)
[PROGRESS] INFO:  + Disk	- 11.07 MiB/s (write) / 0.00 MiB/s (read)
[PROGRESS] INFO: = Progress: 71.26 12686560699/17802455739, Running for: 00:26:09, ETA: 00:10:32
[PROGRESS] INFO: = Downloaded: 10283.72 MiB, Written: 12098.85 MiB
[PROGRESS] INFO:  + Download	- 0.09 MiB/s (raw) / 0.10 MiB/s (decompressed)
[PROGRESS] INFO:  + Disk	- 0.00 MiB/s (write) / 0.00 MiB/s (read)
[PROGRESS] INFO: = Progress: 71.62 12749290488/17802455739, Running for: 00:26:10, ETA: 00:10:22
[PROGRESS] INFO: = Downloaded: 10318.69 MiB, Written: 12158.67 MiB
[PROGRESS] INFO:  + Download	- 24.79 MiB/s (raw) / 26.97 MiB/s (decompressed)
[PROGRESS] INFO:  + Disk	- 37.70 MiB/s (write) / 0.00 MiB/s (read)
[PROGRESS] INFO: = Progress: 71.82 12785248444/17802455739, Running for: 00:26:12, ETA: 00:10:17
[PROGRESS] INFO: = Downloaded: 10352.14 MiB, Written: 12192.96 MiB
[PROGRESS] INFO:  + Download	- 13.42 MiB/s (raw) / 14.96 MiB/s (decompressed)
[PROGRESS] INFO:  + Disk	- 22.93 MiB/s (write) / 0.00 MiB/s (read)
[PROGRESS] INFO: = Progress: 72.15 12844285814/17802455739, Running for: 00:26:14, ETA: 00:10:07
[PROGRESS] INFO: = Downloaded: 10391.28 MiB, Written: 12249.27 MiB
[PROGRESS] INFO:  + Download	- 15.17 MiB/s (raw) / 16.65 MiB/s (decompressed)
[PROGRESS] INFO:  + Disk	- 30.51 MiB/s (write) / 0.00 MiB/s (read)
[PROGRESS] INFO: = Progress: 72.15 12844285814/17802455739, Running for: 00:26:15, ETA: 00:10:08
[PROGRESS] INFO: = Downloaded: 10397.79 MiB, Written: 12249.27 MiB
[PROGRESS] INFO:  + Download	- 0.50 MiB/s (raw) / 0.56 MiB/s (decompressed)
[PROGRESS] INFO:  + Disk	- 0.00 MiB/s (write) / 0.00 MiB/s (read)
[PROGRESS] INFO: = Progress: 72.21 12855043821/17802455739, Running for: 00:26:16, ETA: 00:10:06
[PROGRESS] INFO: = Downloaded: 10436.25 MiB, Written: 12259.53 MiB
[PROGRESS] INFO:  + Download	- 5.67 MiB/s (raw) / 6.31 MiB/s (decompressed)
[PROGRESS] INFO:  + Disk	- 8.37 MiB/s (write) / 0.00 MiB/s (read)
[PROGRESS] INFO: = Progress: 72.34 12878943005/17802455739, Running for: 00:26:17, ETA: 00:10:03
[PROGRESS] INFO: = Downloaded: 10455.58 MiB, Written: 12282.32 MiB
[PROGRESS] INFO:  + Download	- 9.39 MiB/s (raw) / 10.42 MiB/s (decompressed)
[PROGRESS] INFO:  + Disk	- 18.54 MiB/s (write) / 0.00 MiB/s (read)
[PROGRESS] INFO: = Progress: 72.34 12878943005/17802455739, Running for: 00:26:18, ETA: 00:10:03
[PROGRESS] INFO: = Downloaded: 10470.60 MiB, Written: 12282.32 MiB
[PROGRESS] INFO:  + Download	- 0.50 MiB/s (raw) / 0.55 MiB/s (decompressed)
[PROGRESS] INFO:  + Disk	- 0.00 MiB/s (write) / 0.00 MiB/s (read)
[PROGRESS] INFO: = Progress: 72.34 12878943005/17802455739, Running for: 00:26:19, ETA: 00:10:03
[PROGRESS] INFO: = Downloaded: 10483.10 MiB, Written: 12282.32 MiB
[PROGRESS] INFO:  + Download	- 0.50 MiB/s (raw) / 0.54 MiB/s (decompressed)
[PROGRESS] INFO:  + Disk	- 0.00 MiB/s (write) / 0.00 MiB/s (read)
[PROGRESS] INFO: = Progress: 72.34 12878943005/17802455739, Running for: 00:26:20, ETA: 00:10:04
[PROGRESS] INFO: = Downloaded: 10507.29 MiB, Written: 12282.32 MiB
[PROGRESS] INFO:  + Download	- 0.50 MiB/s (raw) / 0.55 MiB/s (decompressed)
[PROGRESS] INFO:  + Disk	- 0.00 MiB/s (write) / 0.00 MiB/s (read)
[PROGRESS] INFO: = Progress: 72.34 12878943005/17802455739, Running for: 00:26:21, ETA: 00:10:04
[PROGRESS] INFO: = Downloaded: 10511.51 MiB, Written: 12282.32 MiB
[PROGRESS] INFO:  + Download	- 0.50 MiB/s (raw) / 0.56 MiB/s (decompressed)
[PROGRESS] INFO:  + Disk	- 0.00 MiB/s (write) / 0.00 MiB/s (read)
[PROGRESS] INFO: = Progress: 72.80 12960512938/17802455739, Running for: 00:26:22, ETA: 00:09:51
[PROGRESS] INFO: = Downloaded: 10560.37 MiB, Written: 12360.11 MiB
[PROGRESS] INFO:  + Download	- 39.69 MiB/s (raw) / 43.86 MiB/s (decompressed)
[PROGRESS] INFO:  + Disk	- 76.79 MiB/s (write) / 0.00 MiB/s (read)
[PROGRESS] INFO: = Progress: 73.14 13020833978/17802455739, Running for: 00:26:23, ETA: 00:09:41
[PROGRESS] INFO: = Downloaded: 10567.64 MiB, Written: 12417.63 MiB
[PROGRESS] INFO:  + Download	- 25.93 MiB/s (raw) / 28.51 MiB/s (decompressed)
[PROGRESS] INFO:  + Disk	- 49.91 MiB/s (write) / 0.00 MiB/s (read)
[PROGRESS] INFO: = Progress: 73.14 13020833978/17802455739, Running for: 00:26:24, ETA: 00:09:41
[PROGRESS] INFO: = Downloaded: 10583.46 MiB, Written: 12417.63 MiB
[PROGRESS] INFO:  + Download	- 0.50 MiB/s (raw) / 0.52 MiB/s (decompressed)
[PROGRESS] INFO:  + Disk	- 0.00 MiB/s (write) / 0.00 MiB/s (read)
[PROGRESS] INFO: = Progress: 73.38 13063132507/17802455739, Running for: 00:26:25, ETA: 00:09:35
[PROGRESS] INFO: = Downloaded: 10609.62 MiB, Written: 12457.97 MiB
[PROGRESS] INFO:  + Download	- 23.38 MiB/s (raw) / 25.56 MiB/s (decompressed)
[PROGRESS] INFO:  + Disk	- 38.04 MiB/s (write) / 0.00 MiB/s (read)
[PROGRESS] INFO: = Progress: 73.41 13068946873/17802455739, Running for: 00:26:26, ETA: 00:09:34
[PROGRESS] INFO: = Downloaded: 10622.09 MiB, Written: 12463.52 MiB
[PROGRESS] INFO:  + Download	- 2.97 MiB/s (raw) / 3.21 MiB/s (decompressed)
[PROGRESS] INFO:  + Disk	- 4.50 MiB/s (write) / 0.00 MiB/s (read)
[PROGRESS] INFO: = Progress: 73.65 13112320090/17802455739, Running for: 00:26:28, ETA: 00:09:28
[PROGRESS] INFO: = Downloaded: 10657.70 MiB, Written: 12504.88 MiB
[PROGRESS] INFO:  + Download	- 10.70 MiB/s (raw) / 11.73 MiB/s (decompressed)
[PROGRESS] INFO:  + Disk	- 21.18 MiB/s (write) / 0.00 MiB/s (read)
[PROGRESS] INFO: = Progress: 73.65 13112320090/17802455739, Running for: 00:26:29, ETA: 00:09:28
[PROGRESS] INFO: = Downloaded: 10660.08 MiB, Written: 12504.88 MiB
[PROGRESS] INFO:  + Download	- 0.50 MiB/s (raw) / 0.54 MiB/s (decompressed)
[PROGRESS] INFO:  + Disk	- 0.00 MiB/s (write) / 0.00 MiB/s (read)
[PROGRESS] INFO: = Progress: 73.65 13112320090/17802455739, Running for: 00:26:30, ETA: 00:09:29
[PROGRESS] INFO: = Downloaded: 10683.54 MiB, Written: 12504.88 MiB
[PROGRESS] INFO:  + Download	- 0.50 MiB/s (raw) / 0.55 MiB/s (decompressed)
[PROGRESS] INFO:  + Disk	- 0.00 MiB/s (write) / 0.00 MiB/s (read)
[PROGRESS] INFO: = Progress: 73.65 13112320090/17802455739, Running for: 00:26:31, ETA: 00:09:29
[PROGRESS] INFO: = Downloaded: 10701.81 MiB, Written: 12504.88 MiB
[PROGRESS] INFO:  + Download	- 0.50 MiB/s (raw) / 0.53 MiB/s (decompressed)
[PROGRESS] INFO:  + Disk	- 0.00 MiB/s (write) / 0.00 MiB/s (read)
[PROGRESS] INFO: = Progress: 74.08 13188395402/17802455739, Running for: 00:26:33, ETA: 00:09:17
[PROGRESS] INFO: = Downloaded: 10749.70 MiB, Written: 12577.43 MiB
[PROGRESS] INFO:  + Download	- 24.35 MiB/s (raw) / 27.02 MiB/s (decompressed)
[PROGRESS] INFO:  + Disk	- 47.58 MiB/s (write) / 0.00 MiB/s (read)
[PROGRESS] INFO: = Progress: 74.39 13242443211/17802455739, Running for: 00:26:34, ETA: 00:09:09
[PROGRESS] INFO: = Downloaded: 10787.22 MiB, Written: 12628.98 MiB
[PROGRESS] INFO:  + Download	- 17.95 MiB/s (raw) / 19.57 MiB/s (decompressed)
[PROGRESS] INFO:  + Disk	- 34.39 MiB/s (write) / 0.00 MiB/s (read)
[PROGRESS] INFO: = Progress: 74.89 13332483012/17802455739, Running for: 00:26:36, ETA: 00:08:55
[PROGRESS] INFO: = Downloaded: 10822.78 MiB, Written: 12714.85 MiB
[PROGRESS] INFO:  + Download	- 34.05 MiB/s (raw) / 37.10 MiB/s (decompressed)
[PROGRESS] INFO:  + Disk	- 64.25 MiB/s (write) / 0.00 MiB/s (read)
[PROGRESS] INFO: = Progress: 75.04 13359508383/17802455739, Running for: 00:26:37, ETA: 00:08:51
[PROGRESS] INFO: = Downloaded: 10860.59 MiB, Written: 12740.62 MiB
[PROGRESS] INFO:  + Download	- 9.71 MiB/s (raw) / 10.53 MiB/s (decompressed)
[PROGRESS] INFO:  + Disk	- 18.86 MiB/s (write) / 0.00 MiB/s (read)
[PROGRESS] INFO: = Progress: 75.29 13404269158/17802455739, Running for: 00:26:38, ETA: 00:08:44
[PROGRESS] INFO: = Downloaded: 10883.18 MiB, Written: 12783.31 MiB
[PROGRESS] INFO:  + Download	- 21.01 MiB/s (raw) / 22.98 MiB/s (decompressed)
[PROGRESS] INFO:  + Disk	- 36.63 MiB/s (write) / 0.00 MiB/s (read)
[PROGRESS] INFO: = Progress: 75.56 13450812991/17802455739, Running for: 00:26:39, ETA: 00:08:37
[PROGRESS] INFO: = Downloaded: 10919.15 MiB, Written: 12827.69 MiB
[PROGRESS] INFO:  + Download	- 22.13 MiB/s (raw) / 24.31 MiB/s (decompressed)
[PROGRESS] INFO:  + Disk	- 44.85 MiB/s (write) / 0.00 MiB/s (read)
[PROGRESS] INFO: = Progress: 75.61 13460107396/17802455739, Running for: 00:26:40, ETA: 00:08:36
[PROGRESS] INFO: = Downloaded: 10935.19 MiB, Written: 12836.56 MiB
[PROGRESS] INFO:  + Download	- 4.12 MiB/s (raw) / 4.46 MiB/s (decompressed)
[PROGRESS] INFO:  + Disk	- 8.79 MiB/s (write) / 0.00 MiB/s (read)
[PROGRESS] INFO: = Progress: 75.81 13495694603/17802455739, Running for: 00:26:41, ETA: 00:08:31
[PROGRESS] INFO: = Downloaded: 10973.14 MiB, Written: 12870.50 MiB
[PROGRESS] INFO:  + Download	- 15.94 MiB/s (raw) / 17.42 MiB/s (decompressed)
[PROGRESS] INFO:  + Disk	- 30.91 MiB/s (write) / 0.00 MiB/s (read)
[PROGRESS] INFO: = Progress: 75.92 13515915375/17802455739, Running for: 00:26:42, ETA: 00:08:28
[PROGRESS] INFO: = Downloaded: 10996.47 MiB, Written: 12889.78 MiB
[PROGRESS] INFO:  + Download	- 10.38 MiB/s (raw) / 11.34 MiB/s (decompressed)
[PROGRESS] INFO:  + Disk	- 17.42 MiB/s (write) / 0.00 MiB/s (read)
[PROGRESS] INFO: = Progress: 75.92 13515915375/17802455739, Running for: 00:26:43, ETA: 00:08:28
[PROGRESS] INFO: = Downloaded: 11007.94 MiB, Written: 12889.78 MiB
[PROGRESS] INFO:  + Download	- 0.50 MiB/s (raw) / 0.52 MiB/s (decompressed)
[PROGRESS] INFO:  + Disk	- 0.00 MiB/s (write) / 0.00 MiB/s (read)
[PROGRESS] INFO: = Progress: 76.21 13567429151/17802455739, Running for: 00:26:45, ETA: 00:08:21
[PROGRESS] INFO: = Downloaded: 11061.17 MiB, Written: 12938.91 MiB
[PROGRESS] INFO:  + Download	- 14.53 MiB/s (raw) / 15.70 MiB/s (decompressed)
[PROGRESS] INFO:  + Disk	- 28.14 MiB/s (write) / 0.00 MiB/s (read)
[PROGRESS] INFO: = Progress: 76.61 13638713022/17802455739, Running for: 00:26:47, ETA: 00:08:10
[PROGRESS] INFO: = Downloaded: 11096.95 MiB, Written: 13006.89 MiB
[PROGRESS] INFO:  + Download	- 18.24 MiB/s (raw) / 20.09 MiB/s (decompressed)
[PROGRESS] INFO:  + Disk	- 34.63 MiB/s (write) / 0.00 MiB/s (read)
[PROGRESS] INFO: = Progress: 76.61 13638713022/17802455739, Running for: 00:26:48, ETA: 00:08:11
[PROGRESS] INFO: = Downloaded: 11112.02 MiB, Written: 13006.89 MiB
[PROGRESS] INFO:  + Download	- 0.50 MiB/s (raw) / 0.56 MiB/s (decompressed)
[PROGRESS] INFO:  + Disk	- 0.00 MiB/s (write) / 0.00 MiB/s (read)
[PROGRESS] INFO: = Progress: 76.61 13638713022/17802455739, Running for: 00:26:49, ETA: 00:08:11
[PROGRESS] INFO: = Downloaded: 11136.26 MiB, Written: 13006.89 MiB
[PROGRESS] INFO:  + Download	- 0.50 MiB/s (raw) / 0.55 MiB/s (decompressed)
[PROGRESS] INFO:  + Disk	- 0.00 MiB/s (write) / 0.00 MiB/s (read)
[PROGRESS] INFO: = Progress: 76.61 13638713022/17802455739, Running for: 00:26:50, ETA: 00:08:11
[PROGRESS] INFO: = Downloaded: 11151.67 MiB, Written: 13006.89 MiB
[PROGRESS] INFO:  + Download	- 0.50 MiB/s (raw) / 0.55 MiB/s (decompressed)
[PROGRESS] INFO:  + Disk	- 0.00 MiB/s (write) / 0.00 MiB/s (read)
[PROGRESS] INFO: = Progress: 76.74 13662110621/17802455739, Running for: 00:26:51, ETA: 00:08:08
[PROGRESS] INFO: = Downloaded: 11177.08 MiB, Written: 13029.20 MiB
[PROGRESS] INFO:  + Download	- 11.18 MiB/s (raw) / 12.36 MiB/s (decompressed)
[PROGRESS] INFO:  + Disk	- 23.30 MiB/s (write) / 0.00 MiB/s (read)
[PROGRESS] INFO: = Progress: 76.94 13697160763/17802455739, Running for: 00:26:52, ETA: 00:08:03
[PROGRESS] INFO: = Downloaded: 11199.97 MiB, Written: 13062.63 MiB
[PROGRESS] INFO:  + Download	- 16.46 MiB/s (raw) / 18.06 MiB/s (decompressed)
[PROGRESS] INFO:  + Disk	- 29.16 MiB/s (write) / 0.00 MiB/s (read)
[PROGRESS] INFO: = Progress: 76.94 13697160763/17802455739, Running for: 00:26:53, ETA: 00:08:03
[PROGRESS] INFO: = Downloaded: 11222.52 MiB, Written: 13062.63 MiB
[PROGRESS] INFO:  + Download	- 0.50 MiB/s (raw) / 0.52 MiB/s (decompressed)
[PROGRESS] INFO:  + Disk	- 0.00 MiB/s (write) / 0.00 MiB/s (read)
[PROGRESS] INFO: = Progress: 77.65 13824042670/17802455739, Running for: 00:26:54, ETA: 00:07:44
[PROGRESS] INFO: = Downloaded: 11251.61 MiB, Written: 13183.63 MiB
[PROGRESS] INFO:  + Download	- 65.00 MiB/s (raw) / 71.43 MiB/s (decompressed)
[PROGRESS] INFO:  + Disk	- 121.47 MiB/s (write) / 0.00 MiB/s (read)
[PROGRESS] INFO: = Progress: 77.78 13846594109/17802455739, Running for: 00:26:56, ETA: 00:07:41
[PROGRESS] INFO: = Downloaded: 11262.74 MiB, Written: 13205.14 MiB
[PROGRESS] INFO:  + Download	- 7.49 MiB/s (raw) / 8.27 MiB/s (decompressed)
[PROGRESS] INFO:  + Disk	- 13.30 MiB/s (write) / 0.00 MiB/s (read)
[PROGRESS] INFO: = Progress: 77.78 13846594109/17802455739, Running for: 00:26:57, ETA: 00:07:42
[PROGRESS] INFO: = Downloaded: 11282.28 MiB, Written: 13205.14 MiB
[PROGRESS] INFO:  + Download	- 0.50 MiB/s (raw) / 0.65 MiB/s (decompressed)
[PROGRESS] INFO:  + Disk	- 0.00 MiB/s (write) / 0.00 MiB/s (read)
[PROGRESS] INFO: = Progress: 77.78 13846594109/17802455739, Running for: 00:26:58, ETA: 00:07:42
[PROGRESS] INFO: = Downloaded: 11291.49 MiB, Written: 13205.14 MiB
[PROGRESS] INFO:  + Download	- 0.02 MiB/s (raw) / 0.03 MiB/s (decompressed)
[PROGRESS] INFO:  + Disk	- 0.00 MiB/s (write) / 0.00 MiB/s (read)
[PROGRESS] INFO: = Progress: 77.78 13846594109/17802455739, Running for: 00:26:59, ETA: 00:07:42
[PROGRESS] INFO: = Downloaded: 11312.65 MiB, Written: 13205.14 MiB
[PROGRESS] INFO:  + Download	- 0.50 MiB/s (raw) / 0.55 MiB/s (decompressed)
[PROGRESS] INFO:  + Disk	- 0.00 MiB/s (write) / 0.00 MiB/s (read)
[PROGRESS] INFO: = Progress: 77.78 13846594109/17802455739, Running for: 00:27:00, ETA: 00:07:42
[PROGRESS] INFO: = Downloaded: 11331.19 MiB, Written: 13205.14 MiB
[PROGRESS] INFO:  + Download	- 0.50 MiB/s (raw) / 0.55 MiB/s (decompressed)
[PROGRESS] INFO:  + Disk	- 0.00 MiB/s (write) / 0.00 MiB/s (read)
[PROGRESS] INFO: = Progress: 77.78 13846594109/17802455739, Running for: 00:27:01, ETA: 00:07:43
[PROGRESS] INFO: = Downloaded: 11350.16 MiB, Written: 13205.14 MiB
[PROGRESS] INFO:  + Download	- 0.30 MiB/s (raw) / 0.33 MiB/s (decompressed)
[PROGRESS] INFO:  + Disk	- 0.00 MiB/s (write) / 0.00 MiB/s (read)
[PROGRESS] INFO: = Progress: 77.78 13846594109/17802455739, Running for: 00:27:02, ETA: 00:07:43
[PROGRESS] INFO: = Downloaded: 11362.95 MiB, Written: 13205.14 MiB
[PROGRESS] INFO:  + Download	- 0.50 MiB/s (raw) / 0.55 MiB/s (decompressed)
[PROGRESS] INFO:  + Disk	- 0.00 MiB/s (write) / 0.00 MiB/s (read)
[PROGRESS] INFO: = Progress: 77.78 13846594109/17802455739, Running for: 00:27:03, ETA: 00:07:43
[PROGRESS] INFO: = Downloaded: 11368.30 MiB, Written: 13205.14 MiB
[PROGRESS] INFO:  + Download	- 0.50 MiB/s (raw) / 0.67 MiB/s (decompressed)
[PROGRESS] INFO:  + Disk	- 0.00 MiB/s (write) / 0.00 MiB/s (read)
[PROGRESS] INFO: = Progress: 77.78 13846594109/17802455739, Running for: 00:27:04, ETA: 00:07:44
[PROGRESS] INFO: = Downloaded: 11378.66 MiB, Written: 13205.14 MiB
[PROGRESS] INFO:  + Download	- 0.50 MiB/s (raw) / 0.54 MiB/s (decompressed)
[PROGRESS] INFO:  + Disk	- 0.00 MiB/s (write) / 0.00 MiB/s (read)
[PROGRESS] INFO: = Progress: 77.78 13846594109/17802455739, Running for: 00:27:05, ETA: 00:07:44
[PROGRESS] INFO: = Downloaded: 11378.66 MiB, Written: 13205.14 MiB
[PROGRESS] INFO:  + Download	- 0.50 MiB/s (raw) / 0.54 MiB/s (decompressed)
[PROGRESS] INFO:  + Disk	- 0.00 MiB/s (write) / 0.00 MiB/s (read)
[PROGRESS] INFO: = Progress: 77.78 13846594109/17802455739, Running for: 00:27:06, ETA: 00:07:44
[PROGRESS] INFO: = Downloaded: 11378.66 MiB, Written: 13205.14 MiB
[PROGRESS] INFO:  + Download	- 0.50 MiB/s (raw) / 0.55 MiB/s (decompressed)
[PROGRESS] INFO:  + Disk	- 0.00 MiB/s (write) / 0.00 MiB/s (read)
[PROGRESS] INFO: = Progress: 77.78 13846594109/17802455739, Running for: 00:27:07, ETA: 00:07:44
[PROGRESS] INFO: = Downloaded: 11378.66 MiB, Written: 13205.14 MiB
[PROGRESS] INFO:  + Download	- 0.50 MiB/s (raw) / 0.55 MiB/s (decompressed)
[PROGRESS] INFO:  + Disk	- 0.00 MiB/s (write) / 0.00 MiB/s (read)
[PROGRESS] INFO: = Progress: 77.78 13846594109/17802455739, Running for: 00:27:08, ETA: 00:07:45
[PROGRESS] INFO: = Downloaded: 11378.66 MiB, Written: 13205.14 MiB
[PROGRESS] INFO:  + Download	- 0.45 MiB/s (raw) / 0.49 MiB/s (decompressed)
[PROGRESS] INFO:  + Disk	- 0.00 MiB/s (write) / 0.00 MiB/s (read)
[PROGRESS] INFO: = Progress: 77.78 13846594109/17802455739, Running for: 00:27:09, ETA: 00:07:45
[PROGRESS] INFO: = Downloaded: 11384.89 MiB, Written: 13205.14 MiB
[PROGRESS] INFO:  + Download	- 0.08 MiB/s (raw) / 0.09 MiB/s (decompressed)
[PROGRESS] INFO:  + Disk	- 0.00 MiB/s (write) / 0.00 MiB/s (read)
[PROGRESS] INFO: = Progress: 78.69 14008365427/17802455739, Running for: 00:27:10, ETA: 00:07:21
[PROGRESS] INFO: = Downloaded: 11395.23 MiB, Written: 13359.42 MiB
[PROGRESS] INFO:  + Download	- 71.80 MiB/s (raw) / 79.95 MiB/s (decompressed)
[PROGRESS] INFO:  + Disk	- 137.79 MiB/s (write) / 0.00 MiB/s (read)
[PROGRESS] INFO: = Progress: 78.74 14017734104/17802455739, Running for: 00:27:11, ETA: 00:07:20
[PROGRESS] INFO: = Downloaded: 11419.46 MiB, Written: 13368.35 MiB
[PROGRESS] INFO:  + Download	- 3.91 MiB/s (raw) / 4.23 MiB/s (decompressed)
[PROGRESS] INFO:  + Disk	- 7.45 MiB/s (write) / 0.00 MiB/s (read)
[PROGRESS] INFO: = Progress: 78.91 14048418832/17802455739, Running for: 00:27:12, ETA: 00:07:16
[PROGRESS] INFO: = Downloaded: 11434.96 MiB, Written: 13397.62 MiB
[PROGRESS] INFO:  + Download	- 16.16 MiB/s (raw) / 17.69 MiB/s (decompressed)
[PROGRESS] INFO:  + Disk	- 25.64 MiB/s (write) / 0.00 MiB/s (read)
[PROGRESS] INFO: = Progress: 78.98 14059988973/17802455739, Running for: 00:27:14, ETA: 00:07:15
[PROGRESS] INFO: = Downloaded: 11463.14 MiB, Written: 13408.65 MiB
[PROGRESS] INFO:  + Download	- 4.74 MiB/s (raw) / 5.18 MiB/s (decompressed)
[PROGRESS] INFO:  + Disk	- 6.85 MiB/s (write) / 0.00 MiB/s (read)
[PROGRESS] INFO: = Progress: 79.04 14071733809/17802455739, Running for: 00:27:15, ETA: 00:07:13
[PROGRESS] INFO: = Downloaded: 11481.18 MiB, Written: 13419.85 MiB
[PROGRESS] INFO:  + Download	- 6.11 MiB/s (raw) / 6.96 MiB/s (decompressed)
[PROGRESS] INFO:  + Disk	- 10.11 MiB/s (write) / 0.00 MiB/s (read)
[PROGRESS] INFO: = Progress: 79.04 14071733809/17802455739, Running for: 00:27:16, ETA: 00:07:13
[PROGRESS] INFO: = Downloaded: 11501.55 MiB, Written: 13419.85 MiB
[PROGRESS] INFO:  + Download	- 0.50 MiB/s (raw) / 0.53 MiB/s (decompressed)
[PROGRESS] INFO:  + Disk	- 0.00 MiB/s (write) / 0.00 MiB/s (read)
[PROGRESS] INFO: = Progress: 79.04 14071733809/17802455739, Running for: 00:27:17, ETA: 00:07:14
[PROGRESS] INFO: = Downloaded: 11517.63 MiB, Written: 13419.85 MiB
[PROGRESS] INFO:  + Download	- 0.50 MiB/s (raw) / 0.56 MiB/s (decompressed)
[PROGRESS] INFO:  + Disk	- 0.00 MiB/s (write) / 0.00 MiB/s (read)
[PROGRESS] INFO: = Progress: 79.27 14111469846/17802455739, Running for: 00:27:18, ETA: 00:07:08
[PROGRESS] INFO: = Downloaded: 11549.32 MiB, Written: 13457.75 MiB
[PROGRESS] INFO:  + Download	- 14.63 MiB/s (raw) / 15.95 MiB/s (decompressed)
[PROGRESS] INFO:  + Disk	- 30.62 MiB/s (write) / 0.00 MiB/s (read)
[PROGRESS] INFO: = Progress: 79.80 14206163053/17802455739, Running for: 00:27:20, ETA: 00:06:55
[PROGRESS] INFO: = Downloaded: 11589.72 MiB, Written: 13548.05 MiB
[PROGRESS] INFO:  + Download	- 34.40 MiB/s (raw) / 38.41 MiB/s (decompressed)
[PROGRESS] INFO:  + Disk	- 64.73 MiB/s (write) / 0.00 MiB/s (read)
[PROGRESS] INFO: = Progress: 79.80 14206163053/17802455739, Running for: 00:27:21, ETA: 00:06:55
[PROGRESS] INFO: = Downloaded: 11617.28 MiB, Written: 13548.05 MiB
[PROGRESS] INFO:  + Download	- 0.50 MiB/s (raw) / 0.58 MiB/s (decompressed)
[PROGRESS] INFO:  + Disk	- 0.00 MiB/s (write) / 0.00 MiB/s (read)
[PROGRESS] INFO: = Progress: 79.80 14206163053/17802455739, Running for: 00:27:22, ETA: 00:06:55
[PROGRESS] INFO: = Downloaded: 11628.24 MiB, Written: 13548.05 MiB
[PROGRESS] INFO:  + Download	- 0.50 MiB/s (raw) / 0.53 MiB/s (decompressed)
[PROGRESS] INFO:  + Disk	- 0.00 MiB/s (write) / 0.00 MiB/s (read)
[PROGRESS] INFO: = Progress: 79.80 14206163053/17802455739, Running for: 00:27:23, ETA: 00:06:55
[PROGRESS] INFO: = Downloaded: 11645.26 MiB, Written: 13548.05 MiB
[PROGRESS] INFO:  + Download	- 0.50 MiB/s (raw) / 0.54 MiB/s (decompressed)
[PROGRESS] INFO:  + Disk	- 0.00 MiB/s (write) / 0.00 MiB/s (read)
[PROGRESS] INFO: = Progress: 79.80 14206163053/17802455739, Running for: 00:27:24, ETA: 00:06:56
[PROGRESS] INFO: = Downloaded: 11657.54 MiB, Written: 13548.05 MiB
[PROGRESS] INFO:  + Download	- 0.50 MiB/s (raw) / 0.56 MiB/s (decompressed)
[PROGRESS] INFO:  + Disk	- 0.00 MiB/s (write) / 0.00 MiB/s (read)
[PROGRESS] INFO: = Progress: 79.80 14206163053/17802455739, Running for: 00:27:25, ETA: 00:06:56
[PROGRESS] INFO: = Downloaded: 11666.62 MiB, Written: 13548.05 MiB
[PROGRESS] INFO:  + Download	- 0.50 MiB/s (raw) / 0.52 MiB/s (decompressed)
[PROGRESS] INFO:  + Disk	- 0.00 MiB/s (write) / 0.00 MiB/s (read)
[PROGRESS] INFO: = Progress: 80.00 14241646954/17802455739, Running for: 00:27:26, ETA: 00:06:51
[PROGRESS] INFO: = Downloaded: 11683.31 MiB, Written: 13581.89 MiB
[PROGRESS] INFO:  + Download	- 21.54 MiB/s (raw) / 23.41 MiB/s (decompressed)
[PROGRESS] INFO:  + Disk	- 38.83 MiB/s (write) / 0.00 MiB/s (read)
[PROGRESS] INFO: = Progress: 80.61 14350284425/17802455739, Running for: 00:27:27, ETA: 00:06:36
[PROGRESS] INFO: = Downloaded: 11699.15 MiB, Written: 13685.50 MiB
[PROGRESS] INFO:  + Download	- 52.91 MiB/s (raw) / 58.40 MiB/s (decompressed)
[PROGRESS] INFO:  + Disk	- 94.75 MiB/s (write) / 0.00 MiB/s (read)
[PROGRESS] INFO: = Progress: 80.62 14352645555/17802455739, Running for: 00:27:28, ETA: 00:06:36
[PROGRESS] INFO: = Downloaded: 11712.27 MiB, Written: 13687.75 MiB
[PROGRESS] INFO:  + Download	- 1.49 MiB/s (raw) / 1.60 MiB/s (decompressed)
[PROGRESS] INFO:  + Disk	- 1.25 MiB/s (write) / 0.00 MiB/s (read)
[PROGRESS] INFO: = Progress: 80.67 14361304710/17802455739, Running for: 00:27:29, ETA: 00:06:35
[PROGRESS] INFO: = Downloaded: 11718.63 MiB, Written: 13696.01 MiB
[PROGRESS] INFO:  + Download	- 5.20 MiB/s (raw) / 5.60 MiB/s (decompressed)
[PROGRESS] INFO:  + Disk	- 5.96 MiB/s (write) / 0.00 MiB/s (read)
[PROGRESS] INFO: = Progress: 80.67 14361304710/17802455739, Running for: 00:27:30, ETA: 00:06:35
[PROGRESS] INFO: = Downloaded: 11741.85 MiB, Written: 13696.01 MiB
[PROGRESS] INFO:  + Download	- 0.50 MiB/s (raw) / 0.55 MiB/s (decompressed)
[PROGRESS] INFO:  + Disk	- 0.00 MiB/s (write) / 0.00 MiB/s (read)
[PROGRESS] INFO: = Progress: 80.86 14395213303/17802455739, Running for: 00:27:31, ETA: 00:06:30
[PROGRESS] INFO: = Downloaded: 11763.79 MiB, Written: 13728.35 MiB
[PROGRESS] INFO:  + Download	- 17.26 MiB/s (raw) / 18.53 MiB/s (decompressed)
[PROGRESS] INFO:  + Disk	- 27.79 MiB/s (write) / 0.00 MiB/s (read)
[PROGRESS] INFO: = Progress: 81.08 14433765093/17802455739, Running for: 00:27:33, ETA: 00:06:25
[PROGRESS] INFO: = Downloaded: 11788.42 MiB, Written: 13765.11 MiB
[PROGRESS] INFO:  + Download	- 9.03 MiB/s (raw) / 9.89 MiB/s (decompressed)
[PROGRESS] INFO:  + Disk	- 19.01 MiB/s (write) / 0.00 MiB/s (read)
[PROGRESS] INFO: = Progress: 81.08 14433765093/17802455739, Running for: 00:27:34, ETA: 00:06:26
[PROGRESS] INFO: = Downloaded: 11832.05 MiB, Written: 13765.11 MiB
[PROGRESS] INFO:  + Download	- 0.50 MiB/s (raw) / 0.54 MiB/s (decompressed)
[PROGRESS] INFO:  + Disk	- 0.00 MiB/s (write) / 0.00 MiB/s (read)
[PROGRESS] INFO: = Progress: 81.08 14433765093/17802455739, Running for: 00:27:35, ETA: 00:06:26
[PROGRESS] INFO: = Downloaded: 11861.88 MiB, Written: 13765.11 MiB
[PROGRESS] INFO:  + Download	- 0.50 MiB/s (raw) / 0.67 MiB/s (decompressed)
[PROGRESS] INFO:  + Disk	- 0.00 MiB/s (write) / 0.00 MiB/s (read)
[PROGRESS] INFO: = Progress: 81.08 14433765093/17802455739, Running for: 00:27:36, ETA: 00:06:26
[PROGRESS] INFO: = Downloaded: 11861.88 MiB, Written: 13765.11 MiB
[PROGRESS] INFO:  + Download	- 0.50 MiB/s (raw) / 0.53 MiB/s (decompressed)
[PROGRESS] INFO:  + Disk	- 0.00 MiB/s (write) / 0.00 MiB/s (read)
[PROGRESS] INFO: = Progress: 81.08 14433765093/17802455739, Running for: 00:27:37, ETA: 00:06:26
[PROGRESS] INFO: = Downloaded: 11891.30 MiB, Written: 13765.11 MiB
[PROGRESS] INFO:  + Download	- 0.50 MiB/s (raw) / 0.58 MiB/s (decompressed)
[PROGRESS] INFO:  + Disk	- 0.00 MiB/s (write) / 0.00 MiB/s (read)
[PROGRESS] INFO: = Progress: 81.47 14504406649/17802455739, Running for: 00:27:39, ETA: 00:06:17
[PROGRESS] INFO: = Downloaded: 11926.67 MiB, Written: 13832.48 MiB
[PROGRESS] INFO:  + Download	- 19.50 MiB/s (raw) / 21.38 MiB/s (decompressed)
[PROGRESS] INFO:  + Disk	- 40.80 MiB/s (write) / 0.00 MiB/s (read)
[PROGRESS] INFO: = Progress: 81.47 14504406649/17802455739, Running for: 00:27:40, ETA: 00:06:17
[PROGRESS] INFO: = Downloaded: 11940.17 MiB, Written: 13832.48 MiB
[PROGRESS] INFO:  + Download	- 0.50 MiB/s (raw) / 0.53 MiB/s (decompressed)
[PROGRESS] INFO:  + Disk	- 0.00 MiB/s (write) / 0.00 MiB/s (read)
[PROGRESS] INFO: = Progress: 81.47 14504406649/17802455739, Running for: 00:27:41, ETA: 00:06:17
[PROGRESS] INFO: = Downloaded: 11963.66 MiB, Written: 13832.48 MiB
[PROGRESS] INFO:  + Download	- 0.50 MiB/s (raw) / 0.55 MiB/s (decompressed)
[PROGRESS] INFO:  + Disk	- 0.00 MiB/s (write) / 0.00 MiB/s (read)
[PROGRESS] INFO: = Progress: 81.47 14504406649/17802455739, Running for: 00:27:42, ETA: 00:06:18
[PROGRESS] INFO: = Downloaded: 11984.33 MiB, Written: 13832.48 MiB
[PROGRESS] INFO:  + Download	- 0.50 MiB/s (raw) / 0.55 MiB/s (decompressed)
[PROGRESS] INFO:  + Disk	- 0.00 MiB/s (write) / 0.00 MiB/s (read)
[PROGRESS] INFO: = Progress: 81.47 14504406649/17802455739, Running for: 00:27:43, ETA: 00:06:18
[PROGRESS] INFO: = Downloaded: 12003.67 MiB, Written: 13832.48 MiB
[PROGRESS] INFO:  + Download	- 0.50 MiB/s (raw) / 0.52 MiB/s (decompressed)
[PROGRESS] INFO:  + Disk	- 0.00 MiB/s (write) / 0.00 MiB/s (read)
[PROGRESS] INFO: = Progress: 82.49 14685523678/17802455739, Running for: 00:27:44, ETA: 00:05:53
[PROGRESS] INFO: = Downloaded: 12018.93 MiB, Written: 14005.21 MiB
[PROGRESS] INFO:  + Download	- 67.90 MiB/s (raw) / 74.53 MiB/s (decompressed)
[PROGRESS] INFO:  + Disk	- 137.19 MiB/s (write) / 0.00 MiB/s (read)
[PROGRESS] INFO: = Progress: 82.49 14685523678/17802455739, Running for: 00:27:45, ETA: 00:05:53
[PROGRESS] INFO: = Downloaded: 12035.46 MiB, Written: 14005.21 MiB
[PROGRESS] INFO:  + Download	- 0.50 MiB/s (raw) / 0.53 MiB/s (decompressed)
[PROGRESS] INFO:  + Disk	- 0.00 MiB/s (write) / 0.00 MiB/s (read)
[PROGRESS] INFO: = Progress: 82.49 14685523678/17802455739, Running for: 00:27:46, ETA: 00:05:53
[PROGRESS] INFO: = Downloaded: 12055.54 MiB, Written: 14005.21 MiB
[PROGRESS] INFO:  + Download	- 0.50 MiB/s (raw) / 0.56 MiB/s (decompressed)
[PROGRESS] INFO:  + Disk	- 0.00 MiB/s (write) / 0.00 MiB/s (read)
[PROGRESS] INFO: = Progress: 82.49 14685523678/17802455739, Running for: 00:27:47, ETA: 00:05:53
[PROGRESS] INFO: = Downloaded: 12075.33 MiB, Written: 14005.21 MiB
[PROGRESS] INFO:  + Download	- 0.50 MiB/s (raw) / 0.67 MiB/s (decompressed)
[PROGRESS] INFO:  + Disk	- 0.00 MiB/s (write) / 0.00 MiB/s (read)
[PROGRESS] INFO: = Progress: 82.49 14685523678/17802455739, Running for: 00:27:48, ETA: 00:05:54
[PROGRESS] INFO: = Downloaded: 12075.33 MiB, Written: 14005.21 MiB
[PROGRESS] INFO:  + Download	- 0.50 MiB/s (raw) / 0.56 MiB/s (decompressed)
[PROGRESS] INFO:  + Disk	- 0.00 MiB/s (write) / 0.00 MiB/s (read)
[PROGRESS] INFO: = Progress: 82.49 14685523678/17802455739, Running for: 00:27:49, ETA: 00:05:54
[PROGRESS] INFO: = Downloaded: 12090.88 MiB, Written: 14005.21 MiB
[PROGRESS] INFO:  + Download	- 0.50 MiB/s (raw) / 0.52 MiB/s (decompressed)
[PROGRESS] INFO:  + Disk	- 0.00 MiB/s (write) / 0.00 MiB/s (read)
[PROGRESS] INFO: = Progress: 82.55 14696094162/17802455739, Running for: 00:27:51, ETA: 00:05:53
[PROGRESS] INFO: = Downloaded: 12145.12 MiB, Written: 14015.29 MiB
[PROGRESS] INFO:  + Download	- 3.47 MiB/s (raw) / 3.80 MiB/s (decompressed)
[PROGRESS] INFO:  + Disk	- 5.65 MiB/s (write) / 0.00 MiB/s (read)
[PROGRESS] INFO: = Progress: 83.17 14806694610/17802455739, Running for: 00:27:52, ETA: 00:05:38
[PROGRESS] INFO: = Downloaded: 12167.58 MiB, Written: 14120.76 MiB
[PROGRESS] INFO:  + Download	- 36.23 MiB/s (raw) / 40.01 MiB/s (decompressed)
[PROGRESS] INFO:  + Disk	- 72.92 MiB/s (write) / 0.00 MiB/s (read)
[PROGRESS] INFO: = Progress: 83.17 14806694610/17802455739, Running for: 00:27:53, ETA: 00:05:38
[PROGRESS] INFO: = Downloaded: 12173.68 MiB, Written: 14120.76 MiB
[PROGRESS] INFO:  + Download	- 0.50 MiB/s (raw) / 0.55 MiB/s (decompressed)
[PROGRESS] INFO:  + Disk	- 0.00 MiB/s (write) / 0.00 MiB/s (read)
[PROGRESS] INFO: = Progress: 83.17 14806694610/17802455739, Running for: 00:27:54, ETA: 00:05:38
[PROGRESS] INFO: = Downloaded: 12182.17 MiB, Written: 14120.76 MiB
[PROGRESS] INFO:  + Download	- 0.50 MiB/s (raw) / 0.53 MiB/s (decompressed)
[PROGRESS] INFO:  + Disk	- 0.00 MiB/s (write) / 0.00 MiB/s (read)
[PROGRESS] INFO: = Progress: 83.17 14806694610/17802455739, Running for: 00:27:55, ETA: 00:05:39
[PROGRESS] INFO: = Downloaded: 12202.76 MiB, Written: 14120.76 MiB
[PROGRESS] INFO:  + Download	- 0.50 MiB/s (raw) / 0.54 MiB/s (decompressed)
[PROGRESS] INFO:  + Disk	- 0.00 MiB/s (write) / 0.00 MiB/s (read)
[PROGRESS] INFO: = Progress: 83.17 14806694610/17802455739, Running for: 00:27:56, ETA: 00:05:39
[PROGRESS] INFO: = Downloaded: 12209.18 MiB, Written: 14120.76 MiB
[PROGRESS] INFO:  + Download	- 0.50 MiB/s (raw) / 0.53 MiB/s (decompressed)
[PROGRESS] INFO:  + Disk	- 0.00 MiB/s (write) / 0.00 MiB/s (read)
[PROGRESS] INFO: = Progress: 83.17 14806694610/17802455739, Running for: 00:27:57, ETA: 00:05:39
[PROGRESS] INFO: = Downloaded: 12228.17 MiB, Written: 14120.76 MiB
[PROGRESS] INFO:  + Download	- 0.50 MiB/s (raw) / 0.51 MiB/s (decompressed)
[PROGRESS] INFO:  + Disk	- 0.00 MiB/s (write) / 0.00 MiB/s (read)
[PROGRESS] INFO: = Progress: 83.17 14806694610/17802455739, Running for: 00:27:58, ETA: 00:05:39
[PROGRESS] INFO: = Downloaded: 12242.06 MiB, Written: 14120.76 MiB
[PROGRESS] INFO:  + Download	- 0.50 MiB/s (raw) / 0.55 MiB/s (decompressed)
[PROGRESS] INFO:  + Disk	- 0.00 MiB/s (write) / 0.00 MiB/s (read)
[PROGRESS] INFO: = Progress: 83.17 14806694610/17802455739, Running for: 00:27:59, ETA: 00:05:39
[PROGRESS] INFO: = Downloaded: 12242.06 MiB, Written: 14120.76 MiB
[PROGRESS] INFO:  + Download	- 0.50 MiB/s (raw) / 0.55 MiB/s (decompressed)
[PROGRESS] INFO:  + Disk	- 0.00 MiB/s (write) / 0.00 MiB/s (read)
[PROGRESS] INFO: = Progress: 83.17 14806694610/17802455739, Running for: 00:28:00, ETA: 00:05:40
[PROGRESS] INFO: = Downloaded: 12252.03 MiB, Written: 14120.76 MiB
[PROGRESS] INFO:  + Download	- 0.50 MiB/s (raw) / 0.54 MiB/s (decompressed)
[PROGRESS] INFO:  + Disk	- 0.00 MiB/s (write) / 0.00 MiB/s (read)
[PROGRESS] INFO: = Progress: 83.17 14806694610/17802455739, Running for: 00:28:01, ETA: 00:05:40
[PROGRESS] INFO: = Downloaded: 12268.47 MiB, Written: 14120.76 MiB
[PROGRESS] INFO:  + Download	- 0.50 MiB/s (raw) / 0.54 MiB/s (decompressed)
[PROGRESS] INFO:  + Disk	- 0.00 MiB/s (write) / 0.00 MiB/s (read)
[PROGRESS] INFO: = Progress: 83.17 14806694610/17802455739, Running for: 00:28:02, ETA: 00:05:40
[PROGRESS] INFO: = Downloaded: 12276.91 MiB, Written: 14120.76 MiB
[PROGRESS] INFO:  + Download	- 0.50 MiB/s (raw) / 0.55 MiB/s (decompressed)
[PROGRESS] INFO:  + Disk	- 0.00 MiB/s (write) / 0.00 MiB/s (read)
[PROGRESS] INFO: = Progress: 83.17 14806694610/17802455739, Running for: 00:28:03, ETA: 00:05:40
[PROGRESS] INFO: = Downloaded: 12286.40 MiB, Written: 14120.76 MiB
[PROGRESS] INFO:  + Download	- 0.34 MiB/s (raw) / 0.36 MiB/s (decompressed)
[PROGRESS] INFO:  + Disk	- 0.00 MiB/s (write) / 0.00 MiB/s (read)
[PROGRESS] INFO: = Progress: 83.17 14806694610/17802455739, Running for: 00:28:04, ETA: 00:05:40
[PROGRESS] INFO: = Downloaded: 12286.53 MiB, Written: 14120.76 MiB
[PROGRESS] INFO:  + Download	- 0.50 MiB/s (raw) / 0.53 MiB/s (decompressed)
[PROGRESS] INFO:  + Disk	- 0.00 MiB/s (write) / 0.00 MiB/s (read)
[PROGRESS] INFO: = Progress: 83.17 14806694610/17802455739, Running for: 00:28:05, ETA: 00:05:41
[PROGRESS] INFO: = Downloaded: 12321.47 MiB, Written: 14120.76 MiB
[PROGRESS] INFO:  + Download	- 0.98 MiB/s (raw) / 1.04 MiB/s (decompressed)
[PROGRESS] INFO:  + Disk	- 1.95 MiB/s (write) / 0.00 MiB/s (read)
[PROGRESS] INFO: = Progress: 83.95 14944877509/17802455739, Running for: 00:28:07, ETA: 00:05:22
[PROGRESS] INFO: = Downloaded: 12336.61 MiB, Written: 14252.55 MiB
[PROGRESS] INFO:  + Download	- 64.33 MiB/s (raw) / 70.90 MiB/s (decompressed)
[PROGRESS] INFO:  + Disk	- 125.31 MiB/s (write) / 0.00 MiB/s (read)
[PROGRESS] INFO: = Progress: 84.88 15110047945/17802455739, Running for: 00:28:08, ETA: 00:05:00
[PROGRESS] INFO: = Downloaded: 12354.01 MiB, Written: 14410.06 MiB
[PROGRESS] INFO:  + Download	- 42.54 MiB/s (raw) / 46.03 MiB/s (decompressed)
[PROGRESS] INFO:  + Disk	- 89.73 MiB/s (write) / 0.00 MiB/s (read)
[PROGRESS] INFO: = Progress: 85.02 15135138721/17802455739, Running for: 00:28:10, ETA: 00:04:57
[PROGRESS] INFO: = Downloaded: 12378.95 MiB, Written: 14433.99 MiB
[PROGRESS] INFO:  + Download	- 7.77 MiB/s (raw) / 8.58 MiB/s (decompressed)
[PROGRESS] INFO:  + Disk	- 14.85 MiB/s (write) / 0.00 MiB/s (read)
[PROGRESS] INFO: = Progress: 85.02 15135138721/17802455739, Running for: 00:28:11, ETA: 00:04:58
[PROGRESS] INFO: = Downloaded: 12384.35 MiB, Written: 14433.99 MiB
[PROGRESS] INFO:  + Download	- 0.50 MiB/s (raw) / 0.52 MiB/s (decompressed)
[PROGRESS] INFO:  + Disk	- 0.00 MiB/s (write) / 0.00 MiB/s (read)
[PROGRESS] INFO: = Progress: 85.02 15135138721/17802455739, Running for: 00:28:12, ETA: 00:04:58
[PROGRESS] INFO: = Downloaded: 12389.90 MiB, Written: 14433.99 MiB
[PROGRESS] INFO:  + Download	- 0.50 MiB/s (raw) / 0.54 MiB/s (decompressed)
[PROGRESS] INFO:  + Disk	- 0.00 MiB/s (write) / 0.00 MiB/s (read)
[PROGRESS] INFO: = Progress: 85.18 15164209219/17802455739, Running for: 00:28:13, ETA: 00:04:54
[PROGRESS] INFO: = Downloaded: 12410.90 MiB, Written: 14461.72 MiB
[PROGRESS] INFO:  + Download	- 13.42 MiB/s (raw) / 14.55 MiB/s (decompressed)
[PROGRESS] INFO:  + Disk	- 24.02 MiB/s (write) / 0.00 MiB/s (read)
[PROGRESS] INFO: = Progress: 85.18 15164209219/17802455739, Running for: 00:28:14, ETA: 00:04:54
[PROGRESS] INFO: = Downloaded: 12421.04 MiB, Written: 14461.72 MiB
[PROGRESS] INFO:  + Download	- 0.50 MiB/s (raw) / 0.52 MiB/s (decompressed)
[PROGRESS] INFO:  + Disk	- 0.00 MiB/s (write) / 0.00 MiB/s (read)
[PROGRESS] INFO: = Progress: 85.18 15164209219/17802455739, Running for: 00:28:15, ETA: 00:04:54
[PROGRESS] INFO: = Downloaded: 12424.57 MiB, Written: 14461.72 MiB
[PROGRESS] INFO:  + Download	- 0.50 MiB/s (raw) / 0.52 MiB/s (decompressed)
[PROGRESS] INFO:  + Disk	- 0.00 MiB/s (write) / 0.00 MiB/s (read)
[PROGRESS] INFO: = Progress: 85.44 15209530270/17802455739, Running for: 00:28:16, ETA: 00:04:49
[PROGRESS] INFO: = Downloaded: 12440.78 MiB, Written: 14504.94 MiB
[PROGRESS] INFO:  + Download	- 16.87 MiB/s (raw) / 18.63 MiB/s (decompressed)
[PROGRESS] INFO:  + Disk	- 29.80 MiB/s (write) / 0.00 MiB/s (read)
[PROGRESS] INFO: = Progress: 85.52 15225335510/17802455739, Running for: 00:28:18, ETA: 00:04:47
[PROGRESS] INFO: = Downloaded: 12459.88 MiB, Written: 14520.01 MiB
[PROGRESS] INFO:  + Download	- 7.67 MiB/s (raw) / 8.53 MiB/s (decompressed)
[PROGRESS] INFO:  + Disk	- 12.02 MiB/s (write) / 0.00 MiB/s (read)
[PROGRESS] INFO: = Progress: 85.59 15237256174/17802455739, Running for: 00:28:19, ETA: 00:04:46
[PROGRESS] INFO: = Downloaded: 12459.88 MiB, Written: 14531.38 MiB
[PROGRESS] INFO:  + Download	- 6.31 MiB/s (raw) / 6.94 MiB/s (decompressed)
[PROGRESS] INFO:  + Disk	- 10.24 MiB/s (write) / 0.00 MiB/s (read)
[PROGRESS] INFO: = Progress: 85.70 15257232330/17802455739, Running for: 00:28:20, ETA: 00:04:43
[PROGRESS] INFO: = Downloaded: 12485.86 MiB, Written: 14550.43 MiB
[PROGRESS] INFO:  + Download	- 6.69 MiB/s (raw) / 7.31 MiB/s (decompressed)
[PROGRESS] INFO:  + Disk	- 12.76 MiB/s (write) / 0.00 MiB/s (read)
[PROGRESS] INFO: = Progress: 85.76 15267110840/17802455739, Running for: 00:28:21, ETA: 00:04:42
[PROGRESS] INFO: = Downloaded: 12485.86 MiB, Written: 14559.85 MiB
[PROGRESS] INFO:  + Download	- 4.87 MiB/s (raw) / 5.41 MiB/s (decompressed)
[PROGRESS] INFO:  + Disk	- 8.20 MiB/s (write) / 0.00 MiB/s (read)
[PROGRESS] INFO: = Progress: 85.81 15276974950/17802455739, Running for: 00:28:23, ETA: 00:04:41
[PROGRESS] INFO: = Downloaded: 12494.14 MiB, Written: 14569.26 MiB
[PROGRESS] INFO:  + Download	- 3.31 MiB/s (raw) / 3.55 MiB/s (decompressed)
[PROGRESS] INFO:  + Disk	- 7.23 MiB/s (write) / 0.00 MiB/s (read)
[PROGRESS] INFO: = Progress: 85.96 15303679363/17802455739, Running for: 00:28:24, ETA: 00:04:38
[PROGRESS] INFO: = Downloaded: 12500.64 MiB, Written: 14594.73 MiB
[PROGRESS] INFO:  + Download	- 9.01 MiB/s (raw) / 9.71 MiB/s (decompressed)
[PROGRESS] INFO:  + Disk	- 15.15 MiB/s (write) / 0.00 MiB/s (read)
[PROGRESS] INFO: = Progress: 85.96 15303679363/17802455739, Running for: 00:28:25, ETA: 00:04:38
[PROGRESS] INFO: = Downloaded: 12500.64 MiB, Written: 14594.73 MiB
[PROGRESS] INFO:  + Download	- 0.50 MiB/s (raw) / 0.56 MiB/s (decompressed)
[PROGRESS] INFO:  + Disk	- 0.00 MiB/s (write) / 0.00 MiB/s (read)
[PROGRESS] INFO: = Progress: 85.96 15303679363/17802455739, Running for: 00:28:26, ETA: 00:04:38
[PROGRESS] INFO: = Downloaded: 12519.74 MiB, Written: 14594.73 MiB
[PROGRESS] INFO:  + Download	- 0.50 MiB/s (raw) / 0.56 MiB/s (decompressed)
[PROGRESS] INFO:  + Disk	- 0.00 MiB/s (write) / 0.00 MiB/s (read)
[PROGRESS] INFO: = Progress: 85.96 15303679363/17802455739, Running for: 00:28:27, ETA: 00:04:38
[PROGRESS] INFO: = Downloaded: 12519.74 MiB, Written: 14594.73 MiB
[PROGRESS] INFO:  + Download	- 0.50 MiB/s (raw) / 0.51 MiB/s (decompressed)
[PROGRESS] INFO:  + Disk	- 0.00 MiB/s (write) / 0.00 MiB/s (read)
[PROGRESS] INFO: = Progress: 85.96 15303679363/17802455739, Running for: 00:28:28, ETA: 00:04:39
[PROGRESS] INFO: = Downloaded: 12548.82 MiB, Written: 14594.73 MiB
[PROGRESS] INFO:  + Download	- 0.50 MiB/s (raw) / 0.51 MiB/s (decompressed)
[PROGRESS] INFO:  + Disk	- 0.00 MiB/s (write) / 0.00 MiB/s (read)
[PROGRESS] INFO: = Progress: 85.96 15303679363/17802455739, Running for: 00:28:29, ETA: 00:04:39
[PROGRESS] INFO: = Downloaded: 12558.81 MiB, Written: 14594.73 MiB
[PROGRESS] INFO:  + Download	- 0.50 MiB/s (raw) / 0.51 MiB/s (decompressed)
[PROGRESS] INFO:  + Disk	- 0.00 MiB/s (write) / 0.00 MiB/s (read)
[PROGRESS] INFO: = Progress: 85.96 15303679363/17802455739, Running for: 00:28:30, ETA: 00:04:39
[PROGRESS] INFO: = Downloaded: 12568.79 MiB, Written: 14594.73 MiB
[PROGRESS] INFO:  + Download	- 0.50 MiB/s (raw) / 0.52 MiB/s (decompressed)
[PROGRESS] INFO:  + Disk	- 0.00 MiB/s (write) / 0.00 MiB/s (read)
[PROGRESS] INFO: = Progress: 85.96 15303679363/17802455739, Running for: 00:28:31, ETA: 00:04:39
[PROGRESS] INFO: = Downloaded: 12587.89 MiB, Written: 14594.73 MiB
[PROGRESS] INFO:  + Download	- 0.50 MiB/s (raw) / 0.51 MiB/s (decompressed)
[PROGRESS] INFO:  + Disk	- 0.00 MiB/s (write) / 0.00 MiB/s (read)
[PROGRESS] INFO: = Progress: 85.96 15303679363/17802455739, Running for: 00:28:32, ETA: 00:04:39
[PROGRESS] INFO: = Downloaded: 12597.88 MiB, Written: 14594.73 MiB
[PROGRESS] INFO:  + Download	- 0.03 MiB/s (raw) / 0.03 MiB/s (decompressed)
[PROGRESS] INFO:  + Disk	- 0.00 MiB/s (write) / 0.00 MiB/s (read)
[PROGRESS] INFO: = Progress: 85.96 15303679363/17802455739, Running for: 00:28:33, ETA: 00:04:39
[PROGRESS] INFO: = Downloaded: 12617.85 MiB, Written: 14594.73 MiB
[PROGRESS] INFO:  + Download	- 0.50 MiB/s (raw) / 0.51 MiB/s (decompressed)
[PROGRESS] INFO:  + Disk	- 0.00 MiB/s (write) / 0.00 MiB/s (read)
[PROGRESS] INFO: = Progress: 85.96 15303679363/17802455739, Running for: 00:28:34, ETA: 00:04:40
[PROGRESS] INFO: = Downloaded: 12617.85 MiB, Written: 14594.73 MiB
[PROGRESS] INFO:  + Download	- 0.50 MiB/s (raw) / 0.55 MiB/s (decompressed)
[PROGRESS] INFO:  + Disk	- 0.00 MiB/s (write) / 0.00 MiB/s (read)
[PROGRESS] INFO: = Progress: 85.96 15303679363/17802455739, Running for: 00:28:35, ETA: 00:04:40
[PROGRESS] INFO: = Downloaded: 12663.99 MiB, Written: 14594.73 MiB
[PROGRESS] INFO:  + Download	- 0.50 MiB/s (raw) / 0.55 MiB/s (decompressed)
[PROGRESS] INFO:  + Disk	- 0.00 MiB/s (write) / 0.00 MiB/s (read)
[PROGRESS] INFO: = Progress: 85.96 15303679363/17802455739, Running for: 00:28:36, ETA: 00:04:40
[PROGRESS] INFO: = Downloaded: 12673.99 MiB, Written: 14594.73 MiB
[PROGRESS] INFO:  + Download	- 0.23 MiB/s (raw) / 0.26 MiB/s (decompressed)
[PROGRESS] INFO:  + Disk	- 0.00 MiB/s (write) / 0.00 MiB/s (read)
[PROGRESS] INFO: = Progress: 87.39 15556973465/17802455739, Running for: 00:28:38, ETA: 00:04:08
[PROGRESS] INFO: = Downloaded: 12751.44 MiB, Written: 14836.29 MiB
[PROGRESS] INFO:  + Download	- 57.69 MiB/s (raw) / 63.60 MiB/s (decompressed)
[PROGRESS] INFO:  + Disk	- 123.11 MiB/s (write) / 0.00 MiB/s (read)
[PROGRESS] INFO: = Progress: 87.39 15556973465/17802455739, Running for: 00:28:39, ETA: 00:04:08
[PROGRESS] INFO: = Downloaded: 12771.45 MiB, Written: 14836.29 MiB
[PROGRESS] INFO:  + Download	- 0.50 MiB/s (raw) / 0.53 MiB/s (decompressed)
[PROGRESS] INFO:  + Disk	- 0.00 MiB/s (write) / 0.00 MiB/s (read)
[PROGRESS] INFO: = Progress: 87.50 15577944985/17802455739, Running for: 00:28:41, ETA: 00:04:05
[PROGRESS] INFO: = Downloaded: 12801.66 MiB, Written: 14856.29 MiB
[PROGRESS] INFO:  + Download	- 7.89 MiB/s (raw) / 8.41 MiB/s (decompressed)
[PROGRESS] INFO:  + Disk	- 15.40 MiB/s (write) / 0.00 MiB/s (read)
[PROGRESS] INFO: = Progress: 87.50 15577944985/17802455739, Running for: 00:28:42, ETA: 00:04:05
[PROGRESS] INFO: = Downloaded: 12821.67 MiB, Written: 14856.29 MiB
[PROGRESS] INFO:  + Download	- 0.50 MiB/s (raw) / 0.55 MiB/s (decompressed)
[PROGRESS] INFO:  + Disk	- 0.00 MiB/s (write) / 0.00 MiB/s (read)
[PROGRESS] INFO: = Progress: 87.50 15577944985/17802455739, Running for: 00:28:43, ETA: 00:04:06
[PROGRESS] INFO: = Downloaded: 12831.48 MiB, Written: 14856.29 MiB
[PROGRESS] INFO:  + Download	- 0.50 MiB/s (raw) / 0.55 MiB/s (decompressed)
[PROGRESS] INFO:  + Disk	- 0.00 MiB/s (write) / 0.00 MiB/s (read)
[PROGRESS] INFO: = Progress: 87.50 15577944985/17802455739, Running for: 00:28:44, ETA: 00:04:06
[PROGRESS] INFO: = Downloaded: 12857.89 MiB, Written: 14856.29 MiB
[PROGRESS] INFO:  + Download	- 0.50 MiB/s (raw) / 0.52 MiB/s (decompressed)
[PROGRESS] INFO:  + Disk	- 0.00 MiB/s (write) / 0.00 MiB/s (read)
[PROGRESS] INFO: = Progress: 87.50 15577944985/17802455739, Running for: 00:28:45, ETA: 00:04:06
[PROGRESS] INFO: = Downloaded: 12881.72 MiB, Written: 14856.29 MiB
[PROGRESS] INFO:  + Download	- 0.50 MiB/s (raw) / 0.55 MiB/s (decompressed)
[PROGRESS] INFO:  + Disk	- 0.00 MiB/s (write) / 0.00 MiB/s (read)
[PROGRESS] INFO: = Progress: 87.50 15577944985/17802455739, Running for: 00:28:46, ETA: 00:04:06
[PROGRESS] INFO: = Downloaded: 12890.18 MiB, Written: 14856.29 MiB
[PROGRESS] INFO:  + Download	- 0.08 MiB/s (raw) / 0.09 MiB/s (decompressed)
[PROGRESS] INFO:  + Disk	- 0.00 MiB/s (write) / 0.00 MiB/s (read)
[PROGRESS] INFO: = Progress: 87.50 15577944985/17802455739, Running for: 00:28:47, ETA: 00:04:06
[PROGRESS] INFO: = Downloaded: 12898.60 MiB, Written: 14856.29 MiB
[PROGRESS] INFO:  + Download	- 0.50 MiB/s (raw) / 0.52 MiB/s (decompressed)
[PROGRESS] INFO:  + Disk	- 0.00 MiB/s (write) / 0.00 MiB/s (read)
[PROGRESS] INFO: = Progress: 87.50 15577944985/17802455739, Running for: 00:28:48, ETA: 00:04:06
[PROGRESS] INFO: = Downloaded: 12923.23 MiB, Written: 14856.29 MiB
[PROGRESS] INFO:  + Download	- 0.50 MiB/s (raw) / 0.52 MiB/s (decompressed)
[PROGRESS] INFO:  + Disk	- 0.00 MiB/s (write) / 0.00 MiB/s (read)
[PROGRESS] INFO: = Progress: 87.50 15577944985/17802455739, Running for: 00:28:49, ETA: 00:04:06
[PROGRESS] INFO: = Downloaded: 12941.67 MiB, Written: 14856.29 MiB
[PROGRESS] INFO:  + Download	- 0.50 MiB/s (raw) / 0.52 MiB/s (decompressed)
[PROGRESS] INFO:  + Disk	- 0.00 MiB/s (write) / 0.00 MiB/s (read)
[PROGRESS] INFO: = Progress: 87.50 15577944985/17802455739, Running for: 00:28:50, ETA: 00:04:07
[PROGRESS] INFO: = Downloaded: 12941.67 MiB, Written: 14856.29 MiB
[PROGRESS] INFO:  + Download	- 0.50 MiB/s (raw) / 0.51 MiB/s (decompressed)
[PROGRESS] INFO:  + Disk	- 0.00 MiB/s (write) / 0.00 MiB/s (read)
[PROGRESS] INFO: = Progress: 87.50 15577944985/17802455739, Running for: 00:28:51, ETA: 00:04:07
[PROGRESS] INFO: = Downloaded: 12979.35 MiB, Written: 14856.29 MiB
[PROGRESS] INFO:  + Download	- 0.50 MiB/s (raw) / 0.52 MiB/s (decompressed)
[PROGRESS] INFO:  + Disk	- 0.00 MiB/s (write) / 0.00 MiB/s (read)
[PROGRESS] INFO: = Progress: 87.50 15577944985/17802455739, Running for: 00:28:52, ETA: 00:04:07
[PROGRESS] INFO: = Downloaded: 12993.50 MiB, Written: 14856.29 MiB
[PROGRESS] INFO:  + Download	- 0.50 MiB/s (raw) / 0.56 MiB/s (decompressed)
[PROGRESS] INFO:  + Disk	- 0.00 MiB/s (write) / 0.00 MiB/s (read)
[PROGRESS] INFO: = Progress: 87.50 15577944985/17802455739, Running for: 00:28:53, ETA: 00:04:07
[PROGRESS] INFO: = Downloaded: 13021.54 MiB, Written: 14856.29 MiB
[PROGRESS] INFO:  + Download	- 0.50 MiB/s (raw) / 0.55 MiB/s (decompressed)
[PROGRESS] INFO:  + Disk	- 0.00 MiB/s (write) / 0.00 MiB/s (read)
[PROGRESS] INFO: = Progress: 87.50 15577944985/17802455739, Running for: 00:28:54, ETA: 00:04:07
[PROGRESS] INFO: = Downloaded: 13049.47 MiB, Written: 14856.29 MiB
[PROGRESS] INFO:  + Download	- 0.50 MiB/s (raw) / 0.54 MiB/s (decompressed)
[PROGRESS] INFO:  + Disk	- 0.00 MiB/s (write) / 0.00 MiB/s (read)
[PROGRESS] INFO: = Progress: 87.50 15577944985/17802455739, Running for: 00:28:55, ETA: 00:04:07
[PROGRESS] INFO: = Downloaded: 13066.02 MiB, Written: 14856.29 MiB
[PROGRESS] INFO:  + Download	- 0.50 MiB/s (raw) / 0.56 MiB/s (decompressed)
[PROGRESS] INFO:  + Disk	- 0.00 MiB/s (write) / 0.00 MiB/s (read)
[PROGRESS] INFO: = Progress: 87.50 15577944985/17802455739, Running for: 00:28:56, ETA: 00:04:07
[PROGRESS] INFO: = Downloaded: 13087.22 MiB, Written: 14856.29 MiB
[PROGRESS] INFO:  + Download	- 0.42 MiB/s (raw) / 0.47 MiB/s (decompressed)
[PROGRESS] INFO:  + Disk	- 0.00 MiB/s (write) / 0.00 MiB/s (read)
[PROGRESS] INFO: = Progress: 89.13 15866520135/17802455739, Running for: 00:28:58, ETA: 00:03:32
[PROGRESS] INFO: = Downloaded: 13117.07 MiB, Written: 15131.49 MiB
[PROGRESS] INFO:  + Download	- 70.05 MiB/s (raw) / 77.17 MiB/s (decompressed)
[PROGRESS] INFO:  + Disk	- 146.99 MiB/s (write) / 0.00 MiB/s (read)
[PROGRESS] INFO: = Progress: 89.13 15866520135/17802455739, Running for: 00:28:59, ETA: 00:03:32
[PROGRESS] INFO: = Downloaded: 13147.06 MiB, Written: 15131.49 MiB
[PROGRESS] INFO:  + Download	- 0.50 MiB/s (raw) / 0.53 MiB/s (decompressed)
[PROGRESS] INFO:  + Disk	- 0.00 MiB/s (write) / 0.00 MiB/s (read)
[PROGRESS] INFO: = Progress: 89.13 15866520135/17802455739, Running for: 00:29:00, ETA: 00:03:32
[PROGRESS] INFO: = Downloaded: 13174.36 MiB, Written: 15131.49 MiB
[PROGRESS] INFO:  + Download	- 0.50 MiB/s (raw) / 0.52 MiB/s (decompressed)
[PROGRESS] INFO:  + Disk	- 0.00 MiB/s (write) / 0.00 MiB/s (read)
[PROGRESS] INFO: = Progress: 89.13 15866520135/17802455739, Running for: 00:29:01, ETA: 00:03:32
[PROGRESS] INFO: = Downloaded: 13204.36 MiB, Written: 15131.49 MiB
[PROGRESS] INFO:  + Download	- 0.50 MiB/s (raw) / 0.56 MiB/s (decompressed)
[PROGRESS] INFO:  + Disk	- 0.00 MiB/s (write) / 0.00 MiB/s (read)
[PROGRESS] INFO: = Progress: 89.13 15866520135/17802455739, Running for: 00:29:02, ETA: 00:03:32
[PROGRESS] INFO: = Downloaded: 13214.35 MiB, Written: 15131.49 MiB
[PROGRESS] INFO:  + Download	- 0.50 MiB/s (raw) / 0.53 MiB/s (decompressed)
[PROGRESS] INFO:  + Disk	- 0.00 MiB/s (write) / 0.00 MiB/s (read)
[PROGRESS] INFO: = Progress: 89.13 15866520135/17802455739, Running for: 00:29:03, ETA: 00:03:32
[PROGRESS] INFO: = Downloaded: 13246.63 MiB, Written: 15131.49 MiB
[PROGRESS] INFO:  + Download	- 0.50 MiB/s (raw) / 0.53 MiB/s (decompressed)
[PROGRESS] INFO:  + Disk	- 0.00 MiB/s (write) / 0.00 MiB/s (read)
[PROGRESS] INFO: = Progress: 89.13 15866520135/17802455739, Running for: 00:29:04, ETA: 00:03:32
[PROGRESS] INFO: = Downloaded: 13266.57 MiB, Written: 15131.49 MiB
[PROGRESS] INFO:  + Download	- 0.45 MiB/s (raw) / 0.49 MiB/s (decompressed)
[PROGRESS] INFO:  + Disk	- 0.00 MiB/s (write) / 0.00 MiB/s (read)
[PROGRESS] INFO: = Progress: 89.13 15866520135/17802455739, Running for: 00:29:05, ETA: 00:03:32
[PROGRESS] INFO: = Downloaded: 13276.50 MiB, Written: 15131.49 MiB
[PROGRESS] INFO:  + Download	- 0.50 MiB/s (raw) / 0.52 MiB/s (decompressed)
[PROGRESS] INFO:  + Disk	- 0.00 MiB/s (write) / 0.00 MiB/s (read)
[PROGRESS] INFO: = Progress: 89.13 15866520135/17802455739, Running for: 00:29:06, ETA: 00:03:33
[PROGRESS] INFO: = Downloaded: 13300.49 MiB, Written: 15131.49 MiB
[PROGRESS] INFO:  + Download	- 0.01 MiB/s (raw) / 0.01 MiB/s (decompressed)
[PROGRESS] INFO:  + Disk	- 0.00 MiB/s (write) / 0.00 MiB/s (read)
[PROGRESS] INFO: = Progress: 89.13 15866520135/17802455739, Running for: 00:29:07, ETA: 00:03:33
[PROGRESS] INFO: = Downloaded: 13336.10 MiB, Written: 15131.49 MiB
[PROGRESS] INFO:  + Download	- 0.50 MiB/s (raw) / 0.52 MiB/s (decompressed)
[PROGRESS] INFO:  + Disk	- 0.00 MiB/s (write) / 0.00 MiB/s (read)
[PROGRESS] INFO: = Progress: 89.70 15969413879/17802455739, Running for: 00:29:08, ETA: 00:03:20
[PROGRESS] INFO: = Downloaded: 13394.41 MiB, Written: 15229.62 MiB
[PROGRESS] INFO:  + Download	- 42.87 MiB/s (raw) / 47.02 MiB/s (decompressed)
[PROGRESS] INFO:  + Disk	- 86.76 MiB/s (write) / 0.00 MiB/s (read)
[PROGRESS] INFO: = Progress: 91.38 16268676809/17802455739, Running for: 00:29:09, ETA: 00:02:44
[PROGRESS] INFO: = Downloaded: 13414.27 MiB, Written: 15515.02 MiB
[PROGRESS] INFO:  + Download	- 114.02 MiB/s (raw) / 123.74 MiB/s (decompressed)
[PROGRESS] INFO:  + Disk	- 243.66 MiB/s (write) / 0.00 MiB/s (read)
[PROGRESS] INFO: = Progress: 91.38 16268676809/17802455739, Running for: 00:29:10, ETA: 00:02:45
[PROGRESS] INFO: = Downloaded: 13424.22 MiB, Written: 15515.02 MiB
[PROGRESS] INFO:  + Download	- 0.50 MiB/s (raw) / 0.55 MiB/s (decompressed)
[PROGRESS] INFO:  + Disk	- 0.00 MiB/s (write) / 0.00 MiB/s (read)
[PROGRESS] INFO: = Progress: 91.38 16268676809/17802455739, Running for: 00:29:11, ETA: 00:02:45
[PROGRESS] INFO: = Downloaded: 13445.62 MiB, Written: 15515.02 MiB
[PROGRESS] INFO:  + Download	- 0.50 MiB/s (raw) / 0.52 MiB/s (decompressed)
[PROGRESS] INFO:  + Disk	- 0.00 MiB/s (write) / 0.00 MiB/s (read)
[PROGRESS] INFO: = Progress: 91.44 16279162569/17802455739, Running for: 00:29:13, ETA: 00:02:44
[PROGRESS] INFO: = Downloaded: 13503.93 MiB, Written: 15525.02 MiB
[PROGRESS] INFO:  + Download	- 3.27 MiB/s (raw) / 3.60 MiB/s (decompressed)
[PROGRESS] INFO:  + Disk	- 5.94 MiB/s (write) / 0.00 MiB/s (read)
[PROGRESS] INFO: = Progress: 91.44 16279162569/17802455739, Running for: 00:29:14, ETA: 00:02:44
[PROGRESS] INFO: = Downloaded: 13517.63 MiB, Written: 15525.02 MiB
[PROGRESS] INFO:  + Download	- 0.50 MiB/s (raw) / 0.53 MiB/s (decompressed)
[PROGRESS] INFO:  + Disk	- 0.00 MiB/s (write) / 0.00 MiB/s (read)
[PROGRESS] INFO: = Progress: 91.44 16279162569/17802455739, Running for: 00:29:15, ETA: 00:02:44
[PROGRESS] INFO: = Downloaded: 13527.60 MiB, Written: 15525.02 MiB
[PROGRESS] INFO:  + Download	- 0.50 MiB/s (raw) / 0.54 MiB/s (decompressed)
[PROGRESS] INFO:  + Disk	- 0.00 MiB/s (write) / 0.00 MiB/s (read)
[PROGRESS] INFO: = Progress: 91.44 16279162569/17802455739, Running for: 00:29:16, ETA: 00:02:44
[PROGRESS] INFO: = Downloaded: 13537.54 MiB, Written: 15525.02 MiB
[PROGRESS] INFO:  + Download	- 0.50 MiB/s (raw) / 0.52 MiB/s (decompressed)
[PROGRESS] INFO:  + Disk	- 0.00 MiB/s (write) / 0.00 MiB/s (read)
[PROGRESS] INFO: = Progress: 91.64 16314296956/17802455739, Running for: 00:29:17, ETA: 00:02:40
[PROGRESS] INFO: = Downloaded: 13594.60 MiB, Written: 15558.53 MiB
[PROGRESS] INFO:  + Download	- 13.93 MiB/s (raw) / 15.13 MiB/s (decompressed)
[PROGRESS] INFO:  + Disk	- 27.72 MiB/s (write) / 0.00 MiB/s (read)
[PROGRESS] INFO: = Progress: 91.64 16314296956/17802455739, Running for: 00:29:18, ETA: 00:02:40
[PROGRESS] INFO: = Downloaded: 13594.60 MiB, Written: 15558.53 MiB
[PROGRESS] INFO:  + Download	- 0.28 MiB/s (raw) / 0.31 MiB/s (decompressed)
[PROGRESS] INFO:  + Disk	- 0.00 MiB/s (write) / 0.00 MiB/s (read)
[PROGRESS] INFO: = Progress: 91.64 16314296956/17802455739, Running for: 00:29:19, ETA: 00:02:40
[PROGRESS] INFO: = Downloaded: 13623.34 MiB, Written: 15558.53 MiB
[PROGRESS] INFO:  + Download	- 0.50 MiB/s (raw) / 0.55 MiB/s (decompressed)
[PROGRESS] INFO:  + Disk	- 0.00 MiB/s (write) / 0.00 MiB/s (read)
[PROGRESS] INFO: = Progress: 91.64 16314296956/17802455739, Running for: 00:29:20, ETA: 00:02:40
[PROGRESS] INFO: = Downloaded: 13664.07 MiB, Written: 15558.53 MiB
[PROGRESS] INFO:  + Download	- 0.20 MiB/s (raw) / 0.22 MiB/s (decompressed)
[PROGRESS] INFO:  + Disk	- 0.00 MiB/s (write) / 0.00 MiB/s (read)
[PROGRESS] INFO: = Progress: 91.64 16314296956/17802455739, Running for: 00:29:21, ETA: 00:02:40
[PROGRESS] INFO: = Downloaded: 13673.80 MiB, Written: 15558.53 MiB
[PROGRESS] INFO:  + Download	- 0.50 MiB/s (raw) / 0.52 MiB/s (decompressed)
[PROGRESS] INFO:  + Disk	- 0.00 MiB/s (write) / 0.00 MiB/s (read)
[PROGRESS] INFO: = Progress: 91.64 16314296956/17802455739, Running for: 00:29:22, ETA: 00:02:40
[PROGRESS] INFO: = Downloaded: 13714.12 MiB, Written: 15558.53 MiB
[PROGRESS] INFO:  + Download	- 0.11 MiB/s (raw) / 0.12 MiB/s (decompressed)
[PROGRESS] INFO:  + Disk	- 0.00 MiB/s (write) / 0.00 MiB/s (read)
[PROGRESS] INFO: = Progress: 91.64 16314296956/17802455739, Running for: 00:29:23, ETA: 00:02:40
[PROGRESS] INFO: = Downloaded: 13734.12 MiB, Written: 15558.53 MiB
[PROGRESS] INFO:  + Download	- 0.50 MiB/s (raw) / 0.63 MiB/s (decompressed)
[PROGRESS] INFO:  + Disk	- 0.00 MiB/s (write) / 0.00 MiB/s (read)
[PROGRESS] INFO: = Progress: 91.64 16314296956/17802455739, Running for: 00:29:24, ETA: 00:02:40
[PROGRESS] INFO: = Downloaded: 13765.05 MiB, Written: 15558.53 MiB
[PROGRESS] INFO:  + Download	- 0.50 MiB/s (raw) / 0.67 MiB/s (decompressed)
[PROGRESS] INFO:  + Disk	- 0.00 MiB/s (write) / 0.00 MiB/s (read)
[PROGRESS] INFO: = Progress: 91.64 16314296956/17802455739, Running for: 00:29:25, ETA: 00:02:41
[PROGRESS] INFO: = Downloaded: 13795.02 MiB, Written: 15558.53 MiB
[PROGRESS] INFO:  + Download	- 0.50 MiB/s (raw) / 0.65 MiB/s (decompressed)
[PROGRESS] INFO:  + Disk	- 0.00 MiB/s (write) / 0.00 MiB/s (read)
[PROGRESS] INFO: = Progress: 91.64 16314296956/17802455739, Running for: 00:29:26, ETA: 00:02:41
[PROGRESS] INFO: = Downloaded: 13814.78 MiB, Written: 15558.53 MiB
[PROGRESS] INFO:  + Download	- 0.50 MiB/s (raw) / 0.55 MiB/s (decompressed)
[PROGRESS] INFO:  + Disk	- 0.00 MiB/s (write) / 0.00 MiB/s (read)
[PROGRESS] INFO: = Progress: 91.64 16314296956/17802455739, Running for: 00:29:27, ETA: 00:02:41
[PROGRESS] INFO: = Downloaded: 13844.35 MiB, Written: 15558.53 MiB
[PROGRESS] INFO:  + Download	- 0.50 MiB/s (raw) / 0.54 MiB/s (decompressed)
[PROGRESS] INFO:  + Disk	- 0.00 MiB/s (write) / 0.00 MiB/s (read)
[PROGRESS] INFO: = Progress: 91.64 16314296956/17802455739, Running for: 00:29:28, ETA: 00:02:41
[PROGRESS] INFO: = Downloaded: 13864.07 MiB, Written: 15558.53 MiB
[PROGRESS] INFO:  + Download	- 0.50 MiB/s (raw) / 0.55 MiB/s (decompressed)
[PROGRESS] INFO:  + Disk	- 0.00 MiB/s (write) / 0.00 MiB/s (read)
[PROGRESS] INFO: = Progress: 93.44 16634006022/17802455739, Running for: 00:29:29, ETA: 00:02:04
[PROGRESS] INFO: = Downloaded: 13917.01 MiB, Written: 15863.42 MiB
[PROGRESS] INFO:  + Download	- 96.92 MiB/s (raw) / 105.95 MiB/s (decompressed)
[PROGRESS] INFO:  + Disk	- 204.54 MiB/s (write) / 0.00 MiB/s (read)
[PROGRESS] INFO: = Progress: 93.44 16634006022/17802455739, Running for: 00:29:30, ETA: 00:02:04
[PROGRESS] INFO: = Downloaded: 13926.96 MiB, Written: 15863.42 MiB
[PROGRESS] INFO:  + Download	- 0.50 MiB/s (raw) / 0.55 MiB/s (decompressed)
[PROGRESS] INFO:  + Disk	- 0.00 MiB/s (write) / 0.00 MiB/s (read)
[PROGRESS] INFO: = Progress: 93.44 16634006022/17802455739, Running for: 00:29:31, ETA: 00:02:04
[PROGRESS] INFO: = Downloaded: 13957.80 MiB, Written: 15863.42 MiB
[PROGRESS] INFO:  + Download	- 0.50 MiB/s (raw) / 0.59 MiB/s (decompressed)
[PROGRESS] INFO:  + Disk	- 0.00 MiB/s (write) / 0.00 MiB/s (read)
[PROGRESS] INFO: = Progress: 93.44 16634006022/17802455739, Running for: 00:29:32, ETA: 00:02:04
[PROGRESS] INFO: = Downloaded: 13967.77 MiB, Written: 15863.42 MiB
[PROGRESS] INFO:  + Download	- 0.50 MiB/s (raw) / 0.56 MiB/s (decompressed)
[PROGRESS] INFO:  + Disk	- 0.00 MiB/s (write) / 0.00 MiB/s (read)
[PROGRESS] INFO: = Progress: 93.44 16634006022/17802455739, Running for: 00:29:33, ETA: 00:02:04
[PROGRESS] INFO: = Downloaded: 13997.56 MiB, Written: 15863.42 MiB
[PROGRESS] INFO:  + Download	- 0.50 MiB/s (raw) / 0.65 MiB/s (decompressed)
[PROGRESS] INFO:  + Disk	- 0.00 MiB/s (write) / 0.00 MiB/s (read)
[PROGRESS] INFO: = Progress: 93.44 16634006022/17802455739, Running for: 00:29:34, ETA: 00:02:04
[PROGRESS] INFO: = Downloaded: 14017.54 MiB, Written: 15863.42 MiB
[PROGRESS] INFO:  + Download	- 0.50 MiB/s (raw) / 0.55 MiB/s (decompressed)
[PROGRESS] INFO:  + Disk	- 0.00 MiB/s (write) / 0.00 MiB/s (read)
[PROGRESS] INFO: = Progress: 93.44 16634006022/17802455739, Running for: 00:29:35, ETA: 00:02:04
[PROGRESS] INFO: = Downloaded: 14047.35 MiB, Written: 15863.42 MiB
[PROGRESS] INFO:  + Download	- 0.50 MiB/s (raw) / 0.64 MiB/s (decompressed)
[PROGRESS] INFO:  + Disk	- 0.00 MiB/s (write) / 0.00 MiB/s (read)
[PROGRESS] INFO: = Progress: 93.44 16634006022/17802455739, Running for: 00:29:36, ETA: 00:02:04
[PROGRESS] INFO: = Downloaded: 14067.25 MiB, Written: 15863.42 MiB
[PROGRESS] INFO:  + Download	- 0.50 MiB/s (raw) / 0.56 MiB/s (decompressed)
[PROGRESS] INFO:  + Disk	- 0.00 MiB/s (write) / 0.00 MiB/s (read)
[PROGRESS] INFO: = Progress: 93.44 16634006022/17802455739, Running for: 00:29:37, ETA: 00:02:04
[PROGRESS] INFO: = Downloaded: 14096.77 MiB, Written: 15863.42 MiB
[PROGRESS] INFO:  + Download	- 0.50 MiB/s (raw) / 0.54 MiB/s (decompressed)
[PROGRESS] INFO:  + Disk	- 0.00 MiB/s (write) / 0.00 MiB/s (read)
[PROGRESS] INFO: = Progress: 93.44 16634006022/17802455739, Running for: 00:29:38, ETA: 00:02:04
[PROGRESS] INFO: = Downloaded: 14096.77 MiB, Written: 15863.42 MiB
[PROGRESS] INFO:  + Download	- 0.50 MiB/s (raw) / 0.55 MiB/s (decompressed)
[PROGRESS] INFO:  + Disk	- 0.00 MiB/s (write) / 0.00 MiB/s (read)
[PROGRESS] INFO: = Progress: 93.44 16634006022/17802455739, Running for: 00:29:39, ETA: 00:02:05
[PROGRESS] INFO: = Downloaded: 14159.59 MiB, Written: 15863.42 MiB
[PROGRESS] INFO:  + Download	- 0.50 MiB/s (raw) / 0.55 MiB/s (decompressed)
[PROGRESS] INFO:  + Disk	- 0.00 MiB/s (write) / 0.00 MiB/s (read)
[PROGRESS] INFO: = Progress: 93.44 16634006022/17802455739, Running for: 00:29:40, ETA: 00:02:05
[PROGRESS] INFO: = Downloaded: 14189.32 MiB, Written: 15863.42 MiB
[PROGRESS] INFO:  + Download	- 0.08 MiB/s (raw) / 0.09 MiB/s (decompressed)
[PROGRESS] INFO:  + Disk	- 0.00 MiB/s (write) / 0.00 MiB/s (read)
[PROGRESS] INFO: = Progress: 93.44 16634006022/17802455739, Running for: 00:29:41, ETA: 00:02:05
[PROGRESS] INFO: = Downloaded: 14189.32 MiB, Written: 15863.42 MiB
[PROGRESS] INFO:  + Download	- 0.50 MiB/s (raw) / 0.52 MiB/s (decompressed)
[PROGRESS] INFO:  + Disk	- 0.00 MiB/s (write) / 0.00 MiB/s (read)
[PROGRESS] INFO: = Progress: 94.26 16779833691/17802455739, Running for: 00:29:43, ETA: 00:01:48
[PROGRESS] INFO: = Downloaded: 14228.92 MiB, Written: 16002.50 MiB
[PROGRESS] INFO:  + Download	- 33.64 MiB/s (raw) / 36.20 MiB/s (decompressed)
[PROGRESS] INFO:  + Disk	- 70.17 MiB/s (write) / 0.00 MiB/s (read)
[PROGRESS] INFO: = Progress: 94.33 16793028067/17802455739, Running for: 00:29:44, ETA: 00:01:47
[PROGRESS] INFO: = Downloaded: 14284.50 MiB, Written: 16015.08 MiB
[PROGRESS] INFO:  + Download	- 6.99 MiB/s (raw) / 7.49 MiB/s (decompressed)
[PROGRESS] INFO:  + Disk	- 13.57 MiB/s (write) / 0.00 MiB/s (read)
[PROGRESS] INFO: = Progress: 96.25 17135488629/17802455739, Running for: 00:29:46, ETA: 00:01:09
[PROGRESS] INFO: = Downloaded: 14306.06 MiB, Written: 16341.68 MiB
[PROGRESS] INFO:  + Download	- 114.65 MiB/s (raw) / 125.23 MiB/s (decompressed)
[PROGRESS] INFO:  + Disk	- 249.50 MiB/s (write) / 0.00 MiB/s (read)
[PROGRESS] INFO: = Progress: 96.25 17135488629/17802455739, Running for: 00:29:47, ETA: 00:01:09
[PROGRESS] INFO: = Downloaded: 14315.82 MiB, Written: 16341.68 MiB
[PROGRESS] INFO:  + Download	- 0.08 MiB/s (raw) / 0.08 MiB/s (decompressed)
[PROGRESS] INFO:  + Disk	- 0.00 MiB/s (write) / 0.00 MiB/s (read)
[PROGRESS] INFO: = Progress: 96.57 17192055412/17802455739, Running for: 00:29:48, ETA: 00:01:03
[PROGRESS] INFO: = Downloaded: 14345.58 MiB, Written: 16395.62 MiB
[PROGRESS] INFO:  + Download	- 25.40 MiB/s (raw) / 27.89 MiB/s (decompressed)
[PROGRESS] INFO:  + Disk	- 54.93 MiB/s (write) / 0.00 MiB/s (read)
[PROGRESS] INFO: = Progress: 96.69 17213026932/17802455739, Running for: 00:29:49, ETA: 00:01:01
[PROGRESS] INFO: = Downloaded: 14365.37 MiB, Written: 16415.62 MiB
[PROGRESS] INFO:  + Download	- 8.23 MiB/s (raw) / 9.02 MiB/s (decompressed)
[PROGRESS] INFO:  + Disk	- 18.43 MiB/s (write) / 0.00 MiB/s (read)
[PROGRESS] INFO: = Progress: 96.69 17213026932/17802455739, Running for: 00:29:50, ETA: 00:01:01
[PROGRESS] INFO: = Downloaded: 14406.36 MiB, Written: 16415.62 MiB
[PROGRESS] INFO:  + Download	- 0.40 MiB/s (raw) / 0.44 MiB/s (decompressed)
[PROGRESS] INFO:  + Disk	- 0.00 MiB/s (write) / 0.00 MiB/s (read)
[PROGRESS] INFO: = Progress: 96.69 17213026932/17802455739, Running for: 00:29:51, ETA: 00:01:01
[PROGRESS] INFO: = Downloaded: 14406.36 MiB, Written: 16415.62 MiB
[PROGRESS] INFO:  + Download	- 0.50 MiB/s (raw) / 0.54 MiB/s (decompressed)
[PROGRESS] INFO:  + Disk	- 0.00 MiB/s (write) / 0.00 MiB/s (read)
[PROGRESS] INFO: = Progress: 96.69 17213026932/17802455739, Running for: 00:29:52, ETA: 00:01:01
[PROGRESS] INFO: = Downloaded: 14426.05 MiB, Written: 16415.62 MiB
[PROGRESS] INFO:  + Download	- 0.33 MiB/s (raw) / 0.34 MiB/s (decompressed)
[PROGRESS] INFO:  + Disk	- 0.00 MiB/s (write) / 0.00 MiB/s (read)
[PROGRESS] INFO: = Progress: 96.69 17213026932/17802455739, Running for: 00:29:53, ETA: 00:01:01
[PROGRESS] INFO: = Downloaded: 14435.99 MiB, Written: 16415.62 MiB
[PROGRESS] INFO:  + Download	- 0.50 MiB/s (raw) / 0.53 MiB/s (decompressed)
[PROGRESS] INFO:  + Disk	- 0.00 MiB/s (write) / 0.00 MiB/s (read)
[PROGRESS] INFO: = Progress: 96.69 17213026932/17802455739, Running for: 00:29:54, ETA: 00:01:01
[PROGRESS] INFO: = Downloaded: 14475.45 MiB, Written: 16415.62 MiB
[PROGRESS] INFO:  + Download	- 0.50 MiB/s (raw) / 0.67 MiB/s (decompressed)
[PROGRESS] INFO:  + Disk	- 0.00 MiB/s (write) / 0.00 MiB/s (read)
[PROGRESS] INFO: = Progress: 96.69 17213026932/17802455739, Running for: 00:29:55, ETA: 00:01:01
[PROGRESS] INFO: = Downloaded: 14495.19 MiB, Written: 16415.62 MiB
[PROGRESS] INFO:  + Download	- 0.50 MiB/s (raw) / 0.53 MiB/s (decompressed)
[PROGRESS] INFO:  + Disk	- 0.00 MiB/s (write) / 0.00 MiB/s (read)
[PROGRESS] INFO: = Progress: 96.69 17213026932/17802455739, Running for: 00:29:56, ETA: 00:01:01
[PROGRESS] INFO: = Downloaded: 14505.13 MiB, Written: 16415.62 MiB
[PROGRESS] INFO:  + Download	- 0.50 MiB/s (raw) / 0.53 MiB/s (decompressed)
[PROGRESS] INFO:  + Disk	- 0.00 MiB/s (write) / 0.00 MiB/s (read)
[PROGRESS] INFO: = Progress: 96.69 17213026932/17802455739, Running for: 00:29:57, ETA: 00:01:01
[PROGRESS] INFO: = Downloaded: 14525.23 MiB, Written: 16415.62 MiB
[PROGRESS] INFO:  + Download	- 0.50 MiB/s (raw) / 0.53 MiB/s (decompressed)
[PROGRESS] INFO:  + Disk	- 0.00 MiB/s (write) / 0.00 MiB/s (read)
[PROGRESS] INFO: = Progress: 96.69 17213026932/17802455739, Running for: 00:29:58, ETA: 00:01:01
[PROGRESS] INFO: = Downloaded: 14535.17 MiB, Written: 16415.62 MiB
[PROGRESS] INFO:  + Download	- 0.50 MiB/s (raw) / 0.55 MiB/s (decompressed)
[PROGRESS] INFO:  + Disk	- 0.00 MiB/s (write) / 0.00 MiB/s (read)
[PROGRESS] INFO: = Progress: 96.69 17213026932/17802455739, Running for: 00:29:59, ETA: 00:01:01
[PROGRESS] INFO: = Downloaded: 14564.84 MiB, Written: 16415.62 MiB
[PROGRESS] INFO:  + Download	- 0.50 MiB/s (raw) / 0.52 MiB/s (decompressed)
[PROGRESS] INFO:  + Disk	- 0.00 MiB/s (write) / 0.00 MiB/s (read)
[PROGRESS] INFO: = Progress: 96.69 17213026932/17802455739, Running for: 00:30:00, ETA: 00:01:01
[PROGRESS] INFO: = Downloaded: 14609.79 MiB, Written: 16415.62 MiB
[PROGRESS] INFO:  + Download	- 0.50 MiB/s (raw) / 0.67 MiB/s (decompressed)
[PROGRESS] INFO:  + Disk	- 0.00 MiB/s (write) / 0.00 MiB/s (read)
[PROGRESS] INFO: = Progress: 96.69 17213026932/17802455739, Running for: 00:30:01, ETA: 00:01:01
[PROGRESS] INFO: = Downloaded: 14609.79 MiB, Written: 16415.62 MiB
[PROGRESS] INFO:  + Download	- 0.50 MiB/s (raw) / 0.52 MiB/s (decompressed)
[PROGRESS] INFO:  + Disk	- 0.00 MiB/s (write) / 0.00 MiB/s (read)
[PROGRESS] INFO: = Progress: 96.69 17213026932/17802455739, Running for: 00:30:02, ETA: 00:01:01
[PROGRESS] INFO: = Downloaded: 14639.85 MiB, Written: 16415.62 MiB
[PROGRESS] INFO:  + Download	- 0.50 MiB/s (raw) / 0.63 MiB/s (decompressed)
[PROGRESS] INFO:  + Disk	- 0.00 MiB/s (write) / 0.00 MiB/s (read)
[PROGRESS] INFO: = Progress: 96.69 17213026932/17802455739, Running for: 00:30:03, ETA: 00:01:01
[PROGRESS] INFO: = Downloaded: 14659.56 MiB, Written: 16415.62 MiB
[PROGRESS] INFO:  + Download	- 0.50 MiB/s (raw) / 0.53 MiB/s (decompressed)
[PROGRESS] INFO:  + Disk	- 0.00 MiB/s (write) / 0.00 MiB/s (read)
[PROGRESS] INFO: = Progress: 96.69 17213026932/17802455739, Running for: 00:30:04, ETA: 00:01:01
[PROGRESS] INFO: = Downloaded: 14669.38 MiB, Written: 16415.62 MiB
[PROGRESS] INFO:  + Download	- 0.50 MiB/s (raw) / 0.53 MiB/s (decompressed)
[PROGRESS] INFO:  + Disk	- 0.00 MiB/s (write) / 0.00 MiB/s (read)
[PROGRESS] INFO: = Progress: 96.69 17213026932/17802455739, Running for: 00:30:05, ETA: 00:01:01
[PROGRESS] INFO: = Downloaded: 14689.48 MiB, Written: 16415.62 MiB
[PROGRESS] INFO:  + Download	- 0.00 MiB/s (raw) / 0.00 MiB/s (decompressed)
[PROGRESS] INFO:  + Disk	- 0.00 MiB/s (write) / 0.00 MiB/s (read)
[PROGRESS] INFO: = Progress: 96.69 17213026932/17802455739, Running for: 00:30:06, ETA: 00:01:01
[PROGRESS] INFO: = Downloaded: 14689.48 MiB, Written: 16415.62 MiB
[PROGRESS] INFO:  + Download	- 0.50 MiB/s (raw) / 0.54 MiB/s (decompressed)
[PROGRESS] INFO:  + Disk	- 0.00 MiB/s (write) / 0.00 MiB/s (read)
[PROGRESS] INFO: = Progress: 96.69 17213026932/17802455739, Running for: 00:30:07, ETA: 00:01:01
[PROGRESS] INFO: = Downloaded: 14718.92 MiB, Written: 16415.62 MiB
[PROGRESS] INFO:  + Download	- 0.50 MiB/s (raw) / 0.54 MiB/s (decompressed)
[PROGRESS] INFO:  + Disk	- 0.00 MiB/s (write) / 0.00 MiB/s (read)
[PROGRESS] INFO: = Progress: 96.69 17213026932/17802455739, Running for: 00:30:08, ETA: 00:01:01
[PROGRESS] INFO: = Downloaded: 14738.62 MiB, Written: 16415.62 MiB
[PROGRESS] INFO:  + Download	- 0.50 MiB/s (raw) / 0.55 MiB/s (decompressed)
[PROGRESS] INFO:  + Disk	- 0.00 MiB/s (write) / 0.00 MiB/s (read)
[PROGRESS] INFO: = Progress: 96.69 17213026932/17802455739, Running for: 00:30:09, ETA: 00:01:01
[PROGRESS] INFO: = Downloaded: 14748.44 MiB, Written: 16415.62 MiB
[PROGRESS] INFO:  + Download	- 0.50 MiB/s (raw) / 0.56 MiB/s (decompressed)
[PROGRESS] INFO:  + Disk	- 0.00 MiB/s (write) / 0.00 MiB/s (read)
[PROGRESS] INFO: = Progress: 98.75 17580266635/17802455739, Running for: 00:30:10, ETA: 00:00:22
[PROGRESS] INFO: = Downloaded: 14768.33 MiB, Written: 16765.85 MiB
[PROGRESS] INFO:  + Download	- 123.46 MiB/s (raw) / 134.17 MiB/s (decompressed)
[PROGRESS] INFO:  + Disk	- 274.85 MiB/s (write) / 0.00 MiB/s (read)
[PROGRESS] INFO: = Progress: 99.17 17654419852/17802455739, Running for: 00:30:11, ETA: 00:00:15
[PROGRESS] INFO: = Downloaded: 14793.22 MiB, Written: 16836.57 MiB
[PROGRESS] INFO:  + Download	- 20.64 MiB/s (raw) / 22.98 MiB/s (decompressed)
[PROGRESS] INFO:  + Disk	- 48.39 MiB/s (write) / 0.00 MiB/s (read)
[PROGRESS] INFO: = Progress: 99.17 17654419852/17802455739, Running for: 00:30:12, ETA: 00:00:15
[PROGRESS] INFO: = Downloaded: 14793.23 MiB, Written: 16836.57 MiB
[PROGRESS] INFO:  + Download	- 0.50 MiB/s (raw) / 0.54 MiB/s (decompressed)
[PROGRESS] INFO:  + Disk	- 0.00 MiB/s (write) / 0.00 MiB/s (read)
[PROGRESS] INFO: = Progress: 99.17 17654419852/17802455739, Running for: 00:30:13, ETA: 00:00:15
[PROGRESS] INFO: = Downloaded: 14803.15 MiB, Written: 16836.57 MiB
[PROGRESS] INFO:  + Download	- 0.50 MiB/s (raw) / 0.52 MiB/s (decompressed)
[PROGRESS] INFO:  + Disk	- 0.00 MiB/s (write) / 0.00 MiB/s (read)
[PROGRESS] INFO: = Progress: 99.17 17654419852/17802455739, Running for: 00:30:14, ETA: 00:00:15
[PROGRESS] INFO: = Downloaded: 14803.15 MiB, Written: 16836.57 MiB
[PROGRESS] INFO:  + Download	- 0.50 MiB/s (raw) / 0.52 MiB/s (decompressed)
[PROGRESS] INFO:  + Disk	- 0.00 MiB/s (write) / 0.00 MiB/s (read)
[PROGRESS] INFO: = Progress: 99.17 17654419852/17802455739, Running for: 00:30:15, ETA: 00:00:15
[PROGRESS] INFO: = Downloaded: 14803.15 MiB, Written: 16836.57 MiB
[PROGRESS] INFO:  + Download	- 0.43 MiB/s (raw) / 0.56 MiB/s (decompressed)
[PROGRESS] INFO:  + Disk	- 0.00 MiB/s (write) / 0.00 MiB/s (read)
[PROGRESS] INFO: = Progress: 99.17 17654419852/17802455739, Running for: 00:30:16, ETA: 00:00:15
[PROGRESS] INFO: = Downloaded: 14803.15 MiB, Written: 16836.57 MiB
[PROGRESS] INFO:  + Download	- 0.50 MiB/s (raw) / 0.54 MiB/s (decompressed)
[PROGRESS] INFO:  + Disk	- 0.00 MiB/s (write) / 0.00 MiB/s (read)
[PROGRESS] INFO: = Progress: 99.17 17654419852/17802455739, Running for: 00:30:17, ETA: 00:00:15
[PROGRESS] INFO: = Downloaded: 14803.15 MiB, Written: 16836.57 MiB
[PROGRESS] INFO:  + Download	- 0.50 MiB/s (raw) / 0.51 MiB/s (decompressed)
[PROGRESS] INFO:  + Disk	- 0.00 MiB/s (write) / 0.00 MiB/s (read)
[PROGRESS] INFO: = Progress: 99.85 17776218875/17802455739, Running for: 00:30:18, ETA: 00:00:02
[PROGRESS] INFO: = Downloaded: 14822.98 MiB, Written: 16952.72 MiB
[PROGRESS] INFO:  + Download	- 71.46 MiB/s (raw) / 77.90 MiB/s (decompressed)
[PROGRESS] INFO:  + Disk	- 115.69 MiB/s (write) / 0.00 MiB/s (read)
[PROGRESS] INFO: = Progress: 99.85 17776471335/17802455739, Running for: 00:30:19, ETA: 00:00:02
[PROGRESS] INFO: = Downloaded: 14823.01 MiB, Written: 16952.96 MiB
[PROGRESS] INFO:  + Download	- 14.91 MiB/s (raw) / 16.30 MiB/s (decompressed)
[PROGRESS] INFO:  + Disk	- 0.24 MiB/s (write) / 0.00 MiB/s (read)
[PROGRESS] INFO: = Progress: 99.86 17776655891/17802455739, Running for: 00:30:20, ETA: 00:00:02
[PROGRESS] INFO: = Downloaded: 14823.04 MiB, Written: 16953.14 MiB
[PROGRESS] INFO:  + Download	- 15.04 MiB/s (raw) / 16.38 MiB/s (decompressed)
[PROGRESS] INFO:  + Disk	- 0.18 MiB/s (write) / 0.00 MiB/s (read)
[PROGRESS] INFO: = Progress: 99.86 17776895622/17802455739, Running for: 00:30:21, ETA: 00:00:02
[PROGRESS] INFO: = Downloaded: 14823.07 MiB, Written: 16953.37 MiB
[PROGRESS] INFO:  + Download	- 14.17 MiB/s (raw) / 16.11 MiB/s (decompressed)
[PROGRESS] INFO:  + Disk	- 0.23 MiB/s (write) / 0.00 MiB/s (read)
[PROGRESS] INFO: = Progress: 99.86 17777133666/17802455739, Running for: 00:30:22, ETA: 00:00:02
[PROGRESS] INFO: = Downloaded: 14823.11 MiB, Written: 16953.60 MiB
[PROGRESS] INFO:  + Download	- 15.08 MiB/s (raw) / 16.77 MiB/s (decompressed)
[PROGRESS] INFO:  + Disk	- 0.23 MiB/s (write) / 0.00 MiB/s (read)
[PROGRESS] INFO: = Progress: 99.86 17777316199/17802455739, Running for: 00:30:23, ETA: 00:00:02
[PROGRESS] INFO: = Downloaded: 14823.14 MiB, Written: 16953.77 MiB
[PROGRESS] INFO:  + Download	- 15.32 MiB/s (raw) / 17.15 MiB/s (decompressed)
[PROGRESS] INFO:  + Disk	- 0.18 MiB/s (write) / 0.00 MiB/s (read)
[PROGRESS] INFO: = Progress: 99.86 17777455098/17802455739, Running for: 00:30:25, ETA: 00:00:02
[PROGRESS] INFO: = Downloaded: 14823.16 MiB, Written: 16953.90 MiB
[PROGRESS] INFO:  + Download	- 12.01 MiB/s (raw) / 13.64 MiB/s (decompressed)
[PROGRESS] INFO:  + Disk	- 0.12 MiB/s (write) / 0.00 MiB/s (read)
[PROGRESS] INFO: = Progress: 99.86 17777652320/17802455739, Running for: 00:30:26, ETA: 00:00:02
[PROGRESS] INFO: = Downloaded: 14823.19 MiB, Written: 16954.09 MiB
[PROGRESS] INFO:  + Download	- 15.32 MiB/s (raw) / 17.04 MiB/s (decompressed)
[PROGRESS] INFO:  + Disk	- 0.19 MiB/s (write) / 0.00 MiB/s (read)
[PROGRESS] INFO: = Progress: 99.86 17777759891/17802455739, Running for: 00:30:27, ETA: 00:00:02
[PROGRESS] INFO: = Downloaded: 14823.21 MiB, Written: 16954.19 MiB
[PROGRESS] INFO:  + Download	- 11.53 MiB/s (raw) / 12.51 MiB/s (decompressed)
[PROGRESS] INFO:  + Disk	- 0.08 MiB/s (write) / 0.00 MiB/s (read)
[PROGRESS] INFO: = Progress: 99.86 17777862731/17802455739, Running for: 00:30:28, ETA: 00:00:02
[PROGRESS] INFO: = Downloaded: 14823.23 MiB, Written: 16954.29 MiB
[PROGRESS] INFO:  + Download	- 15.96 MiB/s (raw) / 17.49 MiB/s (decompressed)
[PROGRESS] INFO:  + Disk	- 0.10 MiB/s (write) / 0.00 MiB/s (read)
[PROGRESS] INFO: = Progress: 99.86 17777968393/17802455739, Running for: 00:30:29, ETA: 00:00:02
[PROGRESS] INFO: = Downloaded: 14823.25 MiB, Written: 16954.39 MiB
[PROGRESS] INFO:  + Download	- 15.81 MiB/s (raw) / 17.51 MiB/s (decompressed)
[PROGRESS] INFO:  + Disk	- 0.10 MiB/s (write) / 0.00 MiB/s (read)
[PROGRESS] INFO: = Progress: 99.86 17778066832/17802455739, Running for: 00:30:30, ETA: 00:00:02
[PROGRESS] INFO: = Downloaded: 14823.27 MiB, Written: 16954.49 MiB
[PROGRESS] INFO:  + Download	- 12.56 MiB/s (raw) / 13.65 MiB/s (decompressed)
[PROGRESS] INFO:  + Disk	- 0.09 MiB/s (write) / 0.00 MiB/s (read)
[PROGRESS] INFO: = Progress: 99.86 17778190417/17802455739, Running for: 00:30:31, ETA: 00:00:02
[PROGRESS] INFO: = Downloaded: 14823.30 MiB, Written: 16954.60 MiB
[PROGRESS] INFO:  + Download	- 13.63 MiB/s (raw) / 14.90 MiB/s (decompressed)
[PROGRESS] INFO:  + Disk	- 0.11 MiB/s (write) / 0.00 MiB/s (read)
[PROGRESS] INFO: = Progress: 99.86 17778300552/17802455739, Running for: 00:30:32, ETA: 00:00:02
[PROGRESS] INFO: = Downloaded: 14823.31 MiB, Written: 16954.71 MiB
[PROGRESS] INFO:  + Download	- 13.34 MiB/s (raw) / 14.71 MiB/s (decompressed)
[PROGRESS] INFO:  + Disk	- 0.11 MiB/s (write) / 0.00 MiB/s (read)
[PROGRESS] INFO: = Progress: 99.86 17778381720/17802455739, Running for: 00:30:33, ETA: 00:00:02
[PROGRESS] INFO: = Downloaded: 14823.33 MiB, Written: 16954.79 MiB
[PROGRESS] INFO:  + Download	- 15.55 MiB/s (raw) / 16.84 MiB/s (decompressed)
[PROGRESS] INFO:  + Disk	- 0.08 MiB/s (write) / 0.00 MiB/s (read)
[PROGRESS] INFO: = Progress: 99.87 17778484452/17802455739, Running for: 00:30:34, ETA: 00:00:02
[PROGRESS] INFO: = Downloaded: 14823.35 MiB, Written: 16954.88 MiB
[PROGRESS] INFO:  + Download	- 14.04 MiB/s (raw) / 15.31 MiB/s (decompressed)
[PROGRESS] INFO:  + Disk	- 0.10 MiB/s (write) / 0.00 MiB/s (read)
[PROGRESS] INFO: = Progress: 99.87 17778648144/17802455739, Running for: 00:30:35, ETA: 00:00:02
[PROGRESS] INFO: = Downloaded: 14823.38 MiB, Written: 16955.04 MiB
[PROGRESS] INFO:  + Download	- 15.27 MiB/s (raw) / 16.85 MiB/s (decompressed)
[PROGRESS] INFO:  + Disk	- 0.16 MiB/s (write) / 0.00 MiB/s (read)
[PROGRESS] INFO: = Progress: 99.87 17778771416/17802455739, Running for: 00:30:36, ETA: 00:00:02
[PROGRESS] INFO: = Downloaded: 14823.40 MiB, Written: 16955.16 MiB
[PROGRESS] INFO:  + Download	- 13.37 MiB/s (raw) / 14.74 MiB/s (decompressed)
[PROGRESS] INFO:  + Disk	- 0.12 MiB/s (write) / 0.00 MiB/s (read)
[PROGRESS] INFO: = Progress: 99.87 17778912505/17802455739, Running for: 00:30:37, ETA: 00:00:02
[PROGRESS] INFO: = Downloaded: 14823.42 MiB, Written: 16955.29 MiB
[PROGRESS] INFO:  + Download	- 14.73 MiB/s (raw) / 16.31 MiB/s (decompressed)
[PROGRESS] INFO:  + Disk	- 0.13 MiB/s (write) / 0.00 MiB/s (read)
[PROGRESS] INFO: = Progress: 99.87 17779059170/17802455739, Running for: 00:30:38, ETA: 00:00:02
[PROGRESS] INFO: = Downloaded: 14823.45 MiB, Written: 16955.43 MiB
[PROGRESS] INFO:  + Download	- 14.99 MiB/s (raw) / 16.26 MiB/s (decompressed)
[PROGRESS] INFO:  + Disk	- 0.13 MiB/s (write) / 0.00 MiB/s (read)
[PROGRESS] INFO: = Progress: 99.87 17779142779/17802455739, Running for: 00:30:39, ETA: 00:00:02
[PROGRESS] INFO: = Downloaded: 14823.47 MiB, Written: 16955.51 MiB
[PROGRESS] INFO:  + Download	- 11.16 MiB/s (raw) / 12.23 MiB/s (decompressed)
[PROGRESS] INFO:  + Disk	- 0.07 MiB/s (write) / 0.00 MiB/s (read)
[PROGRESS] INFO: = Progress: 99.87 17779199181/17802455739, Running for: 00:30:40, ETA: 00:00:02
[PROGRESS] INFO: = Downloaded: 14823.48 MiB, Written: 16955.57 MiB
[PROGRESS] INFO:  + Download	- 13.48 MiB/s (raw) / 14.97 MiB/s (decompressed)
[PROGRESS] INFO:  + Disk	- 0.05 MiB/s (write) / 0.00 MiB/s (read)
[PROGRESS] INFO: = Progress: 99.87 17779241928/17802455739, Running for: 00:30:41, ETA: 00:00:02
[PROGRESS] INFO: = Downloaded: 14823.49 MiB, Written: 16955.61 MiB
[PROGRESS] INFO:  + Download	- 14.71 MiB/s (raw) / 16.04 MiB/s (decompressed)
[PROGRESS] INFO:  + Disk	- 0.04 MiB/s (write) / 0.00 MiB/s (read)
[PROGRESS] INFO: = Progress: 99.87 17779369320/17802455739, Running for: 00:30:42, ETA: 00:00:02
[PROGRESS] INFO: = Downloaded: 14823.51 MiB, Written: 16955.73 MiB
[PROGRESS] INFO:  + Download	- 14.91 MiB/s (raw) / 16.33 MiB/s (decompressed)
[PROGRESS] INFO:  + Disk	- 0.12 MiB/s (write) / 0.00 MiB/s (read)
[PROGRESS] INFO: = Progress: 99.87 17779480979/17802455739, Running for: 00:30:43, ETA: 00:00:02
[PROGRESS] INFO: = Downloaded: 14823.53 MiB, Written: 16955.83 MiB
[PROGRESS] INFO:  + Download	- 17.02 MiB/s (raw) / 18.87 MiB/s (decompressed)
[PROGRESS] INFO:  + Disk	- 0.11 MiB/s (write) / 0.00 MiB/s (read)
[PROGRESS] INFO: = Progress: 99.87 17779614864/17802455739, Running for: 00:30:44, ETA: 00:00:02
[PROGRESS] INFO: = Downloaded: 14823.56 MiB, Written: 16955.96 MiB
[PROGRESS] INFO:  + Download	- 11.34 MiB/s (raw) / 12.14 MiB/s (decompressed)
[PROGRESS] INFO:  + Disk	- 0.12 MiB/s (write) / 0.00 MiB/s (read)
[PROGRESS] INFO: = Progress: 99.87 17779687925/17802455739, Running for: 00:30:46, ETA: 00:00:02
[PROGRESS] INFO: = Downloaded: 14823.57 MiB, Written: 16956.03 MiB
[PROGRESS] INFO:  + Download	- 12.46 MiB/s (raw) / 13.90 MiB/s (decompressed)
[PROGRESS] INFO:  + Disk	- 0.06 MiB/s (write) / 0.00 MiB/s (read)
[PROGRESS] INFO: = Progress: 99.87 17779768796/17802455739, Running for: 00:30:47, ETA: 00:00:02
[PROGRESS] INFO: = Downloaded: 14823.59 MiB, Written: 16956.11 MiB
[PROGRESS] INFO:  + Download	- 14.26 MiB/s (raw) / 15.60 MiB/s (decompressed)
[PROGRESS] INFO:  + Disk	- 0.07 MiB/s (write) / 0.00 MiB/s (read)
[PROGRESS] INFO: = Progress: 99.87 17779850034/17802455739, Running for: 00:30:48, ETA: 00:00:02
[PROGRESS] INFO: = Downloaded: 14823.60 MiB, Written: 16956.19 MiB
[PROGRESS] INFO:  + Download	- 14.38 MiB/s (raw) / 15.84 MiB/s (decompressed)
[PROGRESS] INFO:  + Disk	- 0.08 MiB/s (write) / 0.00 MiB/s (read)
[PROGRESS] INFO: = Progress: 99.87 17779923133/17802455739, Running for: 00:30:49, ETA: 00:00:02
[PROGRESS] INFO: = Downloaded: 14823.62 MiB, Written: 16956.26 MiB
[PROGRESS] INFO:  + Download	- 16.21 MiB/s (raw) / 17.66 MiB/s (decompressed)
[PROGRESS] INFO:  + Disk	- 0.08 MiB/s (write) / 0.00 MiB/s (read)
[PROGRESS] INFO: = Progress: 99.87 17780095259/17802455739, Running for: 00:30:50, ETA: 00:00:02
[PROGRESS] INFO: = Downloaded: 14823.64 MiB, Written: 16956.42 MiB
[PROGRESS] INFO:  + Download	- 14.01 MiB/s (raw) / 15.16 MiB/s (decompressed)
[PROGRESS] INFO:  + Disk	- 0.16 MiB/s (write) / 0.00 MiB/s (read)
[PROGRESS] INFO: = Progress: 99.88 17780271898/17802455739, Running for: 00:30:51, ETA: 00:00:02
[PROGRESS] INFO: = Downloaded: 14823.68 MiB, Written: 16956.59 MiB
[PROGRESS] INFO:  + Download	- 14.85 MiB/s (raw) / 16.61 MiB/s (decompressed)
[PROGRESS] INFO:  + Disk	- 0.16 MiB/s (write) / 0.00 MiB/s (read)
[PROGRESS] INFO: = Progress: 99.88 17780502752/17802455739, Running for: 00:30:52, ETA: 00:00:02
[PROGRESS] INFO: = Downloaded: 14823.71 MiB, Written: 16956.81 MiB
[PROGRESS] INFO:  + Download	- 15.20 MiB/s (raw) / 16.87 MiB/s (decompressed)
[PROGRESS] INFO:  + Disk	- 0.22 MiB/s (write) / 0.00 MiB/s (read)
[PROGRESS] INFO: = Progress: 99.88 17780702405/17802455739, Running for: 00:30:53, ETA: 00:00:02
[PROGRESS] INFO: = Downloaded: 14823.73 MiB, Written: 16957.00 MiB
[PROGRESS] INFO:  + Download	- 16.08 MiB/s (raw) / 17.36 MiB/s (decompressed)
[PROGRESS] INFO:  + Disk	- 0.19 MiB/s (write) / 0.00 MiB/s (read)
[PROGRESS] INFO: = Progress: 99.88 17780927493/17802455739, Running for: 00:30:54, ETA: 00:00:02
[PROGRESS] INFO: = Downloaded: 14823.77 MiB, Written: 16957.21 MiB
[PROGRESS] INFO:  + Download	- 13.20 MiB/s (raw) / 14.37 MiB/s (decompressed)
[PROGRESS] INFO:  + Disk	- 0.21 MiB/s (write) / 0.00 MiB/s (read)
[PROGRESS] INFO: = Progress: 99.88 17781165216/17802455739, Running for: 00:30:55, ETA: 00:00:02
[PROGRESS] INFO: = Downloaded: 14823.80 MiB, Written: 16957.44 MiB
[PROGRESS] INFO:  + Download	- 15.15 MiB/s (raw) / 16.30 MiB/s (decompressed)
[PROGRESS] INFO:  + Disk	- 0.22 MiB/s (write) / 0.00 MiB/s (read)
[PROGRESS] INFO: = Progress: 99.88 17781253871/17802455739, Running for: 00:30:56, ETA: 00:00:02
[PROGRESS] INFO: = Downloaded: 14824.30 MiB, Written: 16957.53 MiB
[PROGRESS] INFO:  + Download	- 6.38 MiB/s (raw) / 6.85 MiB/s (decompressed)
[PROGRESS] INFO:  + Disk	- 0.05 MiB/s (write) / 0.00 MiB/s (read)
[PROGRESS] INFO: = Progress: 99.91 17785771388/17802455739, Running for: 00:30:58, ETA: 00:00:01
[PROGRESS] INFO: = Downloaded: 14827.53 MiB, Written: 16961.83 MiB
[PROGRESS] INFO:  + Download	- 23.33 MiB/s (raw) / 25.85 MiB/s (decompressed)
[PROGRESS] INFO:  + Disk	- 7.85 MiB/s (write) / 0.00 MiB/s (read)
[PROGRESS] INFO: = Progress: 99.91 17785817678/17802455739, Running for: 00:30:59, ETA: 00:00:01
[PROGRESS] INFO: = Downloaded: 14827.54 MiB, Written: 16961.88 MiB
[PROGRESS] INFO:  + Download	- 15.44 MiB/s (raw) / 17.29 MiB/s (decompressed)
[PROGRESS] INFO:  + Disk	- 0.05 MiB/s (write) / 0.00 MiB/s (read)
[PROGRESS] INFO: = Progress: 99.91 17785877692/17802455739, Running for: 00:31:00, ETA: 00:00:01
[PROGRESS] INFO: = Downloaded: 14827.55 MiB, Written: 16961.94 MiB
[PROGRESS] INFO:  + Download	- 14.40 MiB/s (raw) / 15.97 MiB/s (decompressed)
[PROGRESS] INFO:  + Disk	- 0.06 MiB/s (write) / 0.00 MiB/s (read)
[PROGRESS] INFO: = Progress: 99.91 17785910648/17802455739, Running for: 00:31:01, ETA: 00:00:01
[PROGRESS] INFO: = Downloaded: 14827.56 MiB, Written: 16961.97 MiB
[PROGRESS] INFO:  + Download	- 15.20 MiB/s (raw) / 16.81 MiB/s (decompressed)
[PROGRESS] INFO:  + Disk	- 0.03 MiB/s (write) / 0.00 MiB/s (read)
[PROGRESS] INFO: = Progress: 99.91 17785955322/17802455739, Running for: 00:31:02, ETA: 00:00:01
[PROGRESS] INFO: = Downloaded: 14827.70 MiB, Written: 16962.01 MiB
[PROGRESS] INFO:  + Download	- 10.96 MiB/s (raw) / 12.04 MiB/s (decompressed)
[PROGRESS] INFO:  + Disk	- 0.04 MiB/s (write) / 0.00 MiB/s (read)
[PROGRESS] INFO: = Progress: 99.92 17788294517/17802455739, Running for: 00:31:03, ETA: 00:00:01
[PROGRESS] INFO: = Downloaded: 14829.12 MiB, Written: 16964.24 MiB
[PROGRESS] INFO:  + Download	- 17.87 MiB/s (raw) / 19.68 MiB/s (decompressed)
[PROGRESS] INFO:  + Disk	- 2.10 MiB/s (write) / 0.01 MiB/s (read)
[PROGRESS] INFO: = Progress: 99.92 17788336874/17802455739, Running for: 00:31:04, ETA: 00:00:01
[PROGRESS] INFO: = Downloaded: 14829.13 MiB, Written: 16964.28 MiB
[PROGRESS] INFO:  + Download	- 15.39 MiB/s (raw) / 17.64 MiB/s (decompressed)
[PROGRESS] INFO:  + Disk	- 0.04 MiB/s (write) / 0.00 MiB/s (read)
[PROGRESS] INFO: = Progress: 99.92 17788367430/17802455739, Running for: 00:31:05, ETA: 00:00:01
[PROGRESS] INFO: = Downloaded: 14829.14 MiB, Written: 16964.31 MiB
[PROGRESS] INFO:  + Download	- 10.15 MiB/s (raw) / 11.09 MiB/s (decompressed)
[PROGRESS] INFO:  + Disk	- 0.02 MiB/s (write) / 0.00 MiB/s (read)
[PROGRESS] INFO: = Progress: 99.92 17788435073/17802455739, Running for: 00:31:06, ETA: 00:00:01
[PROGRESS] INFO: = Downloaded: 14829.15 MiB, Written: 16964.37 MiB
[PROGRESS] INFO:  + Download	- 20.73 MiB/s (raw) / 22.19 MiB/s (decompressed)
[PROGRESS] INFO:  + Disk	- 0.06 MiB/s (write) / 0.00 MiB/s (read)
[PROGRESS] INFO: = Progress: 99.92 17788523755/17802455739, Running for: 00:31:07, ETA: 00:00:01
[PROGRESS] INFO: = Downloaded: 14829.18 MiB, Written: 16964.46 MiB
[PROGRESS] INFO:  + Download	- 13.68 MiB/s (raw) / 15.43 MiB/s (decompressed)
[PROGRESS] INFO:  + Disk	- 0.08 MiB/s (write) / 0.00 MiB/s (read)
[PROGRESS] INFO: = Progress: 99.92 17788626155/17802455739, Running for: 00:31:08, ETA: 00:00:01
[PROGRESS] INFO: = Downloaded: 14829.20 MiB, Written: 16964.56 MiB
[PROGRESS] INFO:  + Download	- 15.45 MiB/s (raw) / 16.87 MiB/s (decompressed)
[PROGRESS] INFO:  + Disk	- 0.10 MiB/s (write) / 0.00 MiB/s (read)
[PROGRESS] INFO: = Progress: 99.92 17788738391/17802455739, Running for: 00:31:09, ETA: 00:00:01
[PROGRESS] INFO: = Downloaded: 14829.22 MiB, Written: 16964.66 MiB
[PROGRESS] INFO:  + Download	- 14.36 MiB/s (raw) / 16.25 MiB/s (decompressed)
[PROGRESS] INFO:  + Disk	- 0.10 MiB/s (write) / 0.00 MiB/s (read)
[PROGRESS] INFO: = Progress: 99.92 17788823669/17802455739, Running for: 00:31:10, ETA: 00:00:01
[PROGRESS] INFO: = Downloaded: 14829.24 MiB, Written: 16964.74 MiB
[PROGRESS] INFO:  + Download	- 12.08 MiB/s (raw) / 13.35 MiB/s (decompressed)
[PROGRESS] INFO:  + Disk	- 0.08 MiB/s (write) / 0.00 MiB/s (read)
[PROGRESS] INFO: = Progress: 99.92 17788857435/17802455739, Running for: 00:31:12, ETA: 00:00:01
[PROGRESS] INFO: = Downloaded: 14829.73 MiB, Written: 16964.78 MiB
[PROGRESS] INFO:  + Download	- 5.30 MiB/s (raw) / 5.89 MiB/s (decompressed)
[PROGRESS] INFO:  + Disk	- 0.02 MiB/s (write) / 0.00 MiB/s (read)
[PROGRESS] INFO: = Progress: 99.97 17797688625/17802455739, Running for: 00:31:13, ETA: 00:00:00
[PROGRESS] INFO: = Downloaded: 14832.69 MiB, Written: 16973.20 MiB
[PROGRESS] INFO:  + Download	- 9.89 MiB/s (raw) / 10.97 MiB/s (decompressed)
[PROGRESS] INFO:  + Disk	- 8.45 MiB/s (write) / 0.06 MiB/s (read)
[PROGRESS] INFO: = Progress: 100.00 17802455739/17802455739, Running for: 00:31:14, ETA: 00:00:00
[PROGRESS] INFO: = Downloaded: 14832.69 MiB, Written: 16977.74 MiB
[PROGRESS] INFO:  + Download	- 10.09 MiB/s (raw) / 11.20 MiB/s (decompressed)
[PROGRESS] INFO:  + Disk	- 4.14 MiB/s (write) / 3.92 MiB/s (read)
[11/08/2024, 22:03:51] GOGDL_CONFIG_PATH=/home/strobelt/.config/heroic/gogdlConfig /opt/Heroic/resources/app.asar.unpacked/build/bin/x64/linux/gogdl --auth-config-path /home/strobelt/.config/heroic/gog_store/auth.json auth
[11/08/2024, 22:03:51] GOGDL_CONFIG_PATH=/home/strobelt/.config/heroic/gogdlConfig /opt/Heroic/resources/app.asar.unpacked/build/bin/x64/linux/gogdl --auth-config-path /home/strobelt/.config/heroic/gog_store/auth.json auth
{"access_token":"<redacted>","expires_in":3600,"token_type":"bearer","scope":"","session_id":"<redacted>","refresh_token":"<redacted>","user_id":"<redacted>","loginTime":1723422666.301182}
[11/08/2024, 22:03:51] GOGDL_CONFIG_PATH=/home/strobelt/.config/heroic/gogdlConfig /opt/Heroic/resources/app.asar.unpacked/build/bin/x64/linux/gogdl --auth-config-path /home/strobelt/.config/heroic/gog_store/auth.json download 1453375253 --platform linux --path /home/strobelt/Games/Heroic --support /home/strobelt/.config/heroic/gogdlConfig/heroic_gogdl/gog-support/1453375253 --skip-dlcs --lang en
[11/08/2024, 22:03:51] GOGDL_CONFIG_PATH=/home/strobelt/.config/heroic/gogdlConfig /opt/Heroic/resources/app.asar.unpacked/build/bin/x64/linux/gogdl --auth-config-path /home/strobelt/.config/heroic/gog_store/auth.json auth
[GENERIC DOWNLOAD_MANAGER] INFO: Platform is Linux, redirecting download to Linux Native installer manager
{"access_token":"<redacted>","expires_in":3600,"token_type":"bearer","scope":"","session_id":"<redacted>","refresh_token":"<redacted>","user_id":"<redacted>","loginTime":1723422666.301182}
[LINUX] INFO: Initialized Linux Download Manager
[API] INFO: Getting info from products endpoint for id: 1453375253
New/changed files 3781
Deleted 0
Total files 3781
(462.4018154144287, 'MB') 484863446
(660.7977075576782, 'MB') 692896617
[PROGRESS] INFO: = Progress: 0.00 0/691935670, Running for: 00:00:00, ETA: 00:00:00
[PROGRESS] INFO: = Downloaded: 0.00 MiB, Written: 0.00 MiB
[PROGRESS] INFO:  + Download	- 0.00 MiB/s (raw) / 0.00 MiB/s (decompressed)
[PROGRESS] INFO:  + Disk	- 0.00 MiB/s (write) / 0.00 MiB/s (read)
[PROGRESS] INFO: = Progress: 0.00 335/691935670, Running for: 00:00:01, ETA: 660:10:15
[PROGRESS] INFO: = Downloaded: 1.42 MiB, Written: 0.80 MiB
[PROGRESS] INFO:  + Download	- 0.03 MiB/s (raw) / 0.03 MiB/s (decompressed)
[PROGRESS] INFO:  + Disk	- 0.71 MiB/s (write) / 0.00 MiB/s (read)
[PROGRESS] INFO: = Progress: 1.17 8084906/691935670, Running for: 00:00:02, ETA: 00:03:02
[PROGRESS] INFO: = Downloaded: 8.14 MiB, Written: 7.71 MiB
[PROGRESS] INFO:  + Download	- 10.57 MiB/s (raw) / 10.57 MiB/s (decompressed)
[PROGRESS] INFO:  + Disk	- 12.69 MiB/s (write) / 5.80 MiB/s (read)
[PROGRESS] INFO: = Progress: 3.26 22577797/691935670, Running for: 00:00:03, ETA: 00:01:33
[PROGRESS] INFO: = Downloaded: 17.19 MiB, Written: 21.53 MiB
[PROGRESS] INFO:  + Download	- 6.52 MiB/s (raw) / 6.52 MiB/s (decompressed)
[PROGRESS] INFO:  + Disk	- 21.13 MiB/s (write) / 9.84 MiB/s (read)
[PROGRESS] INFO: = Progress: 3.55 24552003/691935670, Running for: 00:00:04, ETA: 00:01:53
[PROGRESS] INFO: = Downloaded: 18.95 MiB, Written: 23.41 MiB
[PROGRESS] INFO:  + Download	- 1.76 MiB/s (raw) / 1.76 MiB/s (decompressed)
[PROGRESS] INFO:  + Disk	- 3.39 MiB/s (write) / 1.09 MiB/s (read)
[PROGRESS] INFO: = Progress: 3.85 26667643/691935670, Running for: 00:00:05, ETA: 00:02:10
[PROGRESS] INFO: = Downloaded: 20.95 MiB, Written: 25.43 MiB
[PROGRESS] INFO:  + Download	- 1.91 MiB/s (raw) / 1.91 MiB/s (decompressed)
[PROGRESS] INFO:  + Disk	- 2.21 MiB/s (write) / 1.09 MiB/s (read)
[PROGRESS] INFO: = Progress: 4.16 28817623/691935670, Running for: 00:00:06, ETA: 00:02:23
[PROGRESS] INFO: = Downloaded: 23.02 MiB, Written: 27.48 MiB
[PROGRESS] INFO:  + Download	- 1.99 MiB/s (raw) / 1.99 MiB/s (decompressed)
[PROGRESS] INFO:  + Disk	- 1.64 MiB/s (write) / 0.81 MiB/s (read)
[PROGRESS] INFO: = Progress: 4.22 29215819/691935670, Running for: 00:00:07, ETA: 00:02:45
[PROGRESS] INFO: = Downloaded: 23.37 MiB, Written: 27.86 MiB
[PROGRESS] INFO:  + Download	- 0.36 MiB/s (raw) / 0.36 MiB/s (decompressed)
[PROGRESS] INFO:  + Disk	- 3.19 MiB/s (write) / 1.53 MiB/s (read)
[PROGRESS] INFO: = Progress: 4.28 29611603/691935670, Running for: 00:00:08, ETA: 00:03:05
[PROGRESS] INFO: = Downloaded: 23.78 MiB, Written: 28.24 MiB
[PROGRESS] INFO:  + Download	- 0.38 MiB/s (raw) / 0.38 MiB/s (decompressed)
[PROGRESS] INFO:  + Disk	- 3.27 MiB/s (write) / 1.67 MiB/s (read)
[PROGRESS] INFO: = Progress: 4.31 29845677/691935670, Running for: 00:00:09, ETA: 00:03:26
[PROGRESS] INFO: = Downloaded: 23.99 MiB, Written: 28.46 MiB
[PROGRESS] INFO:  + Download	- 0.23 MiB/s (raw) / 0.23 MiB/s (decompressed)
[PROGRESS] INFO:  + Disk	- 1.48 MiB/s (write) / 0.69 MiB/s (read)
[PROGRESS] INFO: = Progress: 4.36 30174291/691935670, Running for: 00:00:10, ETA: 00:03:46
[PROGRESS] INFO: = Downloaded: 24.29 MiB, Written: 28.78 MiB
[PROGRESS] INFO:  + Download	- 0.30 MiB/s (raw) / 0.30 MiB/s (decompressed)
[PROGRESS] INFO:  + Disk	- 0.41 MiB/s (write) / 0.03 MiB/s (read)
[PROGRESS] INFO: = Progress: 4.41 30504941/691935670, Running for: 00:00:11, ETA: 00:04:06
[PROGRESS] INFO: = Downloaded: 24.60 MiB, Written: 29.09 MiB
[PROGRESS] INFO:  + Download	- 0.31 MiB/s (raw) / 0.31 MiB/s (decompressed)
[PROGRESS] INFO:  + Disk	- 0.39 MiB/s (write) / 0.06 MiB/s (read)
[PROGRESS] INFO: = Progress: 4.41 30536595/691935670, Running for: 00:00:12, ETA: 00:04:27
[PROGRESS] INFO: = Downloaded: 24.63 MiB, Written: 29.12 MiB
[PROGRESS] INFO:  + Download	- 0.03 MiB/s (raw) / 0.03 MiB/s (decompressed)
[PROGRESS] INFO:  + Disk	- 0.32 MiB/s (write) / 0.06 MiB/s (read)
[PROGRESS] INFO: = Progress: 4.42 30566859/691935670, Running for: 00:00:13, ETA: 00:04:50
[PROGRESS] INFO: = Downloaded: 24.66 MiB, Written: 29.15 MiB
[PROGRESS] INFO:  + Download	- 0.03 MiB/s (raw) / 0.03 MiB/s (decompressed)
[PROGRESS] INFO:  + Disk	- 0.26 MiB/s (write) / 0.00 MiB/s (read)
[PROGRESS] INFO: = Progress: 4.42 30600065/691935670, Running for: 00:00:14, ETA: 00:05:12
[PROGRESS] INFO: = Downloaded: 24.69 MiB, Written: 29.18 MiB
[PROGRESS] INFO:  + Download	- 0.03 MiB/s (raw) / 0.03 MiB/s (decompressed)
[PROGRESS] INFO:  + Disk	- 0.35 MiB/s (write) / 0.06 MiB/s (read)
[PROGRESS] INFO: = Progress: 4.43 30630705/691935670, Running for: 00:00:15, ETA: 00:05:33
[PROGRESS] INFO: = Downloaded: 24.72 MiB, Written: 29.21 MiB
[PROGRESS] INFO:  + Download	- 0.03 MiB/s (raw) / 0.03 MiB/s (decompressed)
[PROGRESS] INFO:  + Disk	- 0.03 MiB/s (write) / 0.00 MiB/s (read)
[PROGRESS] INFO: = Progress: 4.43 30662733/691935670, Running for: 00:00:16, ETA: 00:05:55
[PROGRESS] INFO: = Downloaded: 24.75 MiB, Written: 29.24 MiB
[PROGRESS] INFO:  + Download	- 0.03 MiB/s (raw) / 0.03 MiB/s (decompressed)
[PROGRESS] INFO:  + Disk	- 0.03 MiB/s (write) / 0.00 MiB/s (read)
[PROGRESS] INFO: = Progress: 4.44 30691073/691935670, Running for: 00:00:17, ETA: 00:06:17
[PROGRESS] INFO: = Downloaded: 24.78 MiB, Written: 29.27 MiB
[PROGRESS] INFO:  + Download	- 0.03 MiB/s (raw) / 0.03 MiB/s (decompressed)
[PROGRESS] INFO:  + Disk	- 0.03 MiB/s (write) / 0.00 MiB/s (read)
[PROGRESS] INFO: = Progress: 4.45 30792957/691935670, Running for: 00:00:18, ETA: 00:06:38
[PROGRESS] INFO: = Downloaded: 24.88 MiB, Written: 29.37 MiB
[PROGRESS] INFO:  + Download	- 0.09 MiB/s (raw) / 0.09 MiB/s (decompressed)
[PROGRESS] INFO:  + Disk	- 0.03 MiB/s (write) / 0.00 MiB/s (read)
[PROGRESS] INFO: = Progress: 4.50 31152021/691935670, Running for: 00:00:19, ETA: 00:06:54
[PROGRESS] INFO: = Downloaded: 25.24 MiB, Written: 29.71 MiB
[PROGRESS] INFO:  + Download	- 0.37 MiB/s (raw) / 0.37 MiB/s (decompressed)
[PROGRESS] INFO:  + Disk	- 0.03 MiB/s (write) / 0.00 MiB/s (read)
[PROGRESS] INFO: = Progress: 4.55 31465757/691935670, Running for: 00:00:20, ETA: 00:07:11
[PROGRESS] INFO: = Downloaded: 25.52 MiB, Written: 30.01 MiB
[PROGRESS] INFO:  + Download	- 0.27 MiB/s (raw) / 0.27 MiB/s (decompressed)
[PROGRESS] INFO:  + Disk	- 0.03 MiB/s (write) / 0.00 MiB/s (read)
[PROGRESS] INFO: = Progress: 4.57 31616932/691935670, Running for: 00:00:21, ETA: 00:07:30
[PROGRESS] INFO: = Downloaded: 25.66 MiB, Written: 30.15 MiB
[PROGRESS] INFO:  + Download	- 0.15 MiB/s (raw) / 0.15 MiB/s (decompressed)
[PROGRESS] INFO:  + Disk	- 0.08 MiB/s (write) / 0.00 MiB/s (read)
[PROGRESS] INFO: = Progress: 4.63 32043219/691935670, Running for: 00:00:22, ETA: 00:07:46
[PROGRESS] INFO: = Downloaded: 26.06 MiB, Written: 30.56 MiB
[PROGRESS] INFO:  + Download	- 0.37 MiB/s (raw) / 0.37 MiB/s (decompressed)
[PROGRESS] INFO:  + Disk	- 0.43 MiB/s (write) / 0.07 MiB/s (read)
[PROGRESS] INFO: = Progress: 4.64 32118613/691935670, Running for: 00:00:23, ETA: 00:08:07
[PROGRESS] INFO: = Downloaded: 26.13 MiB, Written: 30.63 MiB
[PROGRESS] INFO:  + Download	- 0.07 MiB/s (raw) / 0.07 MiB/s (decompressed)
[PROGRESS] INFO:  + Disk	- 0.25 MiB/s (write) / 0.01 MiB/s (read)
[PROGRESS] INFO: = Progress: 4.67 32323261/691935670, Running for: 00:00:24, ETA: 00:08:25
[PROGRESS] INFO: = Downloaded: 26.33 MiB, Written: 30.83 MiB
[PROGRESS] INFO:  + Download	- 0.19 MiB/s (raw) / 0.19 MiB/s (decompressed)
[PROGRESS] INFO:  + Disk	- 0.16 MiB/s (write) / 0.03 MiB/s (read)
[PROGRESS] INFO: = Progress: 4.70 32523051/691935670, Running for: 00:00:25, ETA: 00:08:43
[PROGRESS] INFO: = Downloaded: 26.52 MiB, Written: 31.02 MiB
[PROGRESS] INFO:  + Download	- 0.18 MiB/s (raw) / 0.18 MiB/s (decompressed)
[PROGRESS] INFO:  + Disk	- 0.70 MiB/s (write) / 0.33 MiB/s (read)
[PROGRESS] INFO: = Progress: 4.73 32729757/691935670, Running for: 00:00:26, ETA: 00:09:01
[PROGRESS] INFO: = Downloaded: 26.72 MiB, Written: 31.21 MiB
[PROGRESS] INFO:  + Download	- 0.18 MiB/s (raw) / 0.18 MiB/s (decompressed)
[PROGRESS] INFO:  + Disk	- 0.08 MiB/s (write) / 0.00 MiB/s (read)
[PROGRESS] INFO: = Progress: 4.76 32932485/691935670, Running for: 00:00:27, ETA: 00:09:18
[PROGRESS] INFO: = Downloaded: 26.92 MiB, Written: 31.41 MiB
[PROGRESS] INFO:  + Download	- 0.20 MiB/s (raw) / 0.20 MiB/s (decompressed)
[PROGRESS] INFO:  + Disk	- 0.10 MiB/s (write) / 0.01 MiB/s (read)
[PROGRESS] INFO: = Progress: 4.78 33104325/691935670, Running for: 00:00:28, ETA: 00:09:35
[PROGRESS] INFO: = Downloaded: 27.07 MiB, Written: 31.57 MiB
[PROGRESS] INFO:  + Download	- 0.16 MiB/s (raw) / 0.16 MiB/s (decompressed)
[PROGRESS] INFO:  + Disk	- 0.19 MiB/s (write) / 0.00 MiB/s (read)
[PROGRESS] INFO: = Progress: 4.82 33319137/691935670, Running for: 00:00:29, ETA: 00:09:52
[PROGRESS] INFO: = Downloaded: 27.28 MiB, Written: 31.78 MiB
[PROGRESS] INFO:  + Download	- 0.20 MiB/s (raw) / 0.20 MiB/s (decompressed)
[PROGRESS] INFO:  + Disk	- 0.21 MiB/s (write) / 0.00 MiB/s (read)
[PROGRESS] INFO: = Progress: 4.84 33520369/691935670, Running for: 00:00:30, ETA: 00:10:08
[PROGRESS] INFO: = Downloaded: 27.47 MiB, Written: 31.97 MiB
[PROGRESS] INFO:  + Download	- 0.19 MiB/s (raw) / 0.19 MiB/s (decompressed)
[PROGRESS] INFO:  + Disk	- 0.21 MiB/s (write) / 0.00 MiB/s (read)
[PROGRESS] INFO: = Progress: 4.87 33730319/691935670, Running for: 00:00:32, ETA: 00:10:24
[PROGRESS] INFO: = Downloaded: 27.67 MiB, Written: 32.17 MiB
[PROGRESS] INFO:  + Download	- 0.19 MiB/s (raw) / 0.19 MiB/s (decompressed)
[PROGRESS] INFO:  + Disk	- 0.19 MiB/s (write) / 0.00 MiB/s (read)
[PROGRESS] INFO: = Progress: 4.91 33952047/691935670, Running for: 00:00:33, ETA: 00:10:41
[PROGRESS] INFO: = Downloaded: 27.88 MiB, Written: 32.38 MiB
[PROGRESS] INFO:  + Download	- 0.19 MiB/s (raw) / 0.19 MiB/s (decompressed)
[PROGRESS] INFO:  + Disk	- 0.17 MiB/s (write) / 0.00 MiB/s (read)
[PROGRESS] INFO: = Progress: 4.94 34151585/691935670, Running for: 00:00:34, ETA: 00:10:57
[PROGRESS] INFO: = Downloaded: 28.07 MiB, Written: 32.57 MiB
[PROGRESS] INFO:  + Download	- 0.20 MiB/s (raw) / 0.20 MiB/s (decompressed)
[PROGRESS] INFO:  + Disk	- 0.20 MiB/s (write) / 0.00 MiB/s (read)
[PROGRESS] INFO: = Progress: 4.97 34360885/691935670, Running for: 00:00:35, ETA: 00:11:13
[PROGRESS] INFO: = Downloaded: 28.27 MiB, Written: 32.77 MiB
[PROGRESS] INFO:  + Download	- 0.19 MiB/s (raw) / 0.19 MiB/s (decompressed)
[PROGRESS] INFO:  + Disk	- 0.19 MiB/s (write) / 0.00 MiB/s (read)
[PROGRESS] INFO: = Progress: 5.00 34566309/691935670, Running for: 00:00:36, ETA: 00:11:28
[PROGRESS] INFO: = Downloaded: 28.47 MiB, Written: 32.97 MiB
[PROGRESS] INFO:  + Download	- 0.19 MiB/s (raw) / 0.19 MiB/s (decompressed)
[PROGRESS] INFO:  + Disk	- 0.22 MiB/s (write) / 0.00 MiB/s (read)
[PROGRESS] INFO: = Progress: 5.01 34660667/691935670, Running for: 00:00:37, ETA: 00:11:46
[PROGRESS] INFO: = Downloaded: 28.56 MiB, Written: 33.05 MiB
[PROGRESS] INFO:  + Download	- 0.08 MiB/s (raw) / 0.08 MiB/s (decompressed)
[PROGRESS] INFO:  + Disk	- 0.18 MiB/s (write) / 0.00 MiB/s (read)
[PROGRESS] INFO: = Progress: 5.10 35309892/691935670, Running for: 00:00:38, ETA: 00:11:51
[PROGRESS] INFO: = Downloaded: 29.17 MiB, Written: 33.67 MiB
[PROGRESS] INFO:  + Download	- 0.61 MiB/s (raw) / 0.61 MiB/s (decompressed)
[PROGRESS] INFO:  + Disk	- 0.18 MiB/s (write) / 0.00 MiB/s (read)
[PROGRESS] INFO: = Progress: 5.17 35802499/691935670, Running for: 00:00:39, ETA: 00:11:59
[PROGRESS] INFO: = Downloaded: 29.62 MiB, Written: 34.14 MiB
[PROGRESS] INFO:  + Download	- 0.46 MiB/s (raw) / 0.46 MiB/s (decompressed)
[PROGRESS] INFO:  + Disk	- 0.19 MiB/s (write) / 0.00 MiB/s (read)
[PROGRESS] INFO: = Progress: 5.20 35975245/691935670, Running for: 00:00:40, ETA: 00:12:14
[PROGRESS] INFO: = Downloaded: 29.79 MiB, Written: 34.31 MiB
[PROGRESS] INFO:  + Download	- 0.16 MiB/s (raw) / 0.16 MiB/s (decompressed)
[PROGRESS] INFO:  + Disk	- 0.16 MiB/s (write) / 0.00 MiB/s (read)
[PROGRESS] INFO: = Progress: 5.44 37641223/691935670, Running for: 00:00:41, ETA: 00:11:58
[PROGRESS] INFO: = Downloaded: 31.50 MiB, Written: 35.90 MiB
[PROGRESS] INFO:  + Download	- 1.64 MiB/s (raw) / 1.64 MiB/s (decompressed)
[PROGRESS] INFO:  + Disk	- 0.09 MiB/s (write) / 0.01 MiB/s (read)
[PROGRESS] INFO: = Progress: 5.69 39375679/691935670, Running for: 00:00:42, ETA: 00:11:41
[PROGRESS] INFO: = Downloaded: 33.09 MiB, Written: 37.55 MiB
[PROGRESS] INFO:  + Download	- 1.53 MiB/s (raw) / 1.53 MiB/s (decompressed)
[PROGRESS] INFO:  + Disk	- 0.91 MiB/s (write) / 0.42 MiB/s (read)
[PROGRESS] INFO: = Progress: 5.98 41357867/691935670, Running for: 00:00:43, ETA: 00:11:22
[PROGRESS] INFO: = Downloaded: 34.88 MiB, Written: 39.44 MiB
[PROGRESS] INFO:  + Download	- 1.71 MiB/s (raw) / 1.71 MiB/s (decompressed)
[PROGRESS] INFO:  + Disk	- 0.85 MiB/s (write) / 0.41 MiB/s (read)
[PROGRESS] INFO: = Progress: 6.12 42380037/691935670, Running for: 00:00:44, ETA: 00:11:21
[PROGRESS] INFO: = Downloaded: 36.50 MiB, Written: 40.42 MiB
[PROGRESS] INFO:  + Download	- 1.51 MiB/s (raw) / 1.51 MiB/s (decompressed)
[PROGRESS] INFO:  + Disk	- 0.07 MiB/s (write) / 0.02 MiB/s (read)
[PROGRESS] INFO: = Progress: 6.39 44193531/691935670, Running for: 00:00:45, ETA: 00:11:06
[PROGRESS] INFO: = Downloaded: 37.68 MiB, Written: 42.15 MiB
[PROGRESS] INFO:  + Download	- 1.18 MiB/s (raw) / 1.18 MiB/s (decompressed)
[PROGRESS] INFO:  + Disk	- 0.10 MiB/s (write) / 0.02 MiB/s (read)
[PROGRESS] INFO: = Progress: 6.62 45835069/691935670, Running for: 00:00:46, ETA: 00:10:55
[PROGRESS] INFO: = Downloaded: 39.12 MiB, Written: 43.71 MiB
[PROGRESS] INFO:  + Download	- 1.41 MiB/s (raw) / 1.41 MiB/s (decompressed)
[PROGRESS] INFO:  + Disk	- 0.46 MiB/s (write) / 0.19 MiB/s (read)
[PROGRESS] INFO: = Progress: 6.93 47922847/691935670, Running for: 00:00:47, ETA: 00:10:38
[PROGRESS] INFO: = Downloaded: 41.09 MiB, Written: 45.70 MiB
[PROGRESS] INFO:  + Download	- 2.00 MiB/s (raw) / 2.00 MiB/s (decompressed)
[PROGRESS] INFO:  + Disk	- 2.18 MiB/s (write) / 0.99 MiB/s (read)
[PROGRESS] INFO: = Progress: 7.18 49695533/691935670, Running for: 00:00:48, ETA: 00:10:28
[PROGRESS] INFO: = Downloaded: 42.76 MiB, Written: 47.39 MiB
[PROGRESS] INFO:  + Download	- 1.51 MiB/s (raw) / 1.51 MiB/s (decompressed)
[PROGRESS] INFO:  + Disk	- 2.33 MiB/s (write) / 1.19 MiB/s (read)
[PROGRESS] INFO: = Progress: 7.42 51328935/691935670, Running for: 00:00:49, ETA: 00:10:19
[PROGRESS] INFO: = Downloaded: 44.46 MiB, Written: 48.95 MiB
[PROGRESS] INFO:  + Download	- 1.64 MiB/s (raw) / 1.64 MiB/s (decompressed)
[PROGRESS] INFO:  + Disk	- 2.39 MiB/s (write) / 1.15 MiB/s (read)
[PROGRESS] INFO: = Progress: 7.60 52601331/691935670, Running for: 00:00:50, ETA: 00:10:15
[PROGRESS] INFO: = Downloaded: 45.56 MiB, Written: 50.16 MiB
[PROGRESS] INFO:  + Download	- 1.06 MiB/s (raw) / 1.06 MiB/s (decompressed)
[PROGRESS] INFO:  + Disk	- 1.72 MiB/s (write) / 0.87 MiB/s (read)
[PROGRESS] INFO: = Progress: 7.64 52879483/691935670, Running for: 00:00:51, ETA: 00:10:24
[PROGRESS] INFO: = Downloaded: 45.99 MiB, Written: 50.43 MiB
[PROGRESS] INFO:  + Download	- 0.48 MiB/s (raw) / 0.48 MiB/s (decompressed)
[PROGRESS] INFO:  + Disk	- 2.41 MiB/s (write) / 1.18 MiB/s (read)
[PROGRESS] INFO: = Progress: 7.73 53467689/691935670, Running for: 00:00:52, ETA: 00:10:28
[PROGRESS] INFO: = Downloaded: 46.32 MiB, Written: 50.99 MiB
[PROGRESS] INFO:  + Download	- 0.36 MiB/s (raw) / 0.36 MiB/s (decompressed)
[PROGRESS] INFO:  + Disk	- 2.87 MiB/s (write) / 1.34 MiB/s (read)
[PROGRESS] INFO: = Progress: 7.97 55153875/691935670, Running for: 00:00:53, ETA: 00:10:19
[PROGRESS] INFO: = Downloaded: 48.21 MiB, Written: 52.60 MiB
[PROGRESS] INFO:  + Download	- 1.82 MiB/s (raw) / 1.82 MiB/s (decompressed)
[PROGRESS] INFO:  + Disk	- 1.91 MiB/s (write) / 0.94 MiB/s (read)
[PROGRESS] INFO: = Progress: 8.08 55919603/691935670, Running for: 00:00:54, ETA: 00:10:22
[PROGRESS] INFO: = Downloaded: 48.64 MiB, Written: 53.33 MiB
[PROGRESS] INFO:  + Download	- 0.42 MiB/s (raw) / 0.42 MiB/s (decompressed)
[PROGRESS] INFO:  + Disk	- 2.58 MiB/s (write) / 1.28 MiB/s (read)
[PROGRESS] INFO: = Progress: 8.11 56100807/691935670, Running for: 00:00:55, ETA: 00:10:31
[PROGRESS] INFO: = Downloaded: 48.81 MiB, Written: 53.50 MiB
[PROGRESS] INFO:  + Download	- 0.17 MiB/s (raw) / 0.17 MiB/s (decompressed)
[PROGRESS] INFO:  + Disk	- 2.44 MiB/s (write) / 1.18 MiB/s (read)
[PROGRESS] INFO: = Progress: 8.11 56117093/691935670, Running for: 00:00:56, ETA: 00:10:43
[PROGRESS] INFO: = Downloaded: 48.83 MiB, Written: 53.52 MiB
[PROGRESS] INFO:  + Download	- 14.05 MiB/s (raw) / 14.05 MiB/s (decompressed)
[PROGRESS] INFO:  + Disk	- 1.98 MiB/s (write) / 0.96 MiB/s (read)
[PROGRESS] INFO: = Progress: 8.11 56117093/691935670, Running for: 00:00:57, ETA: 00:10:54
[PROGRESS] INFO: = Downloaded: 48.83 MiB, Written: 53.52 MiB
[PROGRESS] INFO:  + Download	- 20.90 MiB/s (raw) / 20.90 MiB/s (decompressed)
[PROGRESS] INFO:  + Disk	- 1.05 MiB/s (write) / 0.52 MiB/s (read)
[PROGRESS] INFO: = Progress: 8.11 56117093/691935670, Running for: 00:00:58, ETA: 00:11:06
[PROGRESS] INFO: = Downloaded: 48.83 MiB, Written: 53.52 MiB
[PROGRESS] INFO:  + Download	- 20.71 MiB/s (raw) / 20.71 MiB/s (decompressed)
[PROGRESS] INFO:  + Disk	- 2.51 MiB/s (write) / 1.22 MiB/s (read)
[PROGRESS] INFO: = Progress: 8.11 56117093/691935670, Running for: 00:00:59, ETA: 00:11:18
[PROGRESS] INFO: = Downloaded: 68.83 MiB, Written: 53.52 MiB
[PROGRESS] INFO:  + Download	- 19.33 MiB/s (raw) / 19.33 MiB/s (decompressed)
[PROGRESS] INFO:  + Disk	- 1.46 MiB/s (write) / 0.68 MiB/s (read)
[PROGRESS] INFO: = Progress: 8.11 56117093/691935670, Running for: 00:01:00, ETA: 00:11:30
[PROGRESS] INFO: = Downloaded: 88.83 MiB, Written: 53.52 MiB
[PROGRESS] INFO:  + Download	- 20.42 MiB/s (raw) / 20.42 MiB/s (decompressed)
[PROGRESS] INFO:  + Disk	- 1.64 MiB/s (write) / 0.76 MiB/s (read)
[PROGRESS] INFO: = Progress: 14.17 98060133/691935670, Running for: 00:01:01, ETA: 00:06:15
[PROGRESS] INFO: = Downloaded: 108.83 MiB, Written: 93.52 MiB
[PROGRESS] INFO:  + Download	- 18.74 MiB/s (raw) / 18.74 MiB/s (decompressed)
[PROGRESS] INFO:  + Disk	- 0.76 MiB/s (write) / 0.35 MiB/s (read)
[PROGRESS] INFO: = Progress: 14.17 98060133/691935670, Running for: 00:01:02, ETA: 00:06:21
[PROGRESS] INFO: = Downloaded: 108.83 MiB, Written: 93.52 MiB
[PROGRESS] INFO:  + Download	- 19.46 MiB/s (raw) / 19.46 MiB/s (decompressed)
[PROGRESS] INFO:  + Disk	- 0.32 MiB/s (write) / 0.13 MiB/s (read)
[PROGRESS] INFO: = Progress: 14.17 98060133/691935670, Running for: 00:01:03, ETA: 00:06:27
[PROGRESS] INFO: = Downloaded: 128.83 MiB, Written: 93.52 MiB
[PROGRESS] INFO:  + Download	- 20.05 MiB/s (raw) / 20.05 MiB/s (decompressed)
[PROGRESS] INFO:  + Disk	- 0.39 MiB/s (write) / 0.16 MiB/s (read)
[PROGRESS] INFO: = Progress: 14.17 98060133/691935670, Running for: 00:01:05, ETA: 00:06:34
[PROGRESS] INFO: = Downloaded: 168.83 MiB, Written: 93.52 MiB
[PROGRESS] INFO:  + Download	- 18.24 MiB/s (raw) / 18.24 MiB/s (decompressed)
[PROGRESS] INFO:  + Disk	- 2.18 MiB/s (write) / 1.08 MiB/s (read)
[PROGRESS] INFO: = Progress: 14.17 98060133/691935670, Running for: 00:01:06, ETA: 00:06:40
[PROGRESS] INFO: = Downloaded: 168.83 MiB, Written: 93.52 MiB
[PROGRESS] INFO:  + Download	- 19.56 MiB/s (raw) / 19.56 MiB/s (decompressed)
[PROGRESS] INFO:  + Disk	- 1.89 MiB/s (write) / 0.91 MiB/s (read)
[PROGRESS] INFO: = Progress: 14.17 98060133/691935670, Running for: 00:01:07, ETA: 00:06:46
[PROGRESS] INFO: = Downloaded: 168.83 MiB, Written: 93.52 MiB
[PROGRESS] INFO:  + Download	- 20.31 MiB/s (raw) / 20.31 MiB/s (decompressed)
[PROGRESS] INFO:  + Disk	- 0.19 MiB/s (write) / 0.08 MiB/s (read)
[PROGRESS] INFO: = Progress: 14.17 98060133/691935670, Running for: 00:01:08, ETA: 00:06:52
[PROGRESS] INFO: = Downloaded: 228.83 MiB, Written: 93.52 MiB
[PROGRESS] INFO:  + Download	- 17.37 MiB/s (raw) / 17.37 MiB/s (decompressed)
[PROGRESS] INFO:  + Disk	- 0.11 MiB/s (write) / 0.02 MiB/s (read)
[PROGRESS] INFO: = Progress: 14.17 98060133/691935670, Running for: 00:01:09, ETA: 00:06:59
[PROGRESS] INFO: = Downloaded: 228.83 MiB, Written: 93.52 MiB
[PROGRESS] INFO:  + Download	- 19.04 MiB/s (raw) / 19.04 MiB/s (decompressed)
[PROGRESS] INFO:  + Disk	- 0.15 MiB/s (write) / 0.05 MiB/s (read)
[PROGRESS] INFO: = Progress: 14.17 98060133/691935670, Running for: 00:01:10, ETA: 00:07:05
[PROGRESS] INFO: = Downloaded: 238.14 MiB, Written: 93.52 MiB
[PROGRESS] INFO:  + Download	- 19.71 MiB/s (raw) / 19.71 MiB/s (decompressed)
[PROGRESS] INFO:  + Disk	- 31.08 MiB/s (write) / 0.01 MiB/s (read)
[PROGRESS] INFO: = Progress: 14.17 98060133/691935670, Running for: 00:01:11, ETA: 00:07:12
[PROGRESS] INFO: = Downloaded: 278.15 MiB, Written: 93.52 MiB
[PROGRESS] INFO:  + Download	- 3.90 MiB/s (raw) / 3.90 MiB/s (decompressed)
[PROGRESS] INFO:  + Disk	- 6.94 MiB/s (write) / 0.00 MiB/s (read)
[PROGRESS] INFO: = Progress: 14.17 98060133/691935670, Running for: 00:01:12, ETA: 00:07:18
[PROGRESS] INFO: = Downloaded: 278.49 MiB, Written: 93.52 MiB
[PROGRESS] INFO:  + Download	- 0.50 MiB/s (raw) / 0.50 MiB/s (decompressed)
[PROGRESS] INFO:  + Disk	- 0.00 MiB/s (write) / 0.00 MiB/s (read)
[PROGRESS] INFO: = Progress: 14.17 98060133/691935670, Running for: 00:01:13, ETA: 00:07:24
[PROGRESS] INFO: = Downloaded: 318.62 MiB, Written: 93.52 MiB
[PROGRESS] INFO:  + Download	- 0.50 MiB/s (raw) / 0.50 MiB/s (decompressed)
[PROGRESS] INFO:  + Disk	- 0.00 MiB/s (write) / 0.00 MiB/s (read)
[PROGRESS] INFO: = Progress: 14.17 98060133/691935670, Running for: 00:01:14, ETA: 00:07:30
[PROGRESS] INFO: = Downloaded: 318.97 MiB, Written: 93.52 MiB
[PROGRESS] INFO:  + Download	- 0.50 MiB/s (raw) / 0.50 MiB/s (decompressed)
[PROGRESS] INFO:  + Disk	- 0.00 MiB/s (write) / 0.00 MiB/s (read)
[PROGRESS] INFO: = Progress: 14.17 98060133/691935670, Running for: 00:01:15, ETA: 00:07:36
[PROGRESS] INFO: = Downloaded: 340.16 MiB, Written: 93.52 MiB
[PROGRESS] INFO:  + Download	- 0.50 MiB/s (raw) / 0.50 MiB/s (decompressed)
[PROGRESS] INFO:  + Disk	- 0.00 MiB/s (write) / 0.00 MiB/s (read)
[PROGRESS] INFO: = Progress: 26.30 181946213/691935670, Running for: 00:01:17, ETA: 00:03:35
[PROGRESS] INFO: = Downloaded: 380.49 MiB, Written: 173.52 MiB
[PROGRESS] INFO:  + Download	- 23.35 MiB/s (raw) / 23.35 MiB/s (decompressed)
[PROGRESS] INFO:  + Disk	- 50.00 MiB/s (write) / 0.00 MiB/s (read)
[PROGRESS] INFO: = Progress: 26.30 181946213/691935670, Running for: 00:01:18, ETA: 00:03:38
[PROGRESS] INFO: = Downloaded: 380.49 MiB, Written: 173.52 MiB
[PROGRESS] INFO:  + Download	- 0.00 MiB/s (raw) / 0.00 MiB/s (decompressed)
[PROGRESS] INFO:  + Disk	- 0.00 MiB/s (write) / 0.00 MiB/s (read)
[PROGRESS] INFO: = Progress: 26.30 181946213/691935670, Running for: 00:01:19, ETA: 00:03:41
[PROGRESS] INFO: = Downloaded: 380.49 MiB, Written: 173.52 MiB
[PROGRESS] INFO:  + Download	- 0.50 MiB/s (raw) / 0.50 MiB/s (decompressed)
[PROGRESS] INFO:  + Disk	- 0.00 MiB/s (write) / 0.00 MiB/s (read)
[PROGRESS] INFO: = Progress: 26.30 181946213/691935670, Running for: 00:01:20, ETA: 00:03:44
[PROGRESS] INFO: = Downloaded: 380.49 MiB, Written: 173.52 MiB
[PROGRESS] INFO:  + Download	- 0.50 MiB/s (raw) / 0.50 MiB/s (decompressed)
[PROGRESS] INFO:  + Disk	- 0.00 MiB/s (write) / 0.00 MiB/s (read)
[PROGRESS] INFO: = Progress: 26.30 181946213/691935670, Running for: 00:01:21, ETA: 00:03:47
[PROGRESS] INFO: = Downloaded: 380.49 MiB, Written: 173.52 MiB
[PROGRESS] INFO:  + Download	- 0.50 MiB/s (raw) / 0.50 MiB/s (decompressed)
[PROGRESS] INFO:  + Disk	- 0.00 MiB/s (write) / 0.00 MiB/s (read)
[PROGRESS] INFO: = Progress: 26.30 181946213/691935670, Running for: 00:01:22, ETA: 00:03:49
[PROGRESS] INFO: = Downloaded: 388.50 MiB, Written: 173.52 MiB
[PROGRESS] INFO:  + Download	- 0.50 MiB/s (raw) / 0.50 MiB/s (decompressed)
[PROGRESS] INFO:  + Disk	- 0.00 MiB/s (write) / 0.00 MiB/s (read)
[PROGRESS] INFO: = Progress: 26.30 181946213/691935670, Running for: 00:01:23, ETA: 00:03:52
[PROGRESS] INFO: = Downloaded: 388.50 MiB, Written: 173.52 MiB
[PROGRESS] INFO:  + Download	- 0.50 MiB/s (raw) / 0.50 MiB/s (decompressed)
[PROGRESS] INFO:  + Disk	- 0.00 MiB/s (write) / 0.00 MiB/s (read)
[PROGRESS] INFO: = Progress: 26.30 181946213/691935670, Running for: 00:01:24, ETA: 00:03:55
[PROGRESS] INFO: = Downloaded: 388.50 MiB, Written: 173.52 MiB
[PROGRESS] INFO:  + Download	- 0.50 MiB/s (raw) / 0.50 MiB/s (decompressed)
[PROGRESS] INFO:  + Disk	- 0.00 MiB/s (write) / 0.00 MiB/s (read)
[PROGRESS] INFO: = Progress: 26.30 181946213/691935670, Running for: 00:01:25, ETA: 00:03:58
[PROGRESS] INFO: = Downloaded: 388.50 MiB, Written: 173.52 MiB
[PROGRESS] INFO:  + Download	- 0.00 MiB/s (raw) / 0.00 MiB/s (decompressed)
[PROGRESS] INFO:  + Disk	- 0.00 MiB/s (write) / 0.00 MiB/s (read)
[PROGRESS] INFO: = Progress: 26.30 181946213/691935670, Running for: 00:01:26, ETA: 00:04:01
[PROGRESS] INFO: = Downloaded: 388.50 MiB, Written: 173.52 MiB
[PROGRESS] INFO:  + Download	- 0.50 MiB/s (raw) / 0.50 MiB/s (decompressed)
[PROGRESS] INFO:  + Disk	- 0.00 MiB/s (write) / 0.00 MiB/s (read)
[PROGRESS] INFO: = Progress: 26.30 181946213/691935670, Running for: 00:01:27, ETA: 00:04:03
[PROGRESS] INFO: = Downloaded: 388.50 MiB, Written: 173.52 MiB
[PROGRESS] INFO:  + Download	- 0.50 MiB/s (raw) / 0.50 MiB/s (decompressed)
[PROGRESS] INFO:  + Disk	- 0.00 MiB/s (write) / 0.00 MiB/s (read)
[PROGRESS] INFO: = Progress: 26.30 181946213/691935670, Running for: 00:01:28, ETA: 00:04:06
[PROGRESS] INFO: = Downloaded: 388.50 MiB, Written: 173.52 MiB
[PROGRESS] INFO:  + Download	- 0.50 MiB/s (raw) / 0.50 MiB/s (decompressed)
[PROGRESS] INFO:  + Disk	- 0.00 MiB/s (write) / 0.00 MiB/s (read)
[PROGRESS] INFO: = Progress: 26.30 181946213/691935670, Running for: 00:01:29, ETA: 00:04:09
[PROGRESS] INFO: = Downloaded: 388.50 MiB, Written: 173.52 MiB
[PROGRESS] INFO:  + Download	- 0.50 MiB/s (raw) / 0.50 MiB/s (decompressed)
[PROGRESS] INFO:  + Disk	- 0.00 MiB/s (write) / 0.00 MiB/s (read)
[PROGRESS] INFO: = Progress: 26.30 181946213/691935670, Running for: 00:01:30, ETA: 00:04:12
[PROGRESS] INFO: = Downloaded: 388.50 MiB, Written: 173.52 MiB
[PROGRESS] INFO:  + Download	- 0.50 MiB/s (raw) / 0.50 MiB/s (decompressed)
[PROGRESS] INFO:  + Disk	- 0.00 MiB/s (write) / 0.00 MiB/s (read)
[PROGRESS] INFO: = Progress: 26.30 181946213/691935670, Running for: 00:01:31, ETA: 00:04:15
[PROGRESS] INFO: = Downloaded: 388.50 MiB, Written: 173.52 MiB
[PROGRESS] INFO:  + Download	- 0.03 MiB/s (raw) / 0.03 MiB/s (decompressed)
[PROGRESS] INFO:  + Disk	- 0.00 MiB/s (write) / 0.00 MiB/s (read)
[PROGRESS] INFO: = Progress: 26.30 181946213/691935670, Running for: 00:01:32, ETA: 00:04:18
[PROGRESS] INFO: = Downloaded: 388.50 MiB, Written: 173.52 MiB
[PROGRESS] INFO:  + Download	- 0.50 MiB/s (raw) / 0.50 MiB/s (decompressed)
[PROGRESS] INFO:  + Disk	- 0.00 MiB/s (write) / 0.00 MiB/s (read)
[PROGRESS] INFO: = Progress: 26.30 181946213/691935670, Running for: 00:01:33, ETA: 00:04:20
[PROGRESS] INFO: = Downloaded: 388.50 MiB, Written: 173.52 MiB
[PROGRESS] INFO:  + Download	- 0.50 MiB/s (raw) / 0.50 MiB/s (decompressed)
[PROGRESS] INFO:  + Disk	- 0.00 MiB/s (write) / 0.00 MiB/s (read)
[PROGRESS] INFO: = Progress: 26.30 181946213/691935670, Running for: 00:01:34, ETA: 00:04:23
[PROGRESS] INFO: = Downloaded: 388.50 MiB, Written: 173.52 MiB
[PROGRESS] INFO:  + Download	- 0.50 MiB/s (raw) / 0.50 MiB/s (decompressed)
[PROGRESS] INFO:  + Disk	- 0.00 MiB/s (write) / 0.00 MiB/s (read)
[PROGRESS] INFO: = Progress: 26.30 181946213/691935670, Running for: 00:01:35, ETA: 00:04:26
[PROGRESS] INFO: = Downloaded: 388.50 MiB, Written: 173.52 MiB
[PROGRESS] INFO:  + Download	- 0.50 MiB/s (raw) / 0.50 MiB/s (decompressed)
[PROGRESS] INFO:  + Disk	- 0.00 MiB/s (write) / 0.00 MiB/s (read)
[PROGRESS] INFO: = Progress: 26.30 181946213/691935670, Running for: 00:01:36, ETA: 00:04:29
[PROGRESS] INFO: = Downloaded: 388.50 MiB, Written: 173.52 MiB
[PROGRESS] INFO:  + Download	- 0.50 MiB/s (raw) / 0.50 MiB/s (decompressed)
[PROGRESS] INFO:  + Disk	- 0.00 MiB/s (write) / 0.00 MiB/s (read)
[PROGRESS] INFO: = Progress: 26.30 181946213/691935670, Running for: 00:01:37, ETA: 00:04:32
[PROGRESS] INFO: = Downloaded: 388.50 MiB, Written: 173.52 MiB
[PROGRESS] INFO:  + Download	- 0.50 MiB/s (raw) / 0.50 MiB/s (decompressed)
[PROGRESS] INFO:  + Disk	- 0.00 MiB/s (write) / 0.00 MiB/s (read)
[PROGRESS] INFO: = Progress: 58.01 401426112/691935670, Running for: 00:01:38, ETA: 00:01:11
[PROGRESS] INFO: = Downloaded: 409.04 MiB, Written: 382.83 MiB
[PROGRESS] INFO:  + Download	- 16.15 MiB/s (raw) / 16.15 MiB/s (decompressed)
[PROGRESS] INFO:  + Disk	- 51.17 MiB/s (write) / 0.00 MiB/s (read)
[PROGRESS] INFO: = Progress: 58.01 401426112/691935670, Running for: 00:01:39, ETA: 00:01:12
[PROGRESS] INFO: = Downloaded: 409.04 MiB, Written: 382.83 MiB
[PROGRESS] INFO:  + Download	- 0.00 MiB/s (raw) / 0.00 MiB/s (decompressed)
[PROGRESS] INFO:  + Disk	- 1.00 MiB/s (write) / 0.00 MiB/s (read)
[PROGRESS] INFO: = Progress: 80.56 557412211/691935670, Running for: 00:01:41, ETA: 00:00:24
[PROGRESS] INFO: = Downloaded: 409.52 MiB, Written: 531.59 MiB
[PROGRESS] INFO:  + Download	- 0.44 MiB/s (raw) / 0.44 MiB/s (decompressed)
[PROGRESS] INFO:  + Disk	- 25.50 MiB/s (write) / 0.00 MiB/s (read)
[PROGRESS] INFO: = Progress: 80.59 557657702/691935670, Running for: 00:01:42, ETA: 00:00:24
[PROGRESS] INFO: = Downloaded: 409.76 MiB, Written: 531.82 MiB
[PROGRESS] INFO:  + Download	- 0.23 MiB/s (raw) / 0.23 MiB/s (decompressed)
[PROGRESS] INFO:  + Disk	- 51.81 MiB/s (write) / 0.00 MiB/s (read)
[PROGRESS] INFO: = Progress: 80.63 557893630/691935670, Running for: 00:01:43, ETA: 00:00:24
[PROGRESS] INFO: = Downloaded: 409.98 MiB, Written: 532.05 MiB
[PROGRESS] INFO:  + Download	- 0.21 MiB/s (raw) / 0.21 MiB/s (decompressed)
[PROGRESS] INFO:  + Disk	- 54.87 MiB/s (write) / 17.64 MiB/s (read)
[PROGRESS] INFO: = Progress: 80.66 558114276/691935670, Running for: 00:01:44, ETA: 00:00:24
[PROGRESS] INFO: = Downloaded: 410.19 MiB, Written: 532.26 MiB
[PROGRESS] INFO:  + Download	- 0.20 MiB/s (raw) / 0.20 MiB/s (decompressed)
[PROGRESS] INFO:  + Disk	- 68.90 MiB/s (write) / 51.76 MiB/s (read)
[PROGRESS] INFO: = Progress: 80.68 558244782/691935670, Running for: 00:01:45, ETA: 00:00:25
[PROGRESS] INFO: = Downloaded: 410.36 MiB, Written: 532.38 MiB
[PROGRESS] INFO:  + Download	- 0.17 MiB/s (raw) / 0.17 MiB/s (decompressed)
[PROGRESS] INFO:  + Disk	- 66.84 MiB/s (write) / 49.84 MiB/s (read)
[PROGRESS] INFO: = Progress: 80.71 558461230/691935670, Running for: 00:01:46, ETA: 00:00:25
[PROGRESS] INFO: = Downloaded: 410.53 MiB, Written: 532.59 MiB
[PROGRESS] INFO:  + Download	- 0.16 MiB/s (raw) / 0.16 MiB/s (decompressed)
[PROGRESS] INFO:  + Disk	- 69.24 MiB/s (write) / 51.97 MiB/s (read)
[PROGRESS] INFO: = Progress: 80.73 558625216/691935670, Running for: 00:01:47, ETA: 00:00:25
[PROGRESS] INFO: = Downloaded: 410.67 MiB, Written: 532.75 MiB
[PROGRESS] INFO:  + Download	- 0.15 MiB/s (raw) / 0.15 MiB/s (decompressed)
[PROGRESS] INFO:  + Disk	- 68.59 MiB/s (write) / 48.54 MiB/s (read)
[PROGRESS] INFO: = Progress: 80.76 558800116/691935670, Running for: 00:01:48, ETA: 00:00:25
[PROGRESS] INFO: = Downloaded: 410.86 MiB, Written: 532.91 MiB
[PROGRESS] INFO:  + Download	- 0.18 MiB/s (raw) / 0.18 MiB/s (decompressed)
[PROGRESS] INFO:  + Disk	- 65.79 MiB/s (write) / 50.37 MiB/s (read)
[PROGRESS] INFO: = Progress: 80.79 559014632/691935670, Running for: 00:01:49, ETA: 00:00:25
[PROGRESS] INFO: = Downloaded: 411.04 MiB, Written: 533.12 MiB
[PROGRESS] INFO:  + Download	- 0.18 MiB/s (raw) / 0.18 MiB/s (decompressed)
[PROGRESS] INFO:  + Disk	- 62.40 MiB/s (write) / 49.28 MiB/s (read)
[PROGRESS] INFO: = Progress: 80.82 559189182/691935670, Running for: 00:01:50, ETA: 00:00:26
[PROGRESS] INFO: = Downloaded: 411.23 MiB, Written: 533.28 MiB
[PROGRESS] INFO:  + Download	- 0.19 MiB/s (raw) / 0.19 MiB/s (decompressed)
[PROGRESS] INFO:  + Disk	- 56.08 MiB/s (write) / 22.05 MiB/s (read)
[PROGRESS] INFO: = Progress: 80.85 559448350/691935670, Running for: 00:01:51, ETA: 00:00:26
[PROGRESS] INFO: = Downloaded: 411.46 MiB, Written: 533.53 MiB
[PROGRESS] INFO:  + Download	- 0.22 MiB/s (raw) / 0.22 MiB/s (decompressed)
[PROGRESS] INFO:  + Disk	- 11.20 MiB/s (write) / 8.24 MiB/s (read)
[PROGRESS] INFO: = Progress: 80.88 559656880/691935670, Running for: 00:01:52, ETA: 00:00:26
[PROGRESS] INFO: = Downloaded: 411.66 MiB, Written: 533.73 MiB
[PROGRESS] INFO:  + Download	- 0.19 MiB/s (raw) / 0.19 MiB/s (decompressed)
[PROGRESS] INFO:  + Disk	- 3.40 MiB/s (write) / 1.67 MiB/s (read)
[PROGRESS] INFO: = Progress: 80.91 559831244/691935670, Running for: 00:01:53, ETA: 00:00:26
[PROGRESS] INFO: = Downloaded: 411.83 MiB, Written: 533.90 MiB
[PROGRESS] INFO:  + Download	- 0.17 MiB/s (raw) / 0.17 MiB/s (decompressed)
[PROGRESS] INFO:  + Disk	- 0.32 MiB/s (write) / 0.10 MiB/s (read)
[PROGRESS] INFO: = Progress: 80.94 560046890/691935670, Running for: 00:01:54, ETA: 00:00:26
[PROGRESS] INFO: = Downloaded: 412.04 MiB, Written: 534.10 MiB
[PROGRESS] INFO:  + Download	- 0.20 MiB/s (raw) / 0.20 MiB/s (decompressed)
[PROGRESS] INFO:  + Disk	- 0.24 MiB/s (write) / 0.00 MiB/s (read)
[PROGRESS] INFO: = Progress: 80.98 560319464/691935670, Running for: 00:01:55, ETA: 00:00:27
[PROGRESS] INFO: = Downloaded: 412.29 MiB, Written: 534.36 MiB
[PROGRESS] INFO:  + Download	- 0.25 MiB/s (raw) / 0.25 MiB/s (decompressed)
[PROGRESS] INFO:  + Disk	- 0.25 MiB/s (write) / 0.02 MiB/s (read)
[PROGRESS] INFO: = Progress: 81.02 560617498/691935670, Running for: 00:01:56, ETA: 00:00:27
[PROGRESS] INFO: = Downloaded: 412.57 MiB, Written: 534.65 MiB
[PROGRESS] INFO:  + Download	- 0.28 MiB/s (raw) / 0.28 MiB/s (decompressed)
[PROGRESS] INFO:  + Disk	- 0.19 MiB/s (write) / 0.00 MiB/s (read)
[PROGRESS] INFO: = Progress: 81.06 560852866/691935670, Running for: 00:01:57, ETA: 00:00:27
[PROGRESS] INFO: = Downloaded: 412.80 MiB, Written: 534.87 MiB
[PROGRESS] INFO:  + Download	- 0.22 MiB/s (raw) / 0.22 MiB/s (decompressed)
[PROGRESS] INFO:  + Disk	- 0.15 MiB/s (write) / 0.00 MiB/s (read)
[PROGRESS] INFO: = Progress: 81.36 562980313/691935670, Running for: 00:01:58, ETA: 00:00:27
[PROGRESS] INFO: = Downloaded: 414.20 MiB, Written: 536.90 MiB
[PROGRESS] INFO:  + Download	- 3.38 MiB/s (raw) / 3.38 MiB/s (decompressed)
[PROGRESS] INFO:  + Disk	- 0.14 MiB/s (write) / 0.00 MiB/s (read)
[PROGRESS] INFO: = Progress: 83.76 579575224/691935670, Running for: 00:01:59, ETA: 00:00:23
[PROGRESS] INFO: = Downloaded: 420.63 MiB, Written: 552.73 MiB
[PROGRESS] INFO:  + Download	- 4.73 MiB/s (raw) / 4.73 MiB/s (decompressed)
[PROGRESS] INFO:  + Disk	- 0.12 MiB/s (write) / 0.00 MiB/s (read)
[PROGRESS] INFO: = Progress: 84.38 583825622/691935670, Running for: 00:02:00, ETA: 00:00:22
[PROGRESS] INFO: = Downloaded: 423.64 MiB, Written: 556.78 MiB
[PROGRESS] INFO:  + Download	- 5.37 MiB/s (raw) / 5.37 MiB/s (decompressed)
[PROGRESS] INFO:  + Disk	- 0.08 MiB/s (write) / 0.00 MiB/s (read)
[PROGRESS] INFO: = Progress: 84.38 583825622/691935670, Running for: 00:02:01, ETA: 00:00:22
[PROGRESS] INFO: = Downloaded: 428.16 MiB, Written: 556.78 MiB
[PROGRESS] INFO:  + Download	- 4.51 MiB/s (raw) / 4.51 MiB/s (decompressed)
[PROGRESS] INFO:  + Disk	- 0.12 MiB/s (write) / 0.00 MiB/s (read)
[PROGRESS] INFO: = Progress: 84.38 583825622/691935670, Running for: 00:02:02, ETA: 00:00:22
[PROGRESS] INFO: = Downloaded: 432.18 MiB, Written: 556.78 MiB
[PROGRESS] INFO:  + Download	- 4.70 MiB/s (raw) / 4.70 MiB/s (decompressed)
[PROGRESS] INFO:  + Disk	- 0.04 MiB/s (write) / 0.00 MiB/s (read)
[PROGRESS] INFO: = Progress: 85.92 594498718/691935670, Running for: 00:02:03, ETA: 00:00:20
[PROGRESS] INFO: = Downloaded: 436.53 MiB, Written: 566.96 MiB
[PROGRESS] INFO:  + Download	- 2.32 MiB/s (raw) / 2.32 MiB/s (decompressed)
[PROGRESS] INFO:  + Disk	- 0.04 MiB/s (write) / 0.00 MiB/s (read)
[PROGRESS] INFO: = Progress: 90.99 629621306/691935670, Running for: 00:02:04, ETA: 00:00:12
[PROGRESS] INFO: = Downloaded: 440.64 MiB, Written: 600.45 MiB
[PROGRESS] INFO:  + Download	- 1.10 MiB/s (raw) / 1.10 MiB/s (decompressed)
[PROGRESS] INFO:  + Disk	- 0.05 MiB/s (write) / 0.00 MiB/s (read)
[PROGRESS] INFO: = Progress: 92.19 637879588/691935670, Running for: 00:02:05, ETA: 00:00:10
[PROGRESS] INFO: = Downloaded: 443.71 MiB, Written: 608.33 MiB
[PROGRESS] INFO:  + Download	- 3.07 MiB/s (raw) / 3.07 MiB/s (decompressed)
[PROGRESS] INFO:  + Disk	- 0.14 MiB/s (write) / 0.00 MiB/s (read)
[PROGRESS] INFO: = Progress: 93.78 648914836/691935670, Running for: 00:02:06, ETA: 00:00:08
[PROGRESS] INFO: = Downloaded: 447.63 MiB, Written: 618.85 MiB
[PROGRESS] INFO:  + Download	- 5.36 MiB/s (raw) / 5.36 MiB/s (decompressed)
[PROGRESS] INFO:  + Disk	- 0.14 MiB/s (write) / 0.00 MiB/s (read)
[PROGRESS] INFO: = Progress: 95.36 659810596/691935670, Running for: 00:02:07, ETA: 00:00:06
[PROGRESS] INFO: = Downloaded: 455.43 MiB, Written: 629.24 MiB
[PROGRESS] INFO:  + Download	- 7.25 MiB/s (raw) / 7.25 MiB/s (decompressed)
[PROGRESS] INFO:  + Disk	- 0.16 MiB/s (write) / 0.00 MiB/s (read)
[PROGRESS] INFO: = Progress: 95.36 659810596/691935670, Running for: 00:02:09, ETA: 00:00:06
[PROGRESS] INFO: = Downloaded: 458.31 MiB, Written: 629.24 MiB
[PROGRESS] INFO:  + Download	- 2.71 MiB/s (raw) / 2.71 MiB/s (decompressed)
[PROGRESS] INFO:  + Disk	- 0.08 MiB/s (write) / 0.00 MiB/s (read)
[PROGRESS] INFO: = Progress: 95.36 659810596/691935670, Running for: 00:02:10, ETA: 00:00:06
[PROGRESS] INFO: = Downloaded: 458.31 MiB, Written: 629.24 MiB
[PROGRESS] INFO:  + Download	- 0.00 MiB/s (raw) / 0.00 MiB/s (decompressed)
[PROGRESS] INFO:  + Disk	- 0.00 MiB/s (write) / 0.00 MiB/s (read)
[PROGRESS] INFO: = Progress: 95.36 659810596/691935670, Running for: 00:02:11, ETA: 00:00:06
[PROGRESS] INFO: = Downloaded: 458.31 MiB, Written: 629.24 MiB
[PROGRESS] INFO:  + Download	- 0.88 MiB/s (raw) / 0.88 MiB/s (decompressed)
[PROGRESS] INFO:  + Disk	- 0.01 MiB/s (write) / 0.00 MiB/s (read)
[PROGRESS] INFO: = Progress: 95.36 659810596/691935670, Running for: 00:02:13, ETA: 00:00:06
[PROGRESS] INFO: = Downloaded: 458.31 MiB, Written: 629.24 MiB
[PROGRESS] INFO:  + Download	- 0.28 MiB/s (raw) / 0.28 MiB/s (decompressed)
[PROGRESS] INFO:  + Disk	- 0.00 MiB/s (write) / 0.00 MiB/s (read)
[PROGRESS] INFO: = Progress: 100.00 691935670/691935670, Running for: 00:02:15, ETA: 00:00:00
[PROGRESS] INFO: = Downloaded: 462.40 MiB, Written: 659.88 MiB
[PROGRESS] INFO:  + Download	- 0.43 MiB/s (raw) / 0.43 MiB/s (decompressed)
[PROGRESS] INFO:  + Disk	- 0.01 MiB/s (write) / 0.00 MiB/s (read)
Exception in thread Thread-4:
Traceback (most recent call last):
  File "threading.py", line 980, in _bootstrap_inner
  File "threading.py", line 917, in run
  File "gogdl/dl/progressbar.py", line 44, in loop
  File "multiprocessing/queues.py", line 100, in get
ValueError: Queue <multiprocessing.queues.Queue object at 0x78141a52edc0> is closed
[11/08/2024, 22:06:11] GOGDL_CONFIG_PATH=/home/strobelt/.config/heroic/gogdlConfig /opt/Heroic/resources/app.asar.unpacked/build/bin/x64/linux/gogdl --auth-config-path /home/strobelt/.config/heroic/gog_store/auth.json auth
{"access_token":"<redacted>","expires_in":3600,"token_type":"bearer","scope":"","session_id":"<redacted>","refresh_token":"<redacted>","user_id":"<redacted>","loginTime":1723422666.301182}
[11/08/2024, 22:06:11] GOGDL_CONFIG_PATH=/home/strobelt/.config/heroic/gogdlConfig /opt/Heroic/resources/app.asar.unpacked/build/bin/x64/linux/gogdl --auth-config-path /home/strobelt/.config/heroic/gog_store/auth.json auth
{"access_token":"<redacted>","expires_in":3600,"token_type":"bearer","scope":"","session_id":"<redacted>","refresh_token":"<redacted>","user_id":"<redacted>","loginTime":1723422666.301182}
[11/08/2024, 22:06:32] GOGDL_CONFIG_PATH=/home/strobelt/.config/heroic/gogdlConfig /opt/Heroic/resources/app.asar.unpacked/build/bin/x64/linux/gogdl --auth-config-path /home/strobelt/.config/heroic/gog_store/auth.json auth
{"access_token":"<redacted>","expires_in":3600,"token_type":"bearer","scope":"","session_id":"<redacted>","refresh_token":"<redacted>","user_id":"<redacted>","loginTime":1723422666.301182}
[11/08/2024, 22:09:00] GOGDL_CONFIG_PATH=/home/strobelt/.config/heroic/gogdlConfig /opt/Heroic/resources/app.asar.unpacked/build/bin/x64/linux/gogdl --auth-config-path /home/strobelt/.config/heroic/gog_store/auth.json auth
{"access_token":"<redacted>","expires_in":3600,"token_type":"bearer","scope":"","session_id":"<redacted>","refresh_token":"<redacted>","user_id":"<redacted>","loginTime":1723422666.301182}
[11/08/2024, 22:09:42] GOGDL_CONFIG_PATH=/home/strobelt/.config/heroic/gogdlConfig /opt/Heroic/resources/app.asar.unpacked/build/bin/x64/linux/gogdl --auth-config-path /home/strobelt/.config/heroic/gog_store/auth.json auth
{"access_token":"<redacted>","expires_in":3600,"token_type":"bearer","scope":"","session_id":"<redacted>","refresh_token":"<redacted>","user_id":"<redacted>","loginTime":1723422666.301182}
[11/08/2024, 22:10:50] GOGDL_CONFIG_PATH=/home/strobelt/.config/heroic/gogdlConfig /opt/Heroic/resources/app.asar.unpacked/build/bin/x64/linux/gogdl --auth-config-path /home/strobelt/.config/heroic/gog_store/auth.json auth
